make,model,year,fuel_type,engine_size,avg_consumption
Alfa Romeo,4C,2014,petrol,1.8,7.7
Alfa Romeo,4C,2015,petrol,1.8,8.4
Alfa Romeo,4C,2016,petrol,1.8,8.4
Alfa Romeo,4C,2017,petrol,1.8,8.4
Alfa Romeo,4C Coupe,2018,petrol,1.8,8.4
Alfa Romeo,4C Coupe,2019,petrol,1.8,8.4
Alfa Romeo,4C Spider,2017,petrol,1.8,8.4
Alfa Romeo,4C Spider,2018,petrol,1.8,8.4
Alfa Romeo,4C Spider,2019,petrol,1.8,8.4
Alfa Romeo,4C Spider,2020,petrol,1.8,8.4
Alfa Romeo,Giulia,2017,petrol,2.0,8.7
Alfa Romeo,Giulia,2018,petrol,2.0,8.7
Alfa Romeo,Giulia,2019,petrol,2.0,8.7
Alfa Romeo,Giulia,2020,petrol,2.0,8.7
Alfa Romeo,Giulia,2021,petrol,2.0,8.7
Alfa Romeo,Giulia,2022,petrol,2.0,8.7
Alfa Romeo,Giulia,2023,petrol,2.0,8.7
Alfa Romeo,Giulia,2024,petrol,2.0,8.7
Alfa Romeo,Giulia,2025,petrol,2.0,8.7
Alfa Romeo,Giulia,2026,petrol,2.0,8.7
Alfa Romeo,Giulia AWD,2017,petrol,2.0,9.2
Alfa Romeo,Giulia AWD,2018,petrol,2.0,9.2
Alfa Romeo,Giulia AWD,2019,petrol,2.0,9.2
Alfa Romeo,Giulia AWD,2020,petrol,2.0,9.2
Alfa Romeo,Giulia AWD,2021,petrol,2.0,9.2
Alfa Romeo,Giulia AWD,2022,petrol,2.0,9.2
Alfa Romeo,Giulia AWD,2023,petrol,2.0,9.2
Alfa Romeo,Giulia AWD,2024,petrol,2.0,9.2
Alfa Romeo,Giulia AWD,2025,petrol,2.0,9.2
Alfa Romeo,Giulia AWD,2026,petrol,2.0,9.2
Alfa Romeo,Giulia Quadrifoglio,2017,petrol,2.9,11.9
Alfa Romeo,Giulia Quadrifoglio,2018,petrol,2.9,11.9
Alfa Romeo,Giulia Quadrifoglio,2019,petrol,2.9,11.9
Alfa Romeo,Giulia Quadrifoglio,2020,petrol,2.9,11.6
Alfa Romeo,Giulia Quadrifoglio,2021,petrol,2.9,11.6
Alfa Romeo,Giulia Quadrifoglio,2022,petrol,2.9,11.6
Alfa Romeo,Giulia Quadrifoglio,2023,petrol,2.9,11.6
Alfa Romeo,Giulia Quadrifoglio,2024,petrol,2.9,11.6
Alfa Romeo,Stelvio,2019,petrol,2.0,9.3
Alfa Romeo,Stelvio,2020,petrol,2.0,9.3
Alfa Romeo,Stelvio,2021,petrol,2.0,9.3
Alfa Romeo,Stelvio,2022,petrol,2.0,9.3
Alfa Romeo,Stelvio,2023,petrol,2.0,9.3
Alfa Romeo,Stelvio,2024,petrol,2.0,9.3
Alfa Romeo,Stelvio AWD,2018,petrol,2.0,9.6
Alfa Romeo,Stelvio AWD,2019,petrol,2.0,9.6
Alfa Romeo,Stelvio AWD,2020,petrol,2.0,9.6
Alfa Romeo,Stelvio AWD,2021,petrol,2.0,9.6
Alfa Romeo,Stelvio AWD,2022,petrol,2.0,9.6
Alfa Romeo,Stelvio AWD,2023,petrol,2.0,9.6
Alfa Romeo,Stelvio AWD,2024,petrol,2.0,9.6
Alfa Romeo,Stelvio AWD,2025,petrol,2.0,9.6
Alfa Romeo,Stelvio AWD,2026,petrol,2.0,9.6
Alfa Romeo,Stelvio AWD Quadrifoglio,2019,petrol,2.9,12.4
Alfa Romeo,Stelvio AWD Quadrifoglio,2020,petrol,2.9,12.3
Alfa Romeo,Stelvio AWD Quadrifoglio,2021,petrol,2.9,12.3
Alfa Romeo,Stelvio AWD Quadrifoglio,2022,petrol,2.9,12.3
Alfa Romeo,Stelvio AWD Quadrifoglio,2023,petrol,2.9,12.3
Alfa Romeo,Stelvio AWD Quadrifoglio,2024,petrol,2.9,12.3
Alfa Romeo,Stelvio Quadrifoglio,2018,petrol,2.9,12.4
Alfa Romeo,Tonale AWD,2023,petrol,2.0,9.8
Alfa Romeo,Tonale AWD,2024,petrol,2.0,9.8
Alfa Romeo,Tonale AWD,2025,petrol,2.0,9.9
Alfa Romeo,Tonale AWD,2026,petrol,2.0,10.0
Alfa Romeo,Tonale PHEV,2024,hybrid,1.3,8.1
Alfa Romeo,Tonale PHEV,2025,hybrid,1.3,8.1
Aston Martin,DB11 AMR,2019,petrol,5.2,13.3
Aston Martin,DB11 AMR,2020,petrol,5.2,13.3
Aston Martin,DB11 AMR,2021,petrol,5.2,13.3
Aston Martin,DB11 V12,2017,petrol,5.2,13.7
Aston Martin,DB11 V12,2018,petrol,5.2,13.7
Aston Martin,DB11 V12,2022,petrol,5.2,13.8
Aston Martin,DB11 V12,2023,petrol,5.2,13.8
Aston Martin,DB11 V8,2018,petrol,4.0,11.5
Aston Martin,DB11 V8,2019,petrol,4.0,11.5
Aston Martin,DB11 V8,2020,petrol,4.0,11.5
Aston Martin,DB11 V8,2021,petrol,4.0,11.5
Aston Martin,DB11 V8,2022,petrol,4.0,11.5
Aston Martin,DB11 V8,2023,petrol,4.0,11.5
Aston Martin,DB12,2024,petrol,4.0,13.5
Aston Martin,DB12,2025,petrol,4.0,13.5
Aston Martin,DB12,2026,petrol,4.0,13.5
Aston Martin,DB12 S,2026,petrol,4.0,13.9
Aston Martin,DB9,2009,petrol,5.9,14.95
Aston Martin,DB9,2010,petrol,5.9,14.6
Aston Martin,DB9,2011,petrol,5.9,14.6
Aston Martin,DB9,2012,petrol,5.9,14.6
Aston Martin,DB9,2013,petrol,5.9,13.7
Aston Martin,DB9,2014,petrol,5.9,13.7
Aston Martin,DB9,2015,petrol,5.9,15.6
Aston Martin,DB9 Coupe,2007,petrol,5.9,16.3
Aston Martin,DB9 Coupe,2008,petrol,5.9,16.3
Aston Martin,DB9 GT,2016,petrol,5.9,15.6
Aston Martin,DB9 Volante,2007,petrol,5.9,16.35
Aston Martin,DB9 Volante,2008,petrol,5.9,16.35
Aston Martin,DBS,2010,petrol,5.9,15.4
Aston Martin,DBS,2011,petrol,5.9,15.4
Aston Martin,DBS,2012,petrol,5.9,15.4
Aston Martin,DBS #,2009,petrol,5.9,15.45
Aston Martin,DBS Superleggera,2019,petrol,5.2,13.8
Aston Martin,DBS Superleggera,2020,petrol,5.2,13.8
Aston Martin,DBS Superleggera,2021,petrol,5.2,13.8
Aston Martin,DBS V12,2022,petrol,5.2,13.8
Aston Martin,DBS V12,2023,petrol,5.2,13.8
Aston Martin,DBS V12,2024,petrol,5.2,13.8
Aston Martin,DBX S,2026,petrol,4.0,14.5
Aston Martin,DBX V8,2021,petrol,4.0,15.2
Aston Martin,DBX V8,2022,petrol,4.0,14.6
Aston Martin,DBX V8,2023,petrol,4.0,14.6
Aston Martin,DBX V8,2024,petrol,4.0,14.6
Aston Martin,DBX707,2023,petrol,4.0,14.0
Aston Martin,DBX707,2024,petrol,4.0,14.0
Aston Martin,DBX707,2025,petrol,4.0,14.0
Aston Martin,DBX707,2026,petrol,4.0,14.0
Aston Martin,Rapide,2011,petrol,5.9,13.9
Aston Martin,Rapide,2012,petrol,5.9,13.9
Aston Martin,Rapide,2014,petrol,5.9,13.7
Aston Martin,Rapide AMR,2019,petrol,6.0,14.1
Aston Martin,Rapide S,2015,petrol,6.0,14.2
Aston Martin,Rapide S,2016,petrol,6.0,14.2
Aston Martin,Rapide S,2017,petrol,6.0,14.1
Aston Martin,Rapide S,2018,petrol,6.0,14.1
Aston Martin,V12 Vantage,2011,petrol,5.9,15.9
Aston Martin,V12 Vantage,2012,petrol,5.9,15.9
Aston Martin,V12 Vantage,2023,petrol,5.2,14.3
Aston Martin,V12 Vantage S,2015,petrol,6.0,16.5
Aston Martin,V12 Vantage S,2016,petrol,6.0,16.5
Aston Martin,V12 Vantage S,2017,petrol,6.0,17.8
Aston Martin,V8 Vantage,2007,petrol,4.3,13.85
Aston Martin,V8 Vantage,2008,petrol,4.3,13.85
Aston Martin,V8 Vantage,2009,petrol,4.7,14.05
Aston Martin,V8 Vantage,2010,petrol,4.7,13.65
Aston Martin,V8 Vantage,2011,petrol,4.7,13.25
Aston Martin,V8 Vantage,2012,petrol,4.7,13.25
Aston Martin,V8 Vantage,2013,petrol,4.7,13.3
Aston Martin,V8 Vantage,2014,petrol,4.7,13.3
Aston Martin,V8 Vantage,2015,petrol,4.7,15.1
Aston Martin,V8 Vantage,2016,petrol,4.7,15.1
Aston Martin,V8 Vantage S,2011,petrol,4.7,12.9
Aston Martin,V8 Vantage S,2012,petrol,4.7,12.9
Aston Martin,V8 Vantage S,2013,petrol,4.7,13.3
Aston Martin,V8 Vantage S,2014,petrol,4.7,13.3
Aston Martin,V8 Vantage S,2015,petrol,4.7,15.1
Aston Martin,V8 Vantage S,2016,petrol,4.7,15.1
Aston Martin,Valhalla,2026,hybrid,4.0,15.0
Aston Martin,Valour,2024,petrol,5.2,16.3
Aston Martin,Vanquish,2014,petrol,5.9,13.7
Aston Martin,Vanquish,2015,petrol,6.0,14.8
Aston Martin,Vanquish,2016,petrol,6.0,14.8
Aston Martin,Vanquish,2017,petrol,6.0,14.7
Aston Martin,Vanquish,2018,petrol,6.0,14.7
Aston Martin,Vanquish,2025,petrol,5.2,14.8
Aston Martin,Vanquish Coupe,2026,petrol,5.2,14.8
Aston Martin,Vanquish Volante,2026,petrol,5.2,15.0
Aston Martin,Vanquish Zagato,2019,petrol,6.0,14.7
Aston Martin,Vantage,2025,petrol,4.0,13.1
Aston Martin,Vantage,2026,petrol,4.0,13.1
Aston Martin,Vantage GT,2015,petrol,4.7,15.1
Aston Martin,Vantage GT,2016,petrol,4.7,15.1
Aston Martin,Vantage V8,2019,petrol,4.0,11.2
Aston Martin,Vantage V8,2020,petrol,4.0,12.85
Aston Martin,Vantage V8,2021,petrol,4.0,12.85
Aston Martin,Vantage V8,2022,petrol,4.0,11.5
Aston Martin,Vantage V8,2023,petrol,4.0,11.5
Aston Martin,Virage,2012,petrol,5.9,14.2
Audi,A3,2006,petrol,2.0,8.45
Audi,A3,2007,petrol,2.0,8.4
Audi,A3,2008,petrol,2.0,8.4
Audi,A3,2009,petrol,2.0,8.5
Audi,A3,2010,petrol,2.0,8.5
Audi,A3,2011,petrol,2.0,8.5
Audi,A3,2012,petrol,2.0,8.5
Audi,A3,2013,petrol,2.0,8.5
Audi,A3,2015,petrol,1.8,8.7
Audi,A3,2016,petrol,1.8,8.7
Audi,A3,2017,petrol,2.0,8.0
Audi,A3,2018,petrol,2.0,8.0
Audi,A3,2019,petrol,2.0,8.1
Audi,A3,2020,petrol,2.0,7.8
Audi,A3 40 TFSI quattro,2023,petrol,2.0,7.9
Audi,A3 40 TFSI quattro,2024,petrol,2.0,8.1
Audi,A3 40 TFSI quattro,2025,petrol,2.0,8.5
Audi,A3 40 TFSI quattro,2026,petrol,2.0,8.5
Audi,A3 Cabriolet quattro,2015,petrol,2.0,8.9
Audi,A3 Cabriolet quattro,2016,petrol,2.0,8.9
Audi,A3 Cabriolet quattro,2017,petrol,2.0,9.5
Audi,A3 Cabriolet quattro,2018,petrol,2.0,9.5
Audi,A3 Cabriolet quattro,2019,petrol,2.0,9.5
Audi,A3 Cabriolet quattro,2020,petrol,2.0,9.5
Audi,A3 Sedan 40 TFSI quattro,2022,petrol,2.0,7.6
Audi,A3 TDI (modified),2015,diesel,2.0,6.5
Audi,A3 e-tron,2016,hybrid,1.4,6.8
Audi,A3 e-tron,2017,hybrid,1.4,6.9
Audi,A3 e-tron,2018,hybrid,1.4,6.5
Audi,A3 e-tron ultra,2016,hybrid,1.4,6.1
Audi,A3 quattro,2007,petrol,3.2,9.8
Audi,A3 quattro,2008,petrol,3.2,9.8
Audi,A3 quattro,2009,petrol,2.0,8.6
Audi,A3 quattro,2009,petrol,3.2,9.8
Audi,A3 quattro,2010,petrol,2.0,8.6
Audi,A3 quattro,2011,petrol,2.0,8.6
Audi,A3 quattro,2012,petrol,2.0,8.6
Audi,A3 quattro,2013,petrol,2.0,8.6
Audi,A3 quattro,2015,petrol,2.0,8.6
Audi,A3 quattro,2016,petrol,2.0,8.6
Audi,A3 quattro,2017,petrol,2.0,8.7
Audi,A3 quattro,2018,petrol,2.0,8.7
Audi,A3 quattro,2019,petrol,2.0,9.6
Audi,A3 quattro,2020,petrol,2.0,9.5
Audi,A4,2005,petrol,1.8,9.0
Audi,A4,2006,petrol,2.0,8.4
Audi,A4,2007,petrol,2.0,8.45
Audi,A4,2008,petrol,2.0,8.45
Audi,A4,2010,petrol,2.0,7.8
Audi,A4,2011,petrol,2.0,7.8
Audi,A4,2012,petrol,2.0,7.8
Audi,A4,2013,petrol,2.0,7.5
Audi,A4,2014,petrol,2.0,7.5
Audi,A4,2015,petrol,2.0,8.9
Audi,A4,2016,petrol,2.0,8.9
Audi,A4,2018,petrol,2.0,7.6
Audi,A4,2019,petrol,2.0,7.8
Audi,A4 45 TFSI quattro,2024,petrol,2.0,8.8
Audi,A4 45 TFSI quattro,2025,petrol,2.0,8.8
Audi,A4 Avant,2005,petrol,1.8,8.9
Audi,A4 Avant,2011,petrol,2.0,8.7
Audi,A4 Avant,2012,petrol,2.0,8.7
Audi,A4 Avant quattro,2005,petrol,1.8,9.55
Audi,A4 Avant quattro,2005,petrol,3.0,10.8
Audi,A4 Avant quattro,2005,petrol,3.1,10.6
Audi,A4 Avant quattro,2006,petrol,2.0,9.1
Audi,A4 Avant quattro,2006,petrol,3.1,10.4
Audi,A4 Avant quattro,2007,petrol,2.0,9.1
Audi,A4 Avant quattro,2007,petrol,3.1,10.7
Audi,A4 Avant quattro,2008,petrol,2.0,9.1
Audi,A4 Avant quattro,2008,petrol,3.1,10.7
Audi,A4 Avant quattro,2009,petrol,2.0,8.9
Audi,A4 Avant quattro,2010,petrol,2.0,8.9
Audi,A4 Cabriolet,2005,petrol,1.8,8.9
Audi,A4 Cabriolet,2005,petrol,3.0,9.6
Audi,A4 Cabriolet,2007,petrol,2.0,8.4
Audi,A4 Cabriolet,2007,petrol,3.1,10.5
Audi,A4 Cabriolet,2008,petrol,2.0,8.4
Audi,A4 Cabriolet,2009,petrol,2.0,7.8
Audi,A4 Cabriolet quattro,2005,petrol,3.0,10.8
Audi,A4 Cabriolet quattro,2006,petrol,3.0,11.1
Audi,A4 Cabriolet quattro,2008,petrol,2.0,9.2
Audi,A4 Cabriolet quattro,2008,petrol,3.1,10.5
Audi,A4 Cabriolet quattro,2009,petrol,2.0,8.9
Audi,A4 Cabriolet quattro,2009,petrol,3.1,10.3
Audi,A4 Sedan 40 TFSI quattro,2021,petrol,2.0,8.3
Audi,A4 Sedan 40 TFSI quattro,2022,petrol,2.0,8.2
Audi,A4 Sedan 45 TFSI quattro,2021,petrol,2.0,8.8
Audi,A4 Sedan 45 TFSI quattro,2022,petrol,2.0,8.8
Audi,A4 Sedan 45 TFSI quattro,2023,petrol,2.0,8.7
Audi,A4 Ultra,2017,petrol,2.0,7.6
Audi,A4 allroad 45 TFSI quattro,2021,petrol,2.0,8.9
Audi,A4 allroad 45 TFSI quattro,2022,petrol,2.0,8.9
Audi,A4 allroad 45 TFSI quattro,2023,petrol,2.0,9.1
Audi,A4 allroad 45 TFSI quattro,2024,petrol,2.0,9.2
Audi,A4 allroad 45 TFSI quattro,2025,petrol,2.0,9.2
Audi,A4 allroad quattro,2015,petrol,2.0,9.9
Audi,A4 allroad quattro,2016,petrol,2.0,9.9
Audi,A4 allroad quattro,2017,petrol,2.0,9.3
Audi,A4 allroad quattro,2018,petrol,2.0,9.3
Audi,A4 allroad quattro,2019,petrol,2.0,9.5
Audi,A4 allroad quattro,2020,petrol,2.0,8.8
Audi,A4 quattro,2005,petrol,1.8,9.6
Audi,A4 quattro,2005,petrol,3.0,10.8
Audi,A4 quattro,2005,petrol,3.1,10.6
Audi,A4 quattro,2006,petrol,2.0,9.1
Audi,A4 quattro,2006,petrol,3.1,10.4
Audi,A4 quattro,2007,petrol,2.0,9.1
Audi,A4 quattro,2007,petrol,3.1,10.7
Audi,A4 quattro,2008,petrol,2.0,9.1
Audi,A4 quattro,2008,petrol,3.1,10.7
Audi,A4 quattro,2009,petrol,2.0,8.9
Audi,A4 quattro,2009,petrol,3.2,10.1
Audi,A4 quattro,2010,petrol,2.0,8.5
Audi,A4 quattro,2011,petrol,2.0,8.4
Audi,A4 quattro,2012,petrol,2.0,8.4
Audi,A4 quattro,2013,petrol,2.0,8.35
Audi,A4 quattro,2014,petrol,2.0,8.3
Audi,A4 quattro,2015,petrol,2.0,9.35
Audi,A4 quattro,2016,petrol,2.0,9.35
Audi,A4 quattro,2017,petrol,2.0,8.7
Audi,A4 quattro,2018,petrol,2.0,8.7
Audi,A4 quattro,2019,petrol,2.0,8.7
Audi,A4 quattro,2020,petrol,2.0,8.8
Audi,A5 Cabriolet,2011,petrol,2.0,8.7
Audi,A5 Cabriolet,2012,petrol,2.0,8.7
Audi,A5 Cabriolet 45 TFSI quattro,2021,petrol,2.0,9.1
Audi,A5 Cabriolet 45 TFSI quattro,2022,petrol,2.0,9.1
Audi,A5 Cabriolet 45 TFSI quattro,2023,petrol,2.0,8.9
Audi,A5 Cabriolet 45 TFSI quattro,2024,petrol,2.0,8.6
Audi,A5 Cabriolet quattro,2010,petrol,2.0,8.9
Audi,A5 Cabriolet quattro,2013,petrol,2.0,8.6
Audi,A5 Cabriolet quattro,2014,petrol,2.0,8.6
Audi,A5 Cabriolet quattro,2015,petrol,2.0,9.8
Audi,A5 Cabriolet quattro,2016,petrol,2.0,9.8
Audi,A5 Cabriolet quattro,2017,petrol,2.0,9.9
Audi,A5 Cabriolet quattro,2018,petrol,2.0,8.7
Audi,A5 Cabriolet quattro,2019,petrol,2.0,8.7
Audi,A5 Cabriolet quattro,2020,petrol,2.0,8.8
Audi,A5 Coup  45 TFSI quattro,2023,petrol,2.0,8.7
Audi,A5 Coup  45 TFSI quattro,2024,petrol,2.0,8.8
Audi,A5 Coupe,2010,petrol,2.0,8.5
Audi,A5 Coupe,2010,petrol,3.2,9.8
Audi,A5 Coupe,2011,petrol,2.0,8.4
Audi,A5 Coupe,2012,petrol,2.0,8.4
Audi,A5 Coupe 45 TFSI quattro,2021,petrol,2.0,8.8
Audi,A5 Coupe 45 TFSI quattro,2022,petrol,2.0,8.8
Audi,A5 Coupé 45 TFSI quattro,2025,petrol,2.0,8.8
Audi,A5 Sedan quattro,2025,petrol,2.0,9.2
Audi,A5 Sportback 45 TFSI quattro,2021,petrol,2.0,8.8
Audi,A5 Sportback 45 TFSI quattro,2022,petrol,2.0,8.8
Audi,A5 Sportback 45 TFSI quattro,2023,petrol,2.0,8.7
Audi,A5 Sportback 45 TFSI quattro,2024,petrol,2.0,8.8
Audi,A5 Sportback 45 TFSI quattro,2025,petrol,2.0,8.8
Audi,A5 Sportback quattro,2018,petrol,2.0,8.7
Audi,A5 Sportback quattro,2019,petrol,2.0,8.7
Audi,A5 Sportback quattro,2020,petrol,2.0,8.8
Audi,A5 TFSI quattro,2026,petrol,2.0,9.1
Audi,A5 quattro,2008,petrol,3.2,10.0
Audi,A5 quattro,2009,petrol,3.2,10.3
Audi,A5 quattro,2013,petrol,2.0,8.35
Audi,A5 quattro,2014,petrol,2.0,8.3
Audi,A5 quattro,2015,petrol,2.0,9.35
Audi,A5 quattro,2016,petrol,2.0,9.35
Audi,A5 quattro,2017,petrol,2.0,9.35
Audi,A5 quattro,2018,petrol,2.0,8.7
Audi,A5 quattro,2019,petrol,2.0,8.7
Audi,A5 quattro,2020,petrol,2.0,8.8
Audi,A6,2010,petrol,3.2,9.5
Audi,A6,2011,petrol,3.0,10.2
Audi,A6,2011,petrol,4.2,11.0
Audi,A6,2012,petrol,3.0,9.5
Audi,A6 45 TFSI quattro,2023,petrol,2.0,8.9
Audi,A6 45 TFSI quattro,2024,petrol,2.0,9.0
Audi,A6 45 TFSI quattro,2025,petrol,2.0,8.9
Audi,A6 55 TFSI quattro,2023,petrol,3.0,9.6
Audi,A6 55 TFSI quattro,2024,petrol,3.0,9.6
Audi,A6 55 TFSI quattro,2025,petrol,3.0,9.6
Audi,A6 55 TFSI quattro,2026,petrol,3.0,10.2
Audi,A6 60 e-tron,2025,electric,,19.7
Audi,A6 60 e-tron ultra,2025,electric,,17.4
Audi,A6 Avant,2011,petrol,3.0,10.2
Audi,A6 Avant quattro,2005,petrol,3.1,11.3
Audi,A6 Avant quattro,2006,petrol,3.1,10.8
Audi,A6 Avant quattro,2007,petrol,3.1,10.5
Audi,A6 Avant quattro,2008,petrol,3.1,10.5
Audi,A6 Avant quattro,2010,petrol,3.0,10.2
Audi,A6 Sedan 45 TFSI quattro,2021,petrol,2.0,9.2
Audi,A6 Sedan 45 TFSI quattro,2022,petrol,2.0,8.9
Audi,A6 Sedan 55 TFSI quattro,2021,petrol,3.0,9.7
Audi,A6 Sedan 55 TFSI quattro,2022,petrol,3.0,9.6
Audi,A6 allroad,2020,petrol,3.0,10.6
Audi,A6 allroad 55 TFSI quattro,2021,petrol,3.0,10.6
Audi,A6 allroad 55 TFSI quattro,2022,petrol,3.0,10.0
Audi,A6 allroad 55 TFSI quattro,2023,petrol,3.0,9.6
Audi,A6 allroad 55 TFSI quattro,2024,petrol,3.0,9.6
Audi,A6 allroad 55 TFSI quattro,2025,petrol,3.0,9.6
Audi,A6 allroad 55 TFSI quattro,2026,petrol,3.0,10.0
Audi,A6 quattro,2005,petrol,3.1,10.6
Audi,A6 quattro,2005,petrol,4.2,11.7
Audi,A6 quattro,2006,petrol,3.1,10.4
Audi,A6 quattro,2006,petrol,4.2,11.7
Audi,A6 quattro,2007,petrol,3.1,10.3
Audi,A6 quattro,2007,petrol,4.2,11.2
Audi,A6 quattro,2008,petrol,3.1,10.3
Audi,A6 quattro,2008,petrol,4.2,11.2
Audi,A6 quattro,2009,petrol,4.2,11.2
Audi,A6 quattro,2010,petrol,3.0,10.2
Audi,A6 quattro,2010,petrol,4.2,11.1
Audi,A6 quattro,2013,petrol,2.0,8.9
Audi,A6 quattro,2013,petrol,3.0,9.5
Audi,A6 quattro,2014,petrol,2.0,8.9
Audi,A6 quattro,2014,petrol,3.0,9.5
Audi,A6 quattro,2015,petrol,2.0,10.3
Audi,A6 quattro,2015,petrol,3.0,10.9
Audi,A6 quattro,2016,petrol,2.0,9.2
Audi,A6 quattro,2016,petrol,3.0,9.9
Audi,A6 quattro,2017,petrol,2.0,9.4
Audi,A6 quattro,2017,petrol,3.0,10.0
Audi,A6 quattro,2018,petrol,2.0,9.2
Audi,A6 quattro,2018,petrol,3.0,10.0
Audi,A6 quattro,2019,petrol,3.0,9.6
Audi,A6 quattro,2020,petrol,2.0,8.7
Audi,A6 quattro,2020,petrol,3.0,9.7
Audi,A6 quattro TDI (modified),2015,diesel,3.0,8.1
Audi,A6 quattro TDI (modified),2016,diesel,3.0,7.8
Audi,A7,2012,petrol,3.0,9.6
Audi,A7 Sportback,2025,petrol,3.0,9.6
Audi,A7 Sportback 55 TFSI e quattro,2021,hybrid,2.0,8.1
Audi,A7 Sportback 55 TFSI e quattro,2022,hybrid,2.0,8.6
Audi,A7 Sportback 55 TFSI quattro,2021,petrol,3.0,9.7
Audi,A7 Sportback 55 TFSI quattro,2022,petrol,3.0,9.6
Audi,A7 Sportback 55 TFSI quattro,2023,petrol,3.0,9.6
Audi,A7 Sportback 55 TFSI quattro,2024,petrol,3.0,9.6
Audi,A7 quattro,2013,petrol,3.0,9.5
Audi,A7 quattro,2015,petrol,3.0,11.0
Audi,A7 quattro,2016,petrol,3.0,9.9
Audi,A7 quattro,2017,petrol,3.0,10.0
Audi,A7 quattro,2018,petrol,3.0,10.0
Audi,A7 quattro,2019,petrol,3.0,9.6
Audi,A7 quattro,2020,petrol,3.0,9.7
Audi,A7 quattro TDI (modified),2015,diesel,3.0,8.1
Audi,A7 quattro TDI (modified),2016,diesel,3.0,7.8
Audi,A8,2005,petrol,4.2,11.4
Audi,A8,2006,petrol,4.2,11.4
Audi,A8,2007,petrol,4.2,11.2
Audi,A8,2008,petrol,4.2,11.2
Audi,A8,2009,petrol,4.2,11.2
Audi,A8,2010,petrol,4.2,11.1
Audi,A8,2011,petrol,4.2,10.4
Audi,A8,2012,petrol,4.2,10.2
Audi,A8,2013,petrol,3.0,9.8
Audi,A8,2014,petrol,3.0,9.7
Audi,A8,2015,petrol,3.0,10.5
Audi,A8,2015,petrol,4.0,10.7
Audi,A8,2017,petrol,3.0,10.5
Audi,A8,2017,petrol,4.0,10.7
Audi,A8,2018,petrol,3.0,10.5
Audi,A8,2018,petrol,4.0,12.4
Audi,A8 L,2007,petrol,4.2,11.2
Audi,A8 L,2007,petrol,6.0,13.7
Audi,A8 L,2010,petrol,4.2,11.1
Audi,A8 L 55 TFSI quattro,2024,petrol,3.0,10.6
Audi,A8 L Sedan 55 TFSI quattro,2021,petrol,3.0,11.5
Audi,A8 L Sedan 55 TFSI quattro,2022,petrol,3.0,10.6
Audi,A8 L Sedan 55 TFSI quattro,2023,petrol,3.0,10.6
Audi,A8 L Sedan 60 TFSI e quattro,2021,hybrid,3.0,10.3
Audi,A8 L Sedan 60 TFSI quattro,2021,petrol,4.0,13.2
Audi,A8 TDI (modified),2015,diesel,3.0,8.4
Audi,A8 quattro,2016,petrol,3.0,10.5
Audi,A8 quattro,2016,petrol,4.0,10.7
Audi,A8 quattro,2025,petrol,3.0,10.9
Audi,A8 quattro TDI (modified),2016,diesel,3.0,8.4
Audi,A8L,2005,petrol,4.2,11.4
Audi,A8L,2005,petrol,6.0,13.6
Audi,A8L,2006,petrol,4.2,11.4
Audi,A8L,2006,petrol,6.0,13.6
Audi,A8L,2008,petrol,4.2,11.2
Audi,A8L,2008,petrol,6.0,13.7
Audi,A8L,2009,petrol,4.2,11.2
Audi,A8L,2009,petrol,6.0,13.7
Audi,A8L,2011,petrol,4.2,10.4
Audi,A8L,2012,petrol,4.2,10.2
Audi,A8L,2012,petrol,6.3,13.0
Audi,A8L,2013,petrol,3.0,10.2
Audi,A8L,2013,petrol,4.0,10.9
Audi,A8L,2014,petrol,3.0,9.7
Audi,A8L,2014,petrol,4.0,10.9
Audi,A8L,2015,petrol,3.0,10.5
Audi,A8L,2015,petrol,4.0,11.0
Audi,A8L,2015,petrol,6.3,14.6
Audi,A8L,2017,petrol,4.0,10.9
Audi,A8L,2018,petrol,4.0,12.4
Audi,A8L,2019,petrol,3.0,10.8
Audi,A8L,2020,petrol,3.0,11.5
Audi,A8L,2020,petrol,4.0,13.2
Audi,A8L TDI (modified),2015,diesel,3.0,8.4
Audi,A8L quattro,2016,petrol,4.0,10.9
Audi,A8L quattro,2016,petrol,6.3,14.6
Audi,All-new Q5 Sportback TFSI quattro,2025,petrol,2.0,9.9
Audi,All-new Q5 TFSI quattro,2025,petrol,2.0,9.9
Audi,All-new SQ5 Sportback quattro,2025,petrol,3.0,10.7
Audi,All-new SQ5 quattro,2025,petrol,3.0,10.7
Audi,Q3,2015,petrol,2.0,10.3
Audi,Q3,2016,petrol,2.0,10.3
Audi,Q3,2017,petrol,2.0,10.3
Audi,Q3,2018,petrol,2.0,10.1
Audi,Q3 40 TFSI quattro,2021,petrol,2.0,9.3
Audi,Q3 40 TFSI quattro,2022,petrol,2.0,9.2
Audi,Q3 40 TFSI quattro,2023,petrol,2.0,9.6
Audi,Q3 40 TFSI quattro,2024,petrol,2.0,9.5
Audi,Q3 40 TFSI quattro,2025,petrol,2.0,9.5
Audi,Q3 45 TFSI quattro,2021,petrol,2.0,10.2
Audi,Q3 45 TFSI quattro,2022,petrol,2.0,10.0
Audi,Q3 45 TFSI quattro,2023,petrol,2.0,10.0
Audi,Q3 45 TFSI quattro,2024,petrol,2.0,10.2
Audi,Q3 45 TFSI quattro,2025,petrol,2.0,10.2
Audi,Q3 TFSI quattro,2026,petrol,2.0,9.6
Audi,Q3 quattro,2015,petrol,2.0,10.3
Audi,Q3 quattro,2016,petrol,2.0,10.3
Audi,Q3 quattro,2017,petrol,2.0,10.3
Audi,Q3 quattro,2018,petrol,2.0,10.3
Audi,Q3 quattro,2019,petrol,2.0,10.6
Audi,Q3 quattro,2020,petrol,2.0,10.6
Audi,Q4 45 e-tron,2024,electric,,18.3
Audi,Q4 45 e-tron,2025,electric,,18.3
Audi,Q4 45 e-tron,2026,electric,,18.3
Audi,Q4 50 e-tron,2024,electric,,22.6
Audi,Q4 50 e-tron Sportback quattro,2022,electric,,22.1
Audi,Q4 50 e-tron quattro,2022,electric,,22.1
Audi,Q4 50 e-tron quattro,2023,electric,,22.6
Audi,Q4 55 e-tron,2024,electric,,21.0
Audi,Q4 55 e-tron quattro,2025,electric,,21.0
Audi,Q4 55 e-tron quattro,2026,electric,,21.5
Audi,Q4 Sportback 50 e-tron,2024,electric,,22.1
Audi,Q4 Sportback 50 e-tron quattro,2023,electric,,22.1
Audi,Q4 Sportback 55 e-tron,2024,electric,,21.0
Audi,Q4 Sportback 55 e-tron quattro,2025,electric,,21.0
Audi,Q4 Sportback 55 e-tron quattro,2026,electric,,21.5
Audi,Q5,2010,petrol,3.2,10.4
Audi,Q5,2011,petrol,2.0,9.3
Audi,Q5,2011,petrol,3.2,10.4
Audi,Q5,2012,petrol,2.0,9.3
Audi,Q5,2012,petrol,3.2,10.4
Audi,Q5,2013,petrol,2.0,9.0
Audi,Q5,2014,petrol,2.0,9.0
Audi,Q5,2014,petrol,3.0,9.8
Audi,Q5,2015,petrol,2.0,10.4
Audi,Q5,2015,petrol,3.0,11.4
Audi,Q5,2017,petrol,2.0,10.5
Audi,Q5,2017,petrol,3.0,11.4
Audi,Q5,2018,petrol,2.0,9.6
Audi,Q5,2019,petrol,2.0,9.9
Audi,Q5,2020,petrol,2.0,9.7
Audi,Q5 40 TFSI quattro,2022,petrol,2.0,9.3
Audi,Q5 40 TFSI quattro,2023,petrol,2.0,9.3
Audi,Q5 40 TFSI quattro,2024,petrol,2.0,9.2
Audi,Q5 40 TFSI quattro,2025,petrol,2.0,9.2
Audi,Q5 45 TFSI quattro,2021,petrol,2.0,9.3
Audi,Q5 45 TFSI quattro,2022,petrol,2.0,9.4
Audi,Q5 45 TFSI quattro,2023,petrol,2.0,9.5
Audi,Q5 45 TFSI quattro,2024,petrol,2.0,9.9
Audi,Q5 45 TFSI quattro,2025,petrol,2.0,9.6
Audi,Q5 55 TFSI e quattro,2021,hybrid,2.0,8.8
Audi,Q5 55 TFSI e quattro,2022,hybrid,2.0,9.1
Audi,Q5 55 TFSI e quattro,2023,hybrid,2.0,9.0
Audi,Q5 55 TFSI e quattro,2024,hybrid,2.0,9.1
Audi,Q5 55 TFSI e quattro,2025,hybrid,2.0,9.1
Audi,Q5 Hybrid,2013,hybrid,2.0,7.8
Audi,Q5 Hybrid,2014,hybrid,2.0,7.8
Audi,Q5 Hybrid,2015,hybrid,2.0,8.9
Audi,Q5 Hybrid quattro,2016,hybrid,2.0,8.9
Audi,Q5 Sportback 45 TFSI quattro,2021,petrol,2.0,9.3
Audi,Q5 Sportback 45 TFSI quattro,2022,petrol,2.0,9.4
Audi,Q5 Sportback 45 TFSI quattro,2023,petrol,2.0,9.5
Audi,Q5 Sportback 45 TFSI quattro,2024,petrol,2.0,9.9
Audi,Q5 Sportback 45 TFSI quattro,2025,petrol,2.0,9.6
Audi,Q5 Sportback TFSI quattro,2026,petrol,2.0,9.7
Audi,Q5 TDI (modified),2015,diesel,3.0,9.0
Audi,Q5 TFSI quattro,2026,petrol,2.0,9.7
Audi,Q5 TFSIe,2020,hybrid,2.0,8.9
Audi,Q5 quattro,2016,petrol,2.0,10.4
Audi,Q5 quattro,2016,petrol,3.0,11.4
Audi,Q5 quattro TDI (modified),2016,diesel,3.0,9.0
Audi,"Q6 60 e-tron quattro (19"" Wheels)",2025,electric,,21.2
Audi,"Q6 60 e-tron quattro (20"" Wheels)",2025,electric,,21.9
Audi,"Q6 Sportback 60 e-tron quattro (19"" Wheels)",2025,electric,,20.3
Audi,"Q6 Sportback 60 e-tron quattro (20"" Wheels)",2025,electric,,21.3
Audi,Q7,2007,petrol,3.6,13.3
Audi,Q7,2007,petrol,4.2,14.7
Audi,Q7,2008,petrol,3.6,12.8
Audi,Q7,2008,petrol,4.2,14.9
Audi,Q7,2009,petrol,3.6,12.8
Audi,Q7,2009,petrol,4.2,13.9
Audi,Q7,2010,petrol,3.6,12.8
Audi,Q7,2010,petrol,4.2,13.9
Audi,Q7,2011,petrol,3.0,11.6
Audi,Q7,2012,petrol,3.0,11.6
Audi,Q7,2013,petrol,3.0,11.6
Audi,Q7,2014,petrol,3.0,11.6
Audi,Q7,2015,petrol,3.0,13.3
Audi,Q7,2017,petrol,2.0,10.8
Audi,Q7,2017,petrol,3.0,11.1
Audi,Q7,2018,petrol,2.0,11.0
Audi,Q7,2018,petrol,3.0,11.1
Audi,Q7,2019,petrol,2.0,11.0
Audi,Q7,2019,petrol,3.0,11.1
Audi,Q7,2020,petrol,2.0,11.3
Audi,Q7,2020,petrol,3.0,12.7
Audi,Q7 45 TFSI quattro,2021,petrol,2.0,11.3
Audi,Q7 45 TFSI quattro,2022,petrol,2.0,10.8
Audi,Q7 45 TFSI quattro,2023,petrol,2.0,11.0
Audi,Q7 45 TFSI quattro,2024,petrol,2.0,11.0
Audi,Q7 45 TFSI quattro,2025,petrol,2.0,10.7
Audi,Q7 55 TFSI quattro,2021,petrol,3.0,12.0
Audi,Q7 55 TFSI quattro,2022,petrol,3.0,11.7
Audi,Q7 55 TFSI quattro,2023,petrol,3.0,12.0
Audi,Q7 55 TFSI quattro,2024,petrol,3.0,11.4
Audi,Q7 55 TFSI quattro,2025,petrol,3.0,11.7
Audi,Q7 55 TFSI quattro,2026,petrol,3.0,11.7
Audi,Q7 TDI (modified),2015,diesel,3.0,10.7
Audi,Q8,2019,petrol,3.0,12.5
Audi,Q8,2020,petrol,3.0,12.7
Audi,Q8 55 TFSI quattro,2021,petrol,3.0,12.0
Audi,Q8 55 TFSI quattro,2022,petrol,3.0,11.7
Audi,Q8 55 TFSI quattro,2023,petrol,3.0,11.7
Audi,Q8 55 TFSI quattro,2024,petrol,3.0,12.1
Audi,Q8 55 TFSI quattro,2026,petrol,3.0,12.1
Audi,Q8 Sportback e-tron,2024,electric,,24.2
Audi,"Q8 Sportback e-tron (20"" Wheels)",2025,electric,,26.7
Audi,"Q8 Sportback e-tron (21"" Wheels)",2025,electric,,29.8
Audi,Q8 e-tron,2024,electric,,25.7
Audi,"Q8 e-tron (20"" Wheels)",2025,electric,,26.7
Audi,"Q8 e-tron (21"" Wheels)",2025,electric,,29.8
Audi,R8,2008,petrol,4.2,13.75
Audi,R8,2009,petrol,4.2,14.15
Audi,R8,2009,petrol,5.2,14.9
Audi,R8,2010,petrol,4.2,14.15
Audi,R8,2010,petrol,5.2,14.9
Audi,R8,2014,petrol,4.2,14.3
Audi,R8,2014,petrol,5.2,15.8
Audi,R8,2015,petrol,4.2,15.4
Audi,R8,2015,petrol,5.2,15.6
Audi,R8,2017,petrol,5.2,14.1
Audi,R8,2018,petrol,5.2,13.1
Audi,R8 Coup  Performance,2023,petrol,5.2,13.7
Audi,R8 Coup  Performance quattro,2023,petrol,5.2,15.5
Audi,R8 Coupe,2011,petrol,4.2,14.6
Audi,R8 Coupe,2011,petrol,5.2,15.2
Audi,R8 Coupe,2012,petrol,4.2,14.6
Audi,R8 Coupe,2012,petrol,5.2,15.2
Audi,R8 Coupe,2020,petrol,5.2,14.9
Audi,R8 Coupe,2021,petrol,5.2,14.1
Audi,R8 Coupe Performance,2022,petrol,5.2,13.8
Audi,R8 Coupe Performance quattro,2022,petrol,5.2,15.3
Audi,R8 Coupe quattro,2021,petrol,5.2,15.1
Audi,R8 GT Coup,2023,petrol,5.2,14.0
Audi,R8 Spyder,2011,petrol,4.2,14.6
Audi,R8 Spyder,2011,petrol,5.2,15.2
Audi,R8 Spyder,2012,petrol,4.2,14.6
Audi,R8 Spyder,2012,petrol,5.2,15.2
Audi,R8 Spyder,2014,petrol,4.2,14.3
Audi,R8 Spyder,2014,petrol,5.2,15.8
Audi,R8 Spyder,2015,petrol,4.2,15.4
Audi,R8 Spyder,2015,petrol,5.2,15.6
Audi,R8 Spyder,2017,petrol,5.2,14.1
Audi,R8 Spyder,2018,petrol,5.2,14.5
Audi,R8 Spyder,2020,petrol,5.2,14.9
Audi,R8 Spyder,2021,petrol,5.2,14.1
Audi,R8 Spyder Performance,2022,petrol,5.2,13.8
Audi,R8 Spyder Performance,2023,petrol,5.2,13.7
Audi,R8 Spyder Performance quattro,2022,petrol,5.2,15.3
Audi,R8 Spyder Performance quattro,2023,petrol,5.2,15.5
Audi,R8 Spyder quattro,2021,petrol,5.2,15.1
Audi,R8 quattro,2018,petrol,5.2,14.5
Audi,RS 3,2018,petrol,2.5,10.5
Audi,RS 3,2019,petrol,2.5,10.6
Audi,RS 3,2020,petrol,2.5,10.4
Audi,RS 3,2025,petrol,2.5,10.2
Audi,RS 3,2026,petrol,2.5,10.3
Audi,RS 4,2007,petrol,4.2,13.8
Audi,RS 4,2008,petrol,4.2,13.9
Audi,RS 5,2013,petrol,4.2,11.7
Audi,RS 5,2014,petrol,4.2,11.7
Audi,RS 5,2015,petrol,4.2,12.8
Audi,RS 5,2018,petrol,2.9,11.1
Audi,RS 5 Cabriolet,2014,petrol,4.2,11.8
Audi,RS 5 Cabriolet,2015,petrol,4.2,12.9
Audi,RS 5 Coup,2024,petrol,2.9,11.3
Audi,RS 5 Coup  quattro,2023,petrol,2.9,11.4
Audi,RS 5 Coupe,2019,petrol,2.9,11.3
Audi,RS 5 Coupe quattro,2021,petrol,2.9,11.5
Audi,RS 5 Coupe quattro,2022,petrol,2.9,11.4
Audi,RS 5 Coupé,2025,petrol,2.9,11.3
Audi,RS 5 Sportback,2019,petrol,2.9,11.5
Audi,RS 5 Sportback,2024,petrol,2.9,11.6
Audi,RS 5 Sportback,2025,petrol,2.9,11.6
Audi,RS 5 Sportback quattro,2021,petrol,2.9,11.4
Audi,RS 5 Sportback quattro,2022,petrol,2.9,11.4
Audi,RS 5 Sportback quattro,2023,petrol,2.9,11.5
Audi,RS 6 Avant GT,2025,petrol,4.0,14.3
Audi,RS 6 Avant performance,2024,petrol,4.0,14.2
Audi,RS 6 Avant quattro,2021,petrol,4.0,13.7
Audi,RS 6 Avant quattro,2022,petrol,4.0,13.7
Audi,RS 6 Avant quattro,2023,petrol,4.0,14.1
Audi,RS 6 Avant quattro performance,2025,petrol,4.0,14.3
Audi,RS 6 Avant quattro performance,2026,petrol,4.0,14.4
Audi,RS 7,2015,petrol,4.0,13.3
Audi,RS 7,2017,petrol,4.0,13.1
Audi,RS 7,2018,petrol,4.0,13.7
Audi,RS 7 Sportback performance,2024,petrol,4.0,14.2
Audi,RS 7 Sportback quattro,2021,petrol,4.0,13.5
Audi,RS 7 Sportback quattro,2022,petrol,4.0,13.5
Audi,RS 7 Sportback quattro,2023,petrol,4.0,14.1
Audi,RS 7 Sportback quattro performance,2025,petrol,4.0,14.3
Audi,RS 7 Sportback quattro performance,2026,petrol,4.0,13.9
Audi,RS 7 quattro,2016,petrol,4.0,13.3
Audi,RS Q8,2020,petrol,4.0,15.4
Audi,RS Q8,2024,petrol,4.0,15.3
Audi,RS Q8 performance,2025,petrol,4.0,14.1
Audi,RS Q8 performance,2026,petrol,4.0,14.1
Audi,RS Q8 quattro,2021,petrol,4.0,15.4
Audi,RS Q8 quattro,2022,petrol,4.0,15.4
Audi,RS Q8 quattro,2023,petrol,4.0,15.0
Audi,RS e-tron GT,2022,electric,,26.0
Audi,RS e-tron GT,2023,electric,,26.0
Audi,RS e-tron GT,2024,electric,,24.8
Audi,RS e-tron GT quattro performance,2025,electric,,25.1
Audi,RS e-tron GT quattro performance,2026,electric,,25.0
Audi,"S e-tron GT (20"" Wheels)",2025,electric,,23.4
Audi,"S e-tron GT (20"" Wheels)",2026,electric,,23.4
Audi,"S e-tron GT (21"" Wheels)",2025,electric,,23.9
Audi,"S e-tron GT (21"" Wheels)",2026,electric,,23.9
Audi,S3,2015,petrol,2.0,9.0
Audi,S3,2017,petrol,2.0,9.9
Audi,S3,2018,petrol,2.0,9.6
Audi,S3,2019,petrol,2.0,9.5
Audi,S3,2020,petrol,2.0,9.5
Audi,S3 Sedan quattro,2022,petrol,2.0,8.8
Audi,S3 quattro,2016,petrol,2.0,9.0
Audi,S3 quattro,2023,petrol,2.0,8.9
Audi,S3 quattro,2024,petrol,2.0,8.9
Audi,S3 quattro,2025,petrol,2.0,9.1
Audi,S3 quattro,2026,petrol,2.0,9.2
Audi,S4,2005,petrol,4.2,12.4
Audi,S4,2006,petrol,4.2,13.0
Audi,S4,2007,petrol,4.2,13.05
Audi,S4,2008,petrol,4.2,13.05
Audi,S4,2010,petrol,3.0,10.25
Audi,S4,2011,petrol,3.0,10.25
Audi,S4,2012,petrol,3.0,10.25
Audi,S4,2013,petrol,3.0,10.4
Audi,S4,2014,petrol,3.0,10.4
Audi,S4,2015,petrol,3.0,11.35
Audi,S4,2018,petrol,3.0,9.9
Audi,S4,2019,petrol,3.0,9.8
Audi,S4,2020,petrol,3.0,10.5
Audi,S4 Avant,2005,petrol,4.2,12.4
Audi,S4 Avant,2006,petrol,4.2,13.0
Audi,S4 Avant,2007,petrol,4.2,13.1
Audi,S4 Avant,2008,petrol,4.2,13.1
Audi,S4 Cabriolet,2005,petrol,4.2,12.4
Audi,S4 Cabriolet,2006,petrol,4.2,13.1
Audi,S4 Cabriolet,2007,petrol,4.2,13.2
Audi,S4 Cabriolet,2008,petrol,4.2,13.2
Audi,S4 Cabriolet,2009,petrol,4.2,13.25
Audi,S4 Sedan quattro,2021,petrol,3.0,10.1
Audi,S4 Sedan quattro,2022,petrol,3.0,9.7
Audi,S4 Sedan quattro,2023,petrol,3.0,9.7
Audi,S4 quattro,2016,petrol,3.0,11.35
Audi,S4 quattro,2024,petrol,3.0,9.7
Audi,S4 quattro,2025,petrol,3.0,9.7
Audi,S5,2008,petrol,4.2,11.8
Audi,S5,2009,petrol,4.2,11.85
Audi,S5,2013,petrol,3.0,10.4
Audi,S5,2014,petrol,3.0,10.4
Audi,S5,2015,petrol,3.0,11.35
Audi,S5,2017,petrol,3.0,11.35
Audi,S5,2018,petrol,3.0,9.9
Audi,S5,2019,petrol,3.0,9.8
Audi,S5,2020,petrol,3.0,10.5
Audi,S5 Cabriolet,2010,petrol,3.0,10.7
Audi,S5 Cabriolet,2011,petrol,3.0,10.7
Audi,S5 Cabriolet,2012,petrol,3.0,10.7
Audi,S5 Cabriolet,2013,petrol,3.0,10.1
Audi,S5 Cabriolet,2014,petrol,3.0,10.1
Audi,S5 Cabriolet,2015,petrol,3.0,11.4
Audi,S5 Cabriolet,2017,petrol,3.0,11.4
Audi,S5 Cabriolet,2018,petrol,3.0,10.2
Audi,S5 Cabriolet,2019,petrol,3.0,9.9
Audi,S5 Cabriolet,2020,petrol,3.0,10.8
Audi,S5 Cabriolet quattro,2016,petrol,3.0,11.4
Audi,S5 Cabriolet quattro,2021,petrol,3.0,10.5
Audi,S5 Cabriolet quattro,2022,petrol,3.0,10.0
Audi,S5 Cabriolet quattro,2023,petrol,3.0,10.0
Audi,S5 Cabriolet quattro,2024,petrol,3.0,10.5
Audi,S5 Coup  quattro,2023,petrol,3.0,9.7
Audi,S5 Coup  quattro,2024,petrol,3.0,9.7
Audi,S5 Coupe,2010,petrol,4.2,11.85
Audi,S5 Coupe,2011,petrol,4.2,11.85
Audi,S5 Coupe,2012,petrol,4.2,11.85
Audi,S5 Coupe quattro,2021,petrol,3.0,10.1
Audi,S5 Coupe quattro,2022,petrol,3.0,9.7
Audi,S5 Coupé quattro,2025,petrol,3.0,9.7
Audi,S5 Sedan quattro,2025,petrol,3.0,10.5
Audi,S5 Sedan quattro,2026,petrol,3.0,10.2
Audi,S5 Sportback,2018,petrol,3.0,9.9
Audi,S5 Sportback,2019,petrol,3.0,9.8
Audi,S5 Sportback,2020,petrol,3.0,10.5
Audi,S5 Sportback quattro,2021,petrol,3.0,10.1
Audi,S5 Sportback quattro,2022,petrol,3.0,9.7
Audi,S5 Sportback quattro,2023,petrol,3.0,9.7
Audi,S5 Sportback quattro,2024,petrol,3.0,10.2
Audi,S5 Sportback quattro,2025,petrol,3.0,10.2
Audi,S5 quattro,2016,petrol,3.0,11.35
Audi,S6,2007,petrol,5.2,13.0
Audi,S6,2008,petrol,5.2,13.0
Audi,S6,2009,petrol,5.2,13.0
Audi,S6,2010,petrol,5.2,13.0
Audi,S6,2011,petrol,5.2,13.0
Audi,S6,2014,petrol,4.0,10.7
Audi,S6,2015,petrol,4.0,11.7
Audi,S6,2017,petrol,4.0,11.3
Audi,S6,2018,petrol,4.0,12.8
Audi,S6,2020,petrol,2.9,10.9
Audi,S6 Sedan quattro,2021,petrol,2.9,10.9
Audi,S6 Sedan quattro,2022,petrol,2.9,10.9
Audi,"S6 e-tron quattro (20"" Wheels)",2025,electric,,20.0
Audi,"S6 e-tron quattro (21"" Wheels)",2025,electric,,21.6
Audi,S6 quattro,2016,petrol,4.0,11.3
Audi,S6 quattro,2023,petrol,2.9,10.8
Audi,S6 quattro,2024,petrol,2.9,10.7
Audi,S6 quattro,2025,petrol,2.9,10.8
Audi,S7,2014,petrol,4.0,10.7
Audi,S7,2015,petrol,4.0,11.7
Audi,S7,2017,petrol,4.0,11.4
Audi,S7,2018,petrol,4.0,12.8
Audi,S7,2020,petrol,2.9,10.9
Audi,S7 Sportback quattro,2021,petrol,2.9,10.9
Audi,S7 Sportback quattro,2022,petrol,2.9,10.9
Audi,S7 quattro,2016,petrol,4.0,11.4
Audi,S7 quattro,2023,petrol,2.9,10.8
Audi,S7 quattro,2024,petrol,2.9,10.7
Audi,S7 quattro,2025,petrol,2.9,10.8
Audi,S8,2007,petrol,5.2,13.4
Audi,S8,2008,petrol,5.2,14.0
Audi,S8,2009,petrol,5.2,14.0
Audi,S8,2015,petrol,4.0,11.9
Audi,S8,2017,petrol,4.0,13.4
Audi,S8,2018,petrol,4.0,13.4
Audi,S8,2020,petrol,4.0,14.5
Audi,S8 Sedan quattro,2021,petrol,4.0,14.5
Audi,S8 Sedan quattro,2022,petrol,4.0,13.8
Audi,S8 Sedan quattro,2023,petrol,4.0,13.4
Audi,S8 quattro,2016,petrol,4.0,12.8
Audi,S8 quattro,2024,petrol,4.0,13.3
Audi,S8 quattro,2025,petrol,4.0,13.3
Audi,SQ5,2014,petrol,3.0,11.1
Audi,SQ5,2015,petrol,3.0,12.2
Audi,SQ5,2017,petrol,3.0,12.2
Audi,SQ5,2018,petrol,3.0,11.5
Audi,SQ5,2019,petrol,3.0,11.5
Audi,SQ5,2020,petrol,3.0,11.8
Audi,SQ5 Sportback quattro,2021,petrol,3.0,11.6
Audi,SQ5 Sportback quattro,2022,petrol,3.0,11.2
Audi,SQ5 Sportback quattro,2023,petrol,3.0,11.2
Audi,SQ5 Sportback quattro,2024,petrol,3.0,11.4
Audi,SQ5 Sportback quattro,2025,petrol,3.0,11.4
Audi,SQ5 Sportback quattro,2026,petrol,3.0,10.1
Audi,SQ5 quattro,2016,petrol,3.0,12.2
Audi,SQ5 quattro,2021,petrol,3.0,11.6
Audi,SQ5 quattro,2022,petrol,3.0,11.2
Audi,SQ5 quattro,2023,petrol,3.0,11.2
Audi,SQ5 quattro,2024,petrol,3.0,11.4
Audi,SQ5 quattro,2025,petrol,3.0,11.4
Audi,SQ5 quattro,2026,petrol,3.0,10.1
Audi,SQ6 Sportback e-tron quattro,2025,electric,,22.9
Audi,SQ6 e-tron,2025,electric,,23.5
Audi,SQ7,2020,petrol,4.0,13.7
Audi,SQ7,2026,petrol,4.0,14.3
Audi,SQ7 quattro,2021,petrol,4.0,13.9
Audi,SQ7 quattro,2022,petrol,4.0,13.9
Audi,SQ7 quattro,2023,petrol,4.0,13.9
Audi,SQ7 quattro,2024,petrol,4.0,13.9
Audi,SQ7 quattro,2025,petrol,4.0,13.8
Audi,SQ8,2020,petrol,4.0,13.8
Audi,"SQ8 Sportback e-tron (20"" Wheels)",2024,electric,,28.5
Audi,"SQ8 Sportback e-tron (20"" Wheels)",2025,electric,,30.0
Audi,"SQ8 Sportback e-tron (21"" or 22"" Wheels)",2024,electric,,33.4
Audi,"SQ8 Sportback e-tron (21"" or 22"" Wheels)",2025,electric,,35.2
Audi,"SQ8 e-tron (20"" Wheels)",2024,electric,,28.5
Audi,"SQ8 e-tron (20"" Wheels)",2025,electric,,30.0
Audi,"SQ8 e-tron (21"" or 22"" Wheels)",2024,electric,,33.4
Audi,"SQ8 e-tron (21"" or 22"" Wheels)",2025,electric,,35.2
Audi,SQ8 quattro,2021,petrol,4.0,13.9
Audi,SQ8 quattro,2022,petrol,4.0,13.9
Audi,SQ8 quattro,2023,petrol,4.0,13.9
Audi,SQ8 quattro,2024,petrol,4.0,13.8
Audi,SQ8 quattro,2025,petrol,4.0,14.2
Audi,SQ8 quattro,2026,petrol,4.0,14.2
Audi,TT Coup  45 TFSI quattro,2023,petrol,2.0,9.4
Audi,TT Coupe,2005,petrol,1.8,9.6
Audi,TT Coupe,2008,petrol,2.0,7.8
Audi,TT Coupe,2009,petrol,2.0,7.8
Audi,TT Coupe,2012,petrol,2.0,7.9
Audi,TT Coupe 45 TFSI quattro,2021,petrol,2.0,9.2
Audi,TT Coupe 45 TFSI quattro,2022,petrol,2.0,9.4
Audi,TT Coupe quattro,2005,petrol,1.8,9.9
Audi,TT Coupe quattro,2005,petrol,3.2,9.5
Audi,TT Coupe quattro,2006,petrol,1.8,9.9
Audi,TT Coupe quattro,2006,petrol,3.2,10.5
Audi,TT Coupe quattro,2008,petrol,3.2,10.4
Audi,TT Coupe quattro,2009,petrol,2.0,8.5
Audi,TT Coupe quattro,2009,petrol,3.2,10.35
Audi,TT Coupe quattro,2010,petrol,2.0,8.5
Audi,TT Coupe quattro,2011,petrol,2.0,7.9
Audi,TT Coupe quattro,2013,petrol,2.0,7.9
Audi,TT Coupe quattro,2014,petrol,2.0,7.9
Audi,TT Coupe quattro,2015,petrol,2.0,9.1
Audi,TT Coupe quattro,2016,petrol,2.0,9.1
Audi,TT Coupe quattro,2017,petrol,2.0,9.1
Audi,TT Coupe quattro,2018,petrol,2.0,9.1
Audi,TT Coupe quattro,2019,petrol,2.0,9.2
Audi,TT Coupe quattro,2020,petrol,2.0,9.1
Audi,TT RS,2018,petrol,2.5,10.5
Audi,TT RS,2020,petrol,2.5,10.3
Audi,TT RS Coupe,2012,petrol,2.5,10.4
Audi,TT RS Coupe,2013,petrol,2.5,10.4
Audi,TT RS Coupe,2019,petrol,2.5,10.3
Audi,TT RS Coupe quattro,2021,petrol,2.5,10.0
Audi,TT Roadster,2005,petrol,1.8,10.0
Audi,TT Roadster,2008,petrol,2.0,8.2
Audi,TT Roadster,2009,petrol,2.0,8.0
Audi,TT Roadster,2012,petrol,2.0,7.9
Audi,TT Roadster 45 TFSI quattro,2021,petrol,2.0,9.2
Audi,TT Roadster 45 TFSI quattro,2022,petrol,2.0,9.4
Audi,TT Roadster 45 TFSI quattro,2023,petrol,2.0,9.4
Audi,TT Roadster quattro,2005,petrol,1.8,9.9
Audi,TT Roadster quattro,2005,petrol,3.2,9.7
Audi,TT Roadster quattro,2006,petrol,1.8,9.9
Audi,TT Roadster quattro,2006,petrol,3.2,10.8
Audi,TT Roadster quattro,2008,petrol,3.2,10.4
Audi,TT Roadster quattro,2009,petrol,2.0,8.5
Audi,TT Roadster quattro,2009,petrol,3.2,10.35
Audi,TT Roadster quattro,2010,petrol,2.0,8.5
Audi,TT Roadster quattro,2011,petrol,2.0,7.9
Audi,TT Roadster quattro,2013,petrol,2.0,7.9
Audi,TT Roadster quattro,2014,petrol,2.0,7.9
Audi,TT Roadster quattro,2015,petrol,2.0,9.2
Audi,TT Roadster quattro,2016,petrol,2.0,9.1
Audi,TT Roadster quattro,2017,petrol,2.0,9.1
Audi,TT Roadster quattro,2018,petrol,2.0,9.1
Audi,TT Roadster quattro,2019,petrol,2.0,9.2
Audi,TT Roadster quattro,2020,petrol,2.0,9.1
Audi,TTS Coup  quattro,2023,petrol,2.0,9.0
Audi,TTS Coupe,2011,petrol,2.0,8.9
Audi,TTS Coupe,2012,petrol,2.0,8.9
Audi,TTS Coupe,2018,petrol,2.0,9.5
Audi,TTS Coupe,2019,petrol,2.0,9.4
Audi,TTS Coupe,2020,petrol,2.0,9.4
Audi,TTS Coupe quattro,2013,petrol,2.0,8.9
Audi,TTS Coupe quattro,2014,petrol,2.0,8.9
Audi,TTS Coupe quattro,2015,petrol,2.0,10.2
Audi,TTS Coupe quattro,2016,petrol,2.0,9.5
Audi,TTS Coupe quattro,2017,petrol,2.0,9.5
Audi,TTS Coupe quattro,2021,petrol,2.0,9.4
Audi,TTS Coupe quattro,2022,petrol,2.0,9.0
Audi,TTS Roadster,2011,petrol,2.0,8.9
Audi,TTS Roadster,2012,petrol,2.0,8.9
Audi,TTS Roadster quattro,2013,petrol,2.0,8.9
Audi,TTS Roadster quattro,2014,petrol,2.0,8.9
Audi,TTS Roadster quattro,2015,petrol,2.0,10.2
Audi,allroad quattro,2005,petrol,2.7,12.35
Audi,allroad quattro,2013,petrol,2.0,9.0
Audi,allroad quattro,2014,petrol,2.0,9.0
Audi,e-tron 55 quattro,2019,electric,,28.3
Audi,e-tron 55 quattro,2021,electric,,27.0
Audi,e-tron 55 quattro,2022,electric,,27.0
Audi,e-tron 55 quattro,2023,electric,,26.6
Audi,e-tron GT,2022,electric,,25.6
Audi,e-tron GT,2023,electric,,25.6
Audi,e-tron GT,2024,electric,,24.8
Audi,"e-tron S Sportback quattro (20"" Wheels)",2022,electric,,27.9
Audi,"e-tron S Sportback quattro (21"" or 22"" Wheels)",2022,electric,,32.4
Audi,e-tron Sportback 55 quattro,2020,electric,,27.3
Audi,e-tron Sportback 55 quattro,2021,electric,,27.3
Audi,e-tron Sportback 55 quattro,2022,electric,,27.3
Audi,e-tron Sportback 55 quattro,2023,electric,,26.8
BMW,1 Series M Coupe,2011,petrol,3.0,9.7
BMW,128i Cabriolet,2008,petrol,3.0,9.4
BMW,128i Cabriolet,2009,petrol,3.0,9.45
BMW,128i Cabriolet,2010,petrol,3.0,9.25
BMW,128i Cabriolet,2011,petrol,3.0,9.3
BMW,128i Cabriolet,2012,petrol,3.0,9.35
BMW,128i Cabriolet,2013,petrol,3.0,9.3
BMW,128i Coupe,2008,petrol,3.0,9.3
BMW,128i Coupe,2009,petrol,3.0,9.3
BMW,128i Coupe,2010,petrol,3.0,9.15
BMW,128i Coupe,2011,petrol,3.0,9.05
BMW,128i Coupe,2012,petrol,3.0,9.15
BMW,128i Coupe,2013,petrol,3.0,9.15
BMW,135i Cabriolet,2008,petrol,3.0,10.1
BMW,135i Cabriolet,2009,petrol,3.0,10.1
BMW,135i Cabriolet,2010,petrol,3.0,9.95
BMW,135i Cabriolet,2011,petrol,3.0,9.6
BMW,135i Cabriolet,2012,petrol,3.0,9.65
BMW,135i Cabriolet,2013,petrol,3.0,9.45
BMW,135i Coupe,2008,petrol,3.0,10.0
BMW,135i Coupe,2009,petrol,3.0,10.05
BMW,135i Coupe,2010,petrol,3.0,9.95
BMW,135i Coupe,2011,petrol,3.0,9.35
BMW,135i Coupe,2012,petrol,3.0,9.35
BMW,135i Coupe,2013,petrol,3.0,9.45
BMW,228 xDrive Gran Coupe,2025,petrol,2.0,7.7
BMW,228i,2016,petrol,2.0,8.7
BMW,228i Cabriolet,2015,petrol,2.0,8.9
BMW,228i Coupe,2015,petrol,2.0,8.7
BMW,228i xDrive,2016,petrol,2.0,8.8
BMW,228i xDrive Cabriolet,2015,petrol,2.0,9.1
BMW,228i xDrive Cabriolet,2016,petrol,2.0,8.9
BMW,228i xDrive Coupe,2015,petrol,2.0,8.7
BMW,228i xDrive Gran Coupe,2020,petrol,2.0,8.8
BMW,228i xDrive Gran Coupe,2021,petrol,2.0,8.8
BMW,228i xDrive Gran Coupe,2024,petrol,2.0,8.8
BMW,230i Cabriolet,2017,petrol,2.0,8.7
BMW,230i Cabriolet,2020,petrol,2.0,8.7
BMW,230i Coupe,2017,petrol,2.0,8.9
BMW,230i Coupe,2018,petrol,2.0,8.9
BMW,230i Coupe,2019,petrol,2.0,8.95
BMW,230i Coupe,2020,petrol,2.0,8.95
BMW,230i xDrive Cabriolet,2017,petrol,2.0,9.1
BMW,230i xDrive Cabriolet,2018,petrol,2.0,8.9
BMW,230i xDrive Cabriolet,2019,petrol,2.0,8.8
BMW,230i xDrive Cabriolet,2020,petrol,2.0,9.4
BMW,230i xDrive Cabriolet,2021,petrol,2.0,9.6
BMW,230i xDrive Coupe,2017,petrol,2.0,9.0
BMW,230i xDrive Coupe,2018,petrol,2.0,8.6
BMW,230i xDrive Coupe,2019,petrol,2.0,8.6
BMW,230i xDrive Coupe,2020,petrol,2.0,9.4
BMW,230i xDrive Coupe,2021,petrol,2.0,9.6
BMW,230i xDrive Coupe,2023,petrol,2.0,8.4
BMW,230i xDrive Coupe,2024,petrol,2.0,8.4
BMW,230i xDrive Coupe,2025,petrol,2.0,8.4
BMW,230i xDrive Coupe,2026,petrol,2.0,8.4
BMW,320i,2005,petrol,2.2,9.6
BMW,320i,2013,petrol,2.0,7.15
BMW,320i,2014,petrol,2.0,7.35
BMW,320i,2016,petrol,2.0,8.7
BMW,320i,2017,petrol,2.0,8.5
BMW,320i Sedan,2015,petrol,2.0,8.7
BMW,320i xDrive,2014,petrol,2.0,7.5
BMW,320i xDrive,2016,petrol,2.0,8.8
BMW,320i xDrive,2017,petrol,2.0,8.8
BMW,320i xDrive Sedan,2015,petrol,2.0,8.7
BMW,323i,2006,petrol,2.5,9.2
BMW,323i,2007,petrol,2.5,9.2
BMW,323i,2008,petrol,2.5,9.2
BMW,323i,2010,petrol,2.5,9.2
BMW,323i,2011,petrol,2.5,9.2
BMW,323i Sedan,2009,petrol,2.5,9.2
BMW,325Ci,2005,petrol,2.5,9.63
BMW,325Ci,2006,petrol,3.0,10.05
BMW,325Ci Convertible,2005,petrol,2.5,10.23
BMW,325Ci Convertible,2006,petrol,2.5,10.6
BMW,325i,2005,petrol,2.5,9.63
BMW,325i,2006,petrol,3.0,9.4
BMW,325i Sport Wagon,2005,petrol,2.5,9.63
BMW,325xi,2005,petrol,2.5,10.35
BMW,325xi,2006,petrol,3.0,10.0
BMW,325xi Sport Wagon,2005,petrol,2.5,10.5
BMW,325xi Sport Wagon,2006,petrol,3.0,10.05
BMW,328d xDrive,2014,diesel,2.0,5.6
BMW,328d xDrive,2016,diesel,2.0,6.8
BMW,328d xDrive,2017,diesel,2.0,7.0
BMW,328d xDrive,2018,diesel,2.0,7.0
BMW,328d xDrive Sedan,2015,diesel,2.0,6.7
BMW,328d xDrive Touring,2014,diesel,2.0,5.6
BMW,328d xDrive Touring,2015,diesel,2.0,6.7
BMW,328d xDrive Touring,2016,diesel,2.0,6.8
BMW,328d xDrive Touring,2017,diesel,2.0,7.0
BMW,328d xDrive Touring,2018,diesel,2.0,7.0
BMW,328i,2007,petrol,3.0,9.55
BMW,328i,2008,petrol,3.0,9.3
BMW,328i,2010,petrol,3.0,9.15
BMW,328i,2011,petrol,3.0,9.05
BMW,328i,2013,petrol,2.0,7.35
BMW,328i,2014,petrol,2.0,7.35
BMW,328i Cabriolet,2007,petrol,3.0,9.9
BMW,328i Cabriolet,2008,petrol,3.0,9.8
BMW,328i Cabriolet,2009,petrol,3.0,9.85
BMW,328i Cabriolet,2010,petrol,3.0,9.8
BMW,328i Cabriolet,2011,petrol,3.0,9.85
BMW,328i Cabriolet,2012,petrol,3.0,9.85
BMW,328i Cabriolet,2013,petrol,3.0,9.8
BMW,328i Coupe,2007,petrol,3.0,9.5
BMW,328i Coupe,2008,petrol,3.0,9.3
BMW,328i Coupe,2009,petrol,3.0,9.3
BMW,328i Coupe,2010,petrol,3.0,9.15
BMW,328i Coupe,2011,petrol,3.0,9.05
BMW,328i Coupe,2012,petrol,3.0,9.15
BMW,328i Coupe,2013,petrol,3.0,9.15
BMW,328i Sedan,2009,petrol,3.0,9.3
BMW,328i Sedan,2015,petrol,2.0,8.7
BMW,328i xDrive,2010,petrol,3.0,10.15
BMW,328i xDrive,2011,petrol,3.0,10.1
BMW,328i xDrive,2013,petrol,2.0,7.7
BMW,328i xDrive,2014,petrol,2.0,7.8
BMW,328i xDrive,2016,petrol,2.0,8.9
BMW,328i xDrive Coupe,2009,petrol,3.0,10.1
BMW,328i xDrive Coupe,2010,petrol,3.0,10.15
BMW,328i xDrive Coupe,2011,petrol,3.0,10.1
BMW,328i xDrive Coupe,2012,petrol,3.0,10.15
BMW,328i xDrive Coupe,2013,petrol,3.0,10.05
BMW,328i xDrive Gran Turismo,2014,petrol,2.0,7.8
BMW,328i xDrive Gran Turismo,2015,petrol,2.0,9.1
BMW,328i xDrive Gran Turismo,2016,petrol,2.0,8.9
BMW,328i xDrive Sedan,2009,petrol,3.0,10.1
BMW,328i xDrive Sedan,2015,petrol,2.0,9.1
BMW,328i xDrive Touring,2009,petrol,3.0,10.1
BMW,328i xDrive Touring,2010,petrol,3.0,10.15
BMW,328i xDrive Touring,2011,petrol,3.0,10.1
BMW,328i xDrive Touring,2012,petrol,3.0,10.15
BMW,328i xDrive Touring,2014,petrol,2.0,7.8
BMW,328i xDrive Touring,2015,petrol,2.0,9.1
BMW,328i xDrive Touring,2016,petrol,2.0,8.9
BMW,328xi,2007,petrol,3.0,10.1
BMW,328xi,2008,petrol,3.0,10.15
BMW,328xi Coupe,2007,petrol,3.0,10.1
BMW,328xi Coupe,2008,petrol,3.0,10.15
BMW,328xi Touring,2007,petrol,3.0,10.1
BMW,328xi Touring,2008,petrol,3.0,10.15
BMW,330Ci,2005,petrol,3.0,9.83
BMW,330Ci,2006,petrol,3.0,9.95
BMW,330Ci Convertible,2005,petrol,3.0,10.3
BMW,330Ci Convertible,2006,petrol,3.0,10.5
BMW,330e,2016,hybrid,2.0,7.4
BMW,330e,2017,hybrid,2.0,7.8
BMW,330e,2018,hybrid,2.0,7.8
BMW,330e,2021,hybrid,2.0,8.4
BMW,330e Sedan,2022,hybrid,2.0,8.4
BMW,330e Sedan,2023,hybrid,2.0,8.8
BMW,330e Sedan,2024,hybrid,2.0,8.8
BMW,330e xDrive,2021,hybrid,2.0,9.4
BMW,330e xDrive,2022,hybrid,2.0,9.4
BMW,330e xDrive Sedan,2023,hybrid,2.0,9.2
BMW,330e xDrive Sedan,2024,hybrid,2.0,9.2
BMW,330i,2005,petrol,3.0,9.83
BMW,330i,2006,petrol,3.0,9.45
BMW,330i xDrive,2017,petrol,2.0,9.1
BMW,330i xDrive,2018,petrol,2.0,8.9
BMW,330i xDrive,2019,petrol,2.0,8.3
BMW,330i xDrive Gran Turismo,2017,petrol,2.0,9.1
BMW,330i xDrive Gran Turismo,2018,petrol,2.0,8.9
BMW,330i xDrive Gran Turismo,2019,petrol,2.0,8.8
BMW,330i xDrive Sedan,2020,petrol,2.0,8.3
BMW,330i xDrive Sedan,2021,petrol,2.0,8.3
BMW,330i xDrive Sedan,2022,petrol,2.0,8.3
BMW,330i xDrive Sedan,2023,petrol,2.0,8.6
BMW,330i xDrive Sedan,2024,petrol,2.0,8.6
BMW,330i xDrive Sedan,2025,petrol,2.0,8.0
BMW,330i xDrive Sedan,2026,petrol,2.0,8.0
BMW,330i xDrive Touring,2017,petrol,2.0,9.1
BMW,330i xDrive Touring,2018,petrol,2.0,8.9
BMW,330i xDrive Touring,2019,petrol,2.0,8.8
BMW,330xi,2005,petrol,3.0,10.4
BMW,330xi,2006,petrol,3.0,9.95
BMW,335d,2010,diesel,3.0,7.4
BMW,335d,2011,diesel,3.0,7.4
BMW,335d Sedan,2009,diesel,3.0,7.4
BMW,335i,2007,petrol,3.0,10.25
BMW,335i,2008,petrol,3.0,10.1
BMW,335i,2010,petrol,3.0,9.85
BMW,335i,2011,petrol,3.0,9.4
BMW,335i,2013,petrol,3.0,8.3
BMW,335i,2014,petrol,3.0,8.45
BMW,335i Cabriolet,2007,petrol,3.0,10.25
BMW,335i Cabriolet,2008,petrol,3.0,10.1
BMW,335i Cabriolet,2009,petrol,3.0,10.1
BMW,335i Cabriolet,2010,petrol,3.0,9.85
BMW,335i Cabriolet,2011,petrol,3.0,9.4
BMW,335i Cabriolet,2012,petrol,3.0,9.5
BMW,335i Cabriolet,2013,petrol,3.0,9.3
BMW,335i Coupe,2007,petrol,3.0,10.25
BMW,335i Coupe,2008,petrol,3.0,10.1
BMW,335i Coupe,2009,petrol,3.0,10.1
BMW,335i Coupe,2010,petrol,3.0,9.85
BMW,335i Coupe,2011,petrol,3.0,9.4
BMW,335i Coupe,2012,petrol,3.0,9.5
BMW,335i Coupe,2013,petrol,3.0,9.3
BMW,335i Sedan,2009,petrol,3.0,10.1
BMW,335i Sedan,2015,petrol,3.0,9.7
BMW,335i xDrive,2010,petrol,3.0,10.25
BMW,335i xDrive,2011,petrol,3.0,9.4
BMW,335i xDrive,2013,petrol,3.0,8.65
BMW,335i xDrive,2014,petrol,3.0,8.75
BMW,335i xDrive Coupe,2009,petrol,3.0,10.4
BMW,335i xDrive Coupe,2010,petrol,3.0,10.25
BMW,335i xDrive Coupe,2011,petrol,3.0,9.4
BMW,335i xDrive Coupe,2012,petrol,3.0,9.5
BMW,335i xDrive Coupe,2013,petrol,3.0,9.4
BMW,335i xDrive Gran Turismo,2014,petrol,3.0,8.8
BMW,335i xDrive Gran Turismo,2015,petrol,3.0,10.0
BMW,335i xDrive Gran Turismo,2016,petrol,3.0,10.2
BMW,335i xDrive Sedan,2009,petrol,3.0,10.4
BMW,335i xDrive Sedan,2015,petrol,3.0,10.15
BMW,335is Cabriolet,2011,petrol,3.0,10.3
BMW,335is Cabriolet,2012,petrol,3.0,10.25
BMW,335is Cabriolet,2013,petrol,3.0,10.2
BMW,335is Coupe,2011,petrol,3.0,10.3
BMW,335is Coupe,2012,petrol,3.0,10.25
BMW,335is Coupe,2013,petrol,3.0,10.2
BMW,335xi,2007,petrol,3.0,10.35
BMW,335xi,2008,petrol,3.0,10.4
BMW,335xi Coupe,2008,petrol,3.0,10.4
BMW,340i,2016,petrol,3.0,9.6
BMW,340i,2017,petrol,3.0,10.0
BMW,340i,2018,petrol,3.0,9.05
BMW,340i xDrive,2016,petrol,3.0,9.8
BMW,340i xDrive,2017,petrol,3.0,10.15
BMW,340i xDrive,2018,petrol,3.0,10.0
BMW,340i xDrive Gran Turismo,2017,petrol,3.0,10.2
BMW,340i xDrive Gran Turismo,2018,petrol,3.0,10.0
BMW,428i Cabriolet,2015,petrol,2.0,8.9
BMW,428i Cabriolet,2016,petrol,2.0,8.9
BMW,428i Coupe,2014,petrol,2.0,7.35
BMW,428i Coupe,2015,petrol,2.0,8.7
BMW,428i Coupe,2016,petrol,2.0,8.7
BMW,428i Gran Coupe,2015,petrol,2.0,8.95
BMW,428i Gran Coupe,2016,petrol,2.0,8.95
BMW,428i xDrive Cabriolet,2015,petrol,2.0,9.6
BMW,428i xDrive Cabriolet,2016,petrol,2.0,9.4
BMW,428i xDrive Coupe,2014,petrol,2.0,7.8
BMW,428i xDrive Coupe,2015,petrol,2.0,9.1
BMW,428i xDrive Coupe,2016,petrol,2.0,8.9
BMW,428i xDrive Gran Coupe,2015,petrol,2.0,9.1
BMW,428i xDrive Gran Coupe,2016,petrol,2.0,8.9
BMW,430i Coupe,2020,petrol,2.0,8.7
BMW,430i xDrive Cabriolet,2017,petrol,2.0,9.1
BMW,430i xDrive Cabriolet,2018,petrol,2.0,9.1
BMW,430i xDrive Cabriolet,2019,petrol,2.0,9.1
BMW,430i xDrive Cabriolet,2020,petrol,2.0,9.1
BMW,430i xDrive Cabriolet,2022,petrol,2.0,8.7
BMW,430i xDrive Cabriolet,2023,petrol,2.0,8.7
BMW,430i xDrive Cabriolet,2024,petrol,2.0,8.7
BMW,430i xDrive Cabriolet,2025,petrol,2.0,8.5
BMW,430i xDrive Cabriolet,2026,petrol,2.0,8.5
BMW,430i xDrive Coupe,2017,petrol,2.0,9.1
BMW,430i xDrive Coupe,2018,petrol,2.0,8.9
BMW,430i xDrive Coupe,2019,petrol,2.0,8.8
BMW,430i xDrive Coupe,2020,petrol,2.0,9.4
BMW,430i xDrive Coupe,2021,petrol,2.0,8.7
BMW,430i xDrive Coupe,2022,petrol,2.0,8.7
BMW,430i xDrive Coupe,2023,petrol,2.0,8.7
BMW,430i xDrive Coupe,2024,petrol,2.0,8.7
BMW,430i xDrive Coupe,2025,petrol,2.0,7.9
BMW,430i xDrive Coupe,2026,petrol,2.0,7.9
BMW,430i xDrive Gran Coupe,2017,petrol,2.0,9.1
BMW,430i xDrive Gran Coupe,2018,petrol,2.0,8.9
BMW,430i xDrive Gran Coupe,2019,petrol,2.0,8.8
BMW,430i xDrive Gran Coupe,2020,petrol,2.0,9.4
BMW,430i xDrive Gran Coupe,2025,petrol,2.0,8.2
BMW,435i Cabriolet,2015,petrol,3.0,9.9
BMW,435i Cabriolet,2016,petrol,3.0,9.9
BMW,435i Coupe,2014,petrol,3.0,8.45
BMW,435i Coupe,2015,petrol,3.0,9.7
BMW,435i Coupe,2016,petrol,3.0,10.2
BMW,435i Gran Coupe,2015,petrol,3.0,9.6
BMW,435i xDrive Cabriolet,2015,petrol,3.0,10.3
BMW,435i xDrive Cabriolet,2016,petrol,3.0,10.2
BMW,435i xDrive Coupe,2014,petrol,3.0,8.75
BMW,435i xDrive Coupe,2015,petrol,3.0,10.15
BMW,435i xDrive Coupe,2016,petrol,3.0,10.35
BMW,435i xDrive Gran Coupe,2015,petrol,3.0,10.0
BMW,435i xDrive Gran Coupe,2016,petrol,3.0,10.2
BMW,440i Coupe,2017,petrol,3.0,10.0
BMW,440i Coupe,2018,petrol,3.0,9.05
BMW,440i Coupe,2019,petrol,3.0,10.2
BMW,440i Coupe,2020,petrol,3.0,10.45
BMW,440i xDrive Cabriolet,2017,petrol,3.0,10.2
BMW,440i xDrive Cabriolet,2018,petrol,3.0,10.0
BMW,440i xDrive Cabriolet,2019,petrol,3.0,10.0
BMW,440i xDrive Cabriolet,2020,petrol,3.0,10.7
BMW,440i xDrive Coupe,2017,petrol,3.0,10.15
BMW,440i xDrive Coupe,2018,petrol,3.0,10.0
BMW,440i xDrive Coupe,2019,petrol,3.0,10.35
BMW,440i xDrive Coupe,2020,petrol,3.0,10.5
BMW,440i xDrive Gran Coupe,2017,petrol,3.0,9.8
BMW,440i xDrive Gran Coupe,2018,petrol,3.0,9.5
BMW,440i xDrive Gran Coupe,2019,petrol,3.0,9.7
BMW,440i xDrive Gran Coupe,2020,petrol,3.0,10.0
BMW,525i,2005,petrol,2.5,9.8
BMW,525i,2006,petrol,3.0,9.45
BMW,525i,2007,petrol,3.0,9.5
BMW,525xi,2006,petrol,3.0,9.95
BMW,525xi,2007,petrol,3.0,10.1
BMW,528i,2008,petrol,3.0,9.4
BMW,528i,2010,petrol,3.0,9.25
BMW,528i,2011,petrol,3.0,8.1
BMW,528i,2012,petrol,2.0,7.3
BMW,528i,2013,petrol,2.0,7.2
BMW,528i,2014,petrol,2.0,7.5
BMW,528i Sedan,2009,petrol,3.0,9.45
BMW,528i Sedan,2015,petrol,2.0,8.9
BMW,528i xDrive,2010,petrol,3.0,10.15
BMW,528i xDrive,2012,petrol,2.0,7.5
BMW,528i xDrive,2013,petrol,2.0,7.7
BMW,528i xDrive,2014,petrol,2.0,7.8
BMW,528i xDrive,2016,petrol,2.0,8.9
BMW,528i xDrive Sedan,2009,petrol,3.0,10.1
BMW,528i xDrive Sedan,2015,petrol,2.0,9.1
BMW,528xi,2008,petrol,3.0,10.15
BMW,530e,2018,hybrid,2.0,8.2
BMW,530e,2019,hybrid,2.0,8.2
BMW,530e,2020,hybrid,2.0,8.7
BMW,530e,2021,hybrid,2.0,8.9
BMW,530e xDrive,2018,hybrid,2.0,8.3
BMW,530e xDrive,2019,hybrid,2.0,8.3
BMW,530e xDrive,2020,hybrid,2.0,9.3
BMW,530e xDrive,2021,hybrid,2.0,9.5
BMW,530e xDrive,2022,hybrid,2.0,9.5
BMW,530e xDrive Sedan,2023,hybrid,2.0,9.5
BMW,530i,2005,petrol,3.0,9.77
BMW,530i,2006,petrol,3.0,9.45
BMW,530i,2007,petrol,3.0,9.5
BMW,530i xDrive,2017,petrol,2.0,9.1
BMW,530i xDrive,2018,petrol,2.0,8.9
BMW,530i xDrive,2019,petrol,2.0,8.8
BMW,530i xDrive Sedan,2020,petrol,2.0,8.8
BMW,530i xDrive Sedan,2021,petrol,2.0,8.9
BMW,530i xDrive Sedan,2022,petrol,2.0,8.9
BMW,530i xDrive Sedan,2023,petrol,2.0,8.9
BMW,530i xDrive Sedan,2024,petrol,2.0,7.9
BMW,530i xDrive Sedan,2025,petrol,2.0,7.9
BMW,530i xDrive Sedan,2026,petrol,2.0,7.9
BMW,530xi,2006,petrol,3.0,10.05
BMW,530xi,2007,petrol,3.0,10.1
BMW,530xi Sport Wagon,2006,petrol,3.0,10.05
BMW,530xi Touring,2007,petrol,3.0,10.1
BMW,535d xDrive,2014,diesel,3.0,6.7
BMW,535d xDrive,2016,diesel,3.0,7.9
BMW,535d xDrive Sedan,2015,diesel,3.0,7.9
BMW,535i,2008,petrol,3.0,10.1
BMW,535i,2011,petrol,3.0,8.9
BMW,535i Gran Turismo,2010,petrol,3.0,9.1
BMW,535i xDrive,2010,petrol,3.0,10.25
BMW,535i xDrive,2011,petrol,3.0,8.7
BMW,535i xDrive,2012,petrol,3.0,8.3
BMW,535i xDrive,2013,petrol,3.0,8.4
BMW,535i xDrive,2014,petrol,3.0,8.8
BMW,535i xDrive,2016,petrol,3.0,10.2
BMW,535i xDrive Gran Turismo,2011,petrol,3.0,9.6
BMW,535i xDrive Gran Turismo,2012,petrol,3.0,9.6
BMW,535i xDrive Gran Turismo,2013,petrol,3.0,9.5
BMW,535i xDrive Gran Turismo,2014,petrol,3.0,9.3
BMW,535i xDrive Gran Turismo,2015,petrol,3.0,11.0
BMW,535i xDrive Gran Turismo,2016,petrol,3.0,11.2
BMW,535i xDrive Sedan,2009,petrol,3.0,10.4
BMW,535i xDrive Sedan,2015,petrol,3.0,10.3
BMW,535i xDrive Touring,2009,petrol,3.0,10.95
BMW,535i xDrive Touring,2010,petrol,3.0,10.95
BMW,535xi,2008,petrol,3.0,10.4
BMW,535xi Touring,2008,petrol,3.0,10.95
BMW,540i xDrive,2017,petrol,3.0,9.8
BMW,540i xDrive,2018,petrol,3.0,10.0
BMW,540i xDrive,2019,petrol,3.0,9.8
BMW,540i xDrive Sedan,2020,petrol,3.0,9.5
BMW,540i xDrive Sedan,2021,petrol,3.0,9.1
BMW,540i xDrive Sedan,2022,petrol,3.0,9.4
BMW,540i xDrive Sedan,2023,petrol,3.0,9.4
BMW,545i,2005,petrol,4.4,11.43
BMW,550e xDrive Sedan,2025,hybrid,3.0,9.6
BMW,550e xDrive Sedan,2026,hybrid,3.0,9.5
BMW,550i,2006,petrol,4.8,11.93
BMW,550i,2007,petrol,4.8,11.65
BMW,550i,2008,petrol,4.8,11.5
BMW,550i,2010,petrol,4.8,11.45
BMW,550i,2011,petrol,4.4,11.2
BMW,550i Gran Turismo,2010,petrol,4.4,11.8
BMW,550i Sedan,2009,petrol,4.8,11.45
BMW,550i xDrive,2011,petrol,4.4,11.1
BMW,550i xDrive,2012,petrol,4.4,11.1
BMW,550i xDrive,2013,petrol,4.4,11.0
BMW,550i xDrive,2014,petrol,4.4,10.7
BMW,550i xDrive,2016,petrol,4.4,12.3
BMW,550i xDrive Gran Turismo,2011,petrol,4.4,12.1
BMW,550i xDrive Gran Turismo,2012,petrol,4.4,11.5
BMW,550i xDrive Gran Turismo,2013,petrol,4.4,10.8
BMW,550i xDrive Gran Turismo,2014,petrol,4.4,11.1
BMW,550i xDrive Gran Turismo,2015,petrol,4.4,12.8
BMW,550i xDrive Gran Turismo,2016,petrol,4.4,12.1
BMW,550i xDrive Sedan,2015,petrol,4.4,12.3
BMW,640i xDrive Cabriolet,2015,petrol,3.0,10.3
BMW,640i xDrive Cabriolet,2016,petrol,3.0,10.2
BMW,640i xDrive Cabriolet,2017,petrol,3.0,10.6
BMW,640i xDrive Cabriolet,2018,petrol,3.0,10.5
BMW,640i xDrive Gran Coupe,2014,petrol,3.0,8.8
BMW,640i xDrive Gran Coupe,2015,petrol,3.0,10.3
BMW,640i xDrive Gran Coupe,2016,petrol,3.0,10.2
BMW,640i xDrive Gran Coupe,2017,petrol,3.0,10.6
BMW,640i xDrive Gran Coupe,2018,petrol,3.0,10.5
BMW,640i xDrive Gran Coupe,2019,petrol,3.0,10.5
BMW,640i xDrive Gran Turismo,2018,petrol,3.0,10.3
BMW,640i xDrive Gran Turismo,2019,petrol,3.0,10.3
BMW,645Ci,2005,petrol,4.4,11.43
BMW,645Ci Convertible,2005,petrol,4.4,12.23
BMW,650Ci,2006,petrol,4.8,11.93
BMW,650Ci Convertible,2006,petrol,4.8,12.7
BMW,650i Cabriolet,2007,petrol,4.8,12.45
BMW,650i Cabriolet,2008,petrol,4.8,12.05
BMW,650i Cabriolet,2009,petrol,4.8,12.1
BMW,650i Cabriolet,2010,petrol,4.8,12.1
BMW,650i Cabriolet,2012,petrol,4.4,11.55
BMW,650i Coupe,2007,petrol,4.8,11.65
BMW,650i Coupe,2008,petrol,4.8,11.5
BMW,650i Coupe,2009,petrol,4.8,11.45
BMW,650i Coupe,2010,petrol,4.8,11.45
BMW,650i xDrive Cabriolet,2012,petrol,4.4,11.5
BMW,650i xDrive Cabriolet,2013,petrol,4.4,10.8
BMW,650i xDrive Cabriolet,2014,petrol,4.4,11.1
BMW,650i xDrive Cabriolet,2015,petrol,4.4,12.8
BMW,650i xDrive Cabriolet,2016,petrol,4.4,12.1
BMW,650i xDrive Cabriolet,2017,petrol,4.4,12.5
BMW,650i xDrive Cabriolet,2018,petrol,4.4,12.4
BMW,650i xDrive Coupe,2012,petrol,4.4,11.1
BMW,650i xDrive Coupe,2013,petrol,4.4,11.0
BMW,650i xDrive Coupe,2014,petrol,4.4,10.7
BMW,650i xDrive Coupe,2015,petrol,4.4,12.3
BMW,650i xDrive Coupe,2016,petrol,4.4,12.3
BMW,650i xDrive Coupe,2017,petrol,4.4,11.7
BMW,650i xDrive Coupe,2018,petrol,4.4,12.2
BMW,650i xDrive Gran Coupe,2013,petrol,4.4,10.8
BMW,650i xDrive Gran Coupe,2014,petrol,4.4,11.1
BMW,650i xDrive Gran Coupe,2015,petrol,4.4,12.8
BMW,650i xDrive Gran Coupe,2016,petrol,4.4,12.1
BMW,650i xDrive Gran Coupe,2017,petrol,4.4,12.5
BMW,650i xDrive Gran Coupe,2018,petrol,4.4,12.4
BMW,650i xDrive Gran Coupe,2019,petrol,4.4,12.0
BMW,740Ld xDrive Sedan,2015,diesel,3.0,8.8
BMW,740Li xDrive,2013,petrol,3.0,9.5
BMW,740Li xDrive,2014,petrol,3.0,9.3
BMW,740Li xDrive,2017,petrol,3.0,10.2
BMW,740Li xDrive Sedan,2015,petrol,3.0,10.3
BMW,740e xDrive,2017,hybrid,2.0,8.8
BMW,740e xDrive,2018,hybrid,2.0,8.8
BMW,740e xDrive,2019,hybrid,2.0,8.8
BMW,745Le xDrive,2020,hybrid,3.0,10.8
BMW,745Le xDrive,2021,hybrid,3.0,10.8
BMW,745Le xDrive,2022,hybrid,3.0,10.8
BMW,745Li,2005,petrol,4.4,11.0
BMW,745i,2005,petrol,4.4,11.0
BMW,750Li,2006,petrol,4.8,11.5
BMW,750Li,2007,petrol,4.8,11.5
BMW,750Li,2008,petrol,4.8,11.5
BMW,750Li,2010,petrol,4.4,12.3
BMW,750Li xDrive,2010,petrol,4.4,13.0
BMW,750Li xDrive,2011,petrol,4.4,13.0
BMW,750Li xDrive,2012,petrol,4.4,13.0
BMW,750Li xDrive,2013,petrol,4.4,10.8
BMW,750Li xDrive,2014,petrol,4.4,11.1
BMW,750Li xDrive,2016,petrol,4.4,12.1
BMW,750Li xDrive,2017,petrol,4.4,12.5
BMW,750Li xDrive,2019,petrol,4.4,12.0
BMW,750Li xDrive Sedan,2015,petrol,4.4,12.8
BMW,750Li xDrive Sedan,2020,petrol,4.4,12.4
BMW,750Li xDrive Sedan,2021,petrol,4.4,12.0
BMW,750Li xDrive Sedan,2022,petrol,4.4,12.0
BMW,750e xDrive Sedan,2024,hybrid,3.0,9.4
BMW,750e xDrive Sedan,2025,hybrid,3.0,9.4
BMW,750e xDrive Sedan,2026,hybrid,3.0,9.7
BMW,750i,2006,petrol,4.8,11.5
BMW,750i,2007,petrol,4.8,11.5
BMW,750i,2008,petrol,4.8,11.5
BMW,750i,2010,petrol,4.4,12.0
BMW,750i xDrive,2010,petrol,4.4,13.0
BMW,750i xDrive,2011,petrol,4.4,13.0
BMW,750i xDrive,2012,petrol,4.4,13.0
BMW,750i xDrive,2013,petrol,4.4,10.8
BMW,750i xDrive,2014,petrol,4.4,11.1
BMW,750i xDrive,2016,petrol,4.4,12.1
BMW,750i xDrive,2017,petrol,4.4,11.7
BMW,750i xDrive,2018,petrol,4.4,12.4
BMW,750i xDrive,2019,petrol,4.4,11.5
BMW,750i xDrive SWB,2018,petrol,4.4,12.1
BMW,750i xDrive Sedan,2015,petrol,4.4,12.8
BMW,750i xDrive Sedan,2020,petrol,4.4,12.4
BMW,750i xDrive Sedan,2021,petrol,4.4,12.0
BMW,750i xDrive Sedan,2022,petrol,4.4,12.0
BMW,760Li,2005,petrol,6.0,13.0
BMW,760Li,2006,petrol,6.0,13.0
BMW,760Li,2007,petrol,6.0,13.1
BMW,760Li,2008,petrol,6.0,13.1
BMW,760Li,2010,petrol,6.0,13.3
BMW,760Li,2011,petrol,6.0,13.9
BMW,760Li,2012,petrol,6.0,13.8
BMW,760Li,2013,petrol,6.0,13.7
BMW,760Li,2014,petrol,6.0,13.7
BMW,760Li Sedan,2015,petrol,6.0,15.5
BMW,760i,2005,petrol,6.0,13.0
BMW,760i,2006,petrol,6.0,13.0
BMW,760i xDrive Sedan,2023,petrol,4.4,11.3
BMW,760i xDrive Sedan,2024,petrol,4.4,11.5
BMW,760i xDrive Sedan,2025,petrol,4.4,11.5
BMW,760i xDrive Sedan,2026,petrol,4.4,11.5
BMW,ALPINA B8 Gran Coupe,2023,petrol,4.4,12.2
BMW,ALPINA B8 Gran Coupe,2024,petrol,4.4,12.2
BMW,ALPINA XB7,2023,petrol,4.4,13.6
BMW,ALPINA XB7,2024,petrol,4.4,13.6
BMW,ALPINA XB7,2025,petrol,4.4,13.6
BMW,ALPINA XB7,2026,petrol,4.4,13.6
BMW,ActiveHybrid 3,2013,hybrid,3.0,7.1
BMW,ActiveHybrid 3,2014,hybrid,3.0,7.0
BMW,ActiveHybrid 3,2015,hybrid,3.0,8.7
BMW,ActiveHybrid 5,2013,hybrid,3.0,8.0
BMW,ActiveHybrid 5,2014,hybrid,3.0,8.0
BMW,ActiveHybrid 5,2015,hybrid,3.0,9.4
BMW,ActiveHybrid 5,2016,hybrid,3.0,9.4
BMW,ActiveHybrid 7 L,2011,hybrid,4.4,10.5
BMW,ActiveHybrid 7 L,2012,hybrid,4.4,10.5
BMW,ActiveHybrid 7L,2013,hybrid,3.0,8.1
BMW,ActiveHybrid 7L,2014,hybrid,3.0,7.9
BMW,ActiveHybrid 7L,2015,hybrid,3.0,9.3
BMW,ActiveHybrid X6,2010,hybrid,4.4,11.6
BMW,ActiveHybrid X6,2011,hybrid,4.4,11.5
BMW,Alpina B6 xDrive Gran Coupe,2015,petrol,4.4,12.8
BMW,Alpina B6 xDrive Gran Coupe,2016,petrol,4.4,12.1
BMW,Alpina B6 xDrive Gran Coupe,2017,petrol,4.4,12.5
BMW,Alpina B6 xDrive Gran Coupe,2018,petrol,4.4,12.4
BMW,Alpina B6 xDrive Gran Coupe,2019,petrol,4.4,12.0
BMW,Alpina B7,2007,petrol,4.4,12.7
BMW,Alpina B7,2022,petrol,4.4,12.0
BMW,Alpina B7 xDrive,2011,petrol,4.4,13.0
BMW,Alpina B7 xDrive,2012,petrol,4.4,13.0
BMW,Alpina B7 xDrive,2013,petrol,4.4,10.8
BMW,Alpina B7 xDrive,2017,petrol,4.4,12.5
BMW,Alpina B7 xDrive,2019,petrol,4.4,12.0
BMW,Alpina B7 xDrive,2020,petrol,4.4,12.4
BMW,Alpina B7 xDrive,2021,petrol,4.4,12.0
BMW,Alpina B7 xDrive LWB,2014,petrol,4.4,11.1
BMW,Alpina B7 xDrive LWB,2015,petrol,4.4,12.8
BMW,Alpina B7 xDrive SWB,2014,petrol,4.4,11.1
BMW,Alpina B7 xDrive SWB,2015,petrol,4.4,12.8
BMW,Alpina B8 Gran Coupe,2022,petrol,4.4,12.0
BMW,Alpina XB7,2021,petrol,4.4,13.8
BMW,Alpina XB7,2022,petrol,4.4,13.8
BMW,M Coupe,2007,petrol,3.2,12.0
BMW,M Coupe,2008,petrol,3.2,12.0
BMW,M Roadster,2007,petrol,3.2,12.0
BMW,M Roadster,2008,petrol,3.2,12.0
BMW,M2,2016,petrol,3.0,10.75
BMW,M2,2017,petrol,3.0,10.95
BMW,M2,2018,petrol,3.0,10.95
BMW,M2 CS,2020,petrol,3.0,12.05
BMW,M2 Competition,2019,petrol,3.0,12.15
BMW,M2 Competition,2020,petrol,3.0,12.05
BMW,M2 Competition,2021,petrol,3.0,12.15
BMW,M2 Coupe,2023,petrol,3.0,12.55
BMW,M2 Coupe,2024,petrol,3.0,12.55
BMW,M2 Coupe,2025,petrol,3.0,12.55
BMW,M2 Coupe,2026,petrol,3.0,12.55
BMW,M2 Coupe CS,2026,petrol,3.0,12.7
BMW,M235i,2016,petrol,3.0,10.15
BMW,M235i Cabriolet,2015,petrol,3.0,10.5
BMW,M235i Cabriolet,2016,petrol,3.0,10.2
BMW,M235i Coupe,2015,petrol,3.0,10.3
BMW,M235i xDrive,2016,petrol,3.0,10.2
BMW,M235i xDrive Cabriolet,2016,petrol,3.0,10.2
BMW,M235i xDrive Coupe,2015,petrol,3.0,10.0
BMW,M235i xDrive Gran Coupe,2020,petrol,2.0,9.0
BMW,M235i xDrive Gran Coupe,2021,petrol,2.0,9.2
BMW,M235i xDrive Gran Coupe,2022,petrol,2.0,9.2
BMW,M235i xDrive Gran Coupe,2023,petrol,2.0,8.6
BMW,M240i Cabriolet,2017,petrol,3.0,10.0
BMW,M240i Cabriolet,2018,petrol,3.0,10.2
BMW,M240i Cabriolet,2019,petrol,3.0,10.35
BMW,M240i Cabriolet,2020,petrol,3.0,10.4
BMW,M240i Coupe,2017,petrol,3.0,10.15
BMW,M240i Coupe,2018,petrol,3.0,10.1
BMW,M240i Coupe,2019,petrol,3.0,10.35
BMW,M240i Coupe,2020,petrol,3.0,10.4
BMW,M240i Coupe M Performance,2019,petrol,3.0,10.35
BMW,M240i Coupe M Performance,2020,petrol,3.0,10.4
BMW,M240i xDrive Cabriolet,2017,petrol,3.0,9.8
BMW,M240i xDrive Cabriolet,2018,petrol,3.0,9.7
BMW,M240i xDrive Cabriolet,2019,petrol,3.0,9.8
BMW,M240i xDrive Cabriolet,2020,petrol,3.0,10.0
BMW,M240i xDrive Cabriolet,2021,petrol,3.0,9.8
BMW,M240i xDrive Coupe,2017,petrol,3.0,9.8
BMW,M240i xDrive Coupe,2018,petrol,3.0,9.7
BMW,M240i xDrive Coupe,2019,petrol,3.0,9.8
BMW,M240i xDrive Coupe,2020,petrol,3.0,10.0
BMW,M240i xDrive Coupe,2021,petrol,3.0,9.8
BMW,M240i xDrive Coupe,2022,petrol,3.0,9.1
BMW,M240i xDrive Coupe,2023,petrol,3.0,9.0
BMW,M240i xDrive Coupe,2024,petrol,3.0,9.0
BMW,M240i xDrive Coupe,2025,petrol,3.0,9.0
BMW,M240i xDrive Coupe,2026,petrol,3.0,9.0
BMW,M240i xDrive Coupe M Performance,2019,petrol,3.0,9.8
BMW,M240i xDrive Coupe M Performance,2020,petrol,3.0,10.0
BMW,M3,2005,petrol,3.2,11.65
BMW,M3,2006,petrol,3.2,11.65
BMW,M3,2008,petrol,4.0,12.8
BMW,M3,2016,petrol,3.0,11.85
BMW,M3,2017,petrol,3.0,11.9
BMW,M3,2018,petrol,3.0,11.75
BMW,M3 CS Sedan,2024,petrol,3.0,13.2
BMW,M3 Cabriolet,2009,petrol,4.0,13.2
BMW,M3 Cabriolet,2010,petrol,4.0,13.15
BMW,M3 Cabriolet,2011,petrol,4.0,13.15
BMW,M3 Cabriolet,2012,petrol,4.0,13.15
BMW,M3 Cabriolet,2013,petrol,4.0,13.2
BMW,M3 Competition M xDrive Sedan,2023,petrol,3.0,12.7
BMW,M3 Competition M xDrive Sedan,2024,petrol,3.0,12.7
BMW,M3 Competition M xDrive Sedan,2025,petrol,3.0,12.8
BMW,M3 Competition Sedan,2022,petrol,3.0,12.6
BMW,M3 Competition Sedan,2025,petrol,3.0,12.6
BMW,M3 Competition Sedan,2026,petrol,3.0,12.8
BMW,M3 Competition Sedan M xDrive,2022,petrol,3.0,12.7
BMW,M3 Convertible,2005,petrol,3.2,12.15
BMW,M3 Convertible,2006,petrol,3.2,12.15
BMW,M3 Coupe,2008,petrol,4.0,12.8
BMW,M3 Coupe,2009,petrol,4.0,12.85
BMW,M3 Coupe,2010,petrol,4.0,12.85
BMW,M3 Coupe,2011,petrol,4.0,12.85
BMW,M3 Coupe,2012,petrol,4.0,12.8
BMW,M3 Coupe,2013,petrol,4.0,12.8
BMW,M3 Sedan,2009,petrol,4.0,12.85
BMW,M3 Sedan,2010,petrol,4.0,12.85
BMW,M3 Sedan,2011,petrol,4.0,12.85
BMW,M3 Sedan,2015,petrol,3.0,11.85
BMW,M3 Sedan,2022,petrol,3.0,12.6
BMW,M3 Sedan,2023,petrol,3.0,12.6
BMW,M3 Sedan,2024,petrol,3.0,12.6
BMW,M3 Sedan,2025,petrol,3.0,12.6
BMW,M3 Sedan,2026,petrol,3.0,12.6
BMW,M340i xDrive Sedan,2020,petrol,3.0,10.0
BMW,M340i xDrive Sedan,2021,petrol,3.0,9.2
BMW,M340i xDrive Sedan,2022,petrol,3.0,9.2
BMW,M340i xDrive Sedan,2023,petrol,3.0,9.0
BMW,M340i xDrive Sedan,2024,petrol,3.0,9.1
BMW,M340i xDrive Sedan,2025,petrol,3.0,8.2
BMW,M340i xDrive Sedan,2026,petrol,3.0,8.2
BMW,M4 CS,2019,petrol,3.0,12.6
BMW,M4 CS,2020,petrol,3.0,12.4
BMW,M4 CS Coupe,2025,petrol,3.0,12.9
BMW,M4 CSL Coupe,2023,petrol,3.0,12.9
BMW,M4 Cabriolet,2015,petrol,3.0,11.95
BMW,M4 Cabriolet,2016,petrol,3.0,11.95
BMW,M4 Cabriolet,2017,petrol,3.0,11.9
BMW,M4 Cabriolet,2018,petrol,3.0,12.3
BMW,M4 Cabriolet,2019,petrol,3.0,12.3
BMW,M4 Cabriolet,2020,petrol,3.0,12.3
BMW,M4 Cabriolet Competition,2019,petrol,3.0,12.3
BMW,M4 Cabriolet Competition,2020,petrol,3.0,12.3
BMW,M4 Competition Cabriolet,2026,petrol,3.0,12.9
BMW,M4 Competition Cabriolet M xDrive,2022,petrol,3.0,12.9
BMW,M4 Competition Coupe,2022,petrol,3.0,12.6
BMW,M4 Competition Coupe,2025,petrol,3.0,12.6
BMW,M4 Competition Coupe,2026,petrol,3.0,12.7
BMW,M4 Competition Coupe M xDrive,2022,petrol,3.0,12.7
BMW,M4 Competition M xDrive Cabriolet,2023,petrol,3.0,12.9
BMW,M4 Competition M xDrive Cabriolet,2024,petrol,3.0,12.9
BMW,M4 Competition M xDrive Cabriolet,2025,petrol,3.0,12.9
BMW,M4 Competition M xDrive Coupe,2023,petrol,3.0,12.7
BMW,M4 Competition M xDrive Coupe,2024,petrol,3.0,12.7
BMW,M4 Competition M xDrive Coupe,2025,petrol,3.0,12.7
BMW,M4 Coupe,2015,petrol,3.0,11.85
BMW,M4 Coupe,2016,petrol,3.0,11.85
BMW,M4 Coupe,2017,petrol,3.0,11.9
BMW,M4 Coupe,2018,petrol,3.0,11.75
BMW,M4 Coupe,2019,petrol,3.0,12.15
BMW,M4 Coupe,2020,petrol,3.0,12.05
BMW,M4 Coupe,2022,petrol,3.0,12.6
BMW,M4 Coupe,2023,petrol,3.0,12.6
BMW,M4 Coupe,2024,petrol,3.0,12.6
BMW,M4 Coupe,2025,petrol,3.0,12.6
BMW,M4 Coupe,2026,petrol,3.0,12.6
BMW,M4 Coupe Competition,2019,petrol,3.0,12.15
BMW,M4 Coupe Competition,2020,petrol,3.0,12.05
BMW,M440i xDrive Cabriolet,2022,petrol,3.0,9.1
BMW,M440i xDrive Cabriolet,2023,petrol,3.0,9.3
BMW,M440i xDrive Cabriolet,2024,petrol,3.0,9.1
BMW,M440i xDrive Cabriolet,2025,petrol,3.0,8.4
BMW,M440i xDrive Cabriolet,2026,petrol,3.0,8.4
BMW,M440i xDrive Coupe,2021,petrol,3.0,9.2
BMW,M440i xDrive Coupe,2022,petrol,3.0,9.2
BMW,M440i xDrive Coupe,2023,petrol,3.0,9.3
BMW,M440i xDrive Coupe,2024,petrol,3.0,9.3
BMW,M440i xDrive Coupe,2025,petrol,3.0,8.1
BMW,M440i xDrive Coupe,2026,petrol,3.0,8.1
BMW,M440i xDrive Gran Coupe,2022,petrol,3.0,9.6
BMW,M440i xDrive Gran Coupe,2024,petrol,3.0,9.4
BMW,M440i xDrive Gran Coupe,2025,petrol,3.0,8.6
BMW,M5,2006,petrol,5.0,14.9
BMW,M5,2007,petrol,5.0,15.7
BMW,M5,2008,petrol,5.0,15.7
BMW,M5,2010,petrol,5.0,15.5
BMW,M5,2013,petrol,4.4,11.65
BMW,M5,2014,petrol,4.4,12.55
BMW,M5,2016,petrol,4.4,14.2
BMW,M5,2019,petrol,4.4,13.9
BMW,M5 CS,2022,petrol,4.4,13.8
BMW,M5 Competition,2019,petrol,4.4,13.9
BMW,M5 Competition,2020,petrol,4.4,13.8
BMW,M5 Competition,2021,petrol,4.4,13.8
BMW,M5 Competition,2022,petrol,4.4,13.8
BMW,M5 Competition Sedan,2023,petrol,4.4,13.8
BMW,M5 Sedan,2009,petrol,5.0,15.65
BMW,M5 Sedan,2015,petrol,4.4,14.2
BMW,M5 Sedan,2020,petrol,4.4,13.8
BMW,M5 Sedan,2021,petrol,4.4,13.8
BMW,M5 Sedan,2022,petrol,4.4,13.8
BMW,M5 Sedan,2023,petrol,4.4,13.8
BMW,M5 Sedan,2025,hybrid,4.4,17.3
BMW,M5 Sedan,2026,hybrid,4.4,16.4
BMW,M5 Touring,2025,hybrid,4.4,17.5
BMW,M5 Touring,2026,hybrid,4.4,17.5
BMW,M550i xDrive,2018,petrol,4.4,12.1
BMW,M550i xDrive,2019,petrol,4.4,11.5
BMW,M550i xDrive Sedan,2020,petrol,4.4,11.7
BMW,M550i xDrive Sedan,2021,petrol,4.4,11.7
BMW,M550i xDrive Sedan,2022,petrol,4.4,11.6
BMW,M550i xDrive Sedan,2023,petrol,4.4,12.0
BMW,M6,2008,petrol,5.0,15.7
BMW,M6,2014,petrol,4.4,12.55
BMW,M6,2016,petrol,4.4,14.2
BMW,M6,2017,petrol,4.4,14.25
BMW,M6 Cabriolet,2007,petrol,5.0,15.6
BMW,M6 Cabriolet,2008,petrol,5.0,15.6
BMW,M6 Cabriolet,2009,petrol,5.0,15.6
BMW,M6 Cabriolet,2010,petrol,5.0,15.6
BMW,M6 Cabriolet,2013,petrol,4.4,11.65
BMW,M6 Cabriolet,2014,petrol,4.4,12.55
BMW,M6 Cabriolet,2015,petrol,4.4,14.2
BMW,M6 Cabriolet,2016,petrol,4.4,14.2
BMW,M6 Cabriolet,2017,petrol,4.4,14.25
BMW,M6 Cabriolet,2018,petrol,4.4,14.25
BMW,M6 Coupe,2007,petrol,5.0,15.7
BMW,M6 Coupe,2009,petrol,5.0,15.55
BMW,M6 Coupe,2010,petrol,5.0,15.5
BMW,M6 Coupe,2013,petrol,4.4,11.65
BMW,M6 Coupe,2015,petrol,4.4,14.2
BMW,M6 Coupe,2018,petrol,4.4,14.25
BMW,M6 Gran Coupe,2014,petrol,4.4,12.55
BMW,M6 Gran Coupe,2015,petrol,4.4,14.2
BMW,M6 Gran Coupe,2016,petrol,4.4,14.2
BMW,M6 Gran Coupe,2017,petrol,4.4,14.25
BMW,M6 Gran Coupe,2018,petrol,4.4,14.25
BMW,M6 Gran Coupe,2019,petrol,4.4,14.7
BMW,M760Li xDrive,2019,petrol,6.6,15.1
BMW,M760i xDrive,2017,petrol,6.6,15.1
BMW,M760i xDrive,2018,petrol,6.6,15.1
BMW,M760i xDrive Sedan,2020,petrol,6.6,15.1
BMW,M760i xDrive Sedan,2021,petrol,6.6,15.1
BMW,M760i xDrive Sedan,2022,petrol,6.6,15.1
BMW,M8 Cabriolet,2020,petrol,4.4,13.8
BMW,M8 Cabriolet,2021,petrol,4.4,13.8
BMW,M8 Cabriolet,2022,petrol,4.4,13.8
BMW,M8 Cabriolet Competition,2020,petrol,4.4,13.8
BMW,M8 Cabriolet Competition,2021,petrol,4.4,13.8
BMW,M8 Cabriolet Competition,2022,petrol,4.4,13.8
BMW,M8 Competition Cabriolet,2023,petrol,4.4,13.7
BMW,M8 Competition Cabriolet,2024,petrol,4.4,13.7
BMW,M8 Competition Cabriolet,2025,petrol,4.4,13.8
BMW,M8 Competition Coupe,2023,petrol,4.4,13.7
BMW,M8 Competition Coupe,2024,petrol,4.4,13.7
BMW,M8 Competition Coupe,2025,petrol,4.4,13.8
BMW,M8 Competition Gran Coupe,2023,petrol,4.4,13.7
BMW,M8 Competition Gran Coupe,2024,petrol,4.4,13.7
BMW,M8 Competition Gran Coupe,2025,petrol,4.4,13.8
BMW,M8 Coupe,2020,petrol,4.4,13.8
BMW,M8 Coupe,2021,petrol,4.4,13.8
BMW,M8 Coupe,2022,petrol,4.4,13.8
BMW,M8 Coupe Competition,2020,petrol,4.4,13.8
BMW,M8 Coupe Competition,2021,petrol,4.4,13.8
BMW,M8 Coupe Competition,2022,petrol,4.4,13.8
BMW,M8 Gran Coupe,2020,petrol,4.4,13.8
BMW,M8 Gran Coupe,2021,petrol,4.4,13.8
BMW,M8 Gran Coupe,2022,petrol,4.4,13.8
BMW,M8 Gran Coupe Competition,2020,petrol,4.4,13.8
BMW,M8 Gran Coupe Competition,2021,petrol,4.4,13.8
BMW,M8 Gran Coupe Competition,2022,petrol,4.4,13.8
BMW,M850i xDrive Cabriolet,2019,petrol,4.4,11.6
BMW,M850i xDrive Cabriolet,2020,petrol,4.4,12.4
BMW,M850i xDrive Cabriolet,2021,petrol,4.4,12.0
BMW,M850i xDrive Cabriolet,2022,petrol,4.4,12.0
BMW,M850i xDrive Cabriolet,2023,petrol,4.4,12.2
BMW,M850i xDrive Cabriolet,2024,petrol,4.4,12.2
BMW,M850i xDrive Cabriolet,2025,petrol,4.4,12.2
BMW,M850i xDrive Cabriolet,2026,petrol,4.4,12.2
BMW,M850i xDrive Coupe,2019,petrol,4.4,11.5
BMW,M850i xDrive Coupe,2020,petrol,4.4,11.7
BMW,M850i xDrive Coupe,2021,petrol,4.4,11.7
BMW,M850i xDrive Coupe,2022,petrol,4.4,11.6
BMW,M850i xDrive Coupe,2023,petrol,4.4,12.2
BMW,M850i xDrive Coupe,2024,petrol,4.4,12.2
BMW,M850i xDrive Coupe,2025,petrol,4.4,12.2
BMW,M850i xDrive Coupe,2026,petrol,4.4,12.2
BMW,M850i xDrive Gran Coupe,2020,petrol,4.4,12.4
BMW,M850i xDrive Gran Coupe,2021,petrol,4.4,12.0
BMW,M850i xDrive Gran Coupe,2022,petrol,4.4,12.0
BMW,M850i xDrive Gran Coupe,2023,petrol,4.4,12.2
BMW,M850i xDrive Gran Coupe,2024,petrol,4.4,12.2
BMW,M850i xDrive Gran Coupe,2025,petrol,4.4,12.2
BMW,M850i xDrive Gran Coupe,2026,petrol,4.4,12.2
BMW,X1 M35i,2025,petrol,2.0,9.0
BMW,X1 M35i xDrive,2024,petrol,2.0,9.0
BMW,X1 M35i xDrive,2026,petrol,2.0,8.8
BMW,X1 xDrive28i,2012,petrol,2.0,8.5
BMW,X1 xDrive28i,2013,petrol,2.0,7.7
BMW,X1 xDrive28i,2014,petrol,2.0,7.8
BMW,X1 xDrive28i,2015,petrol,2.0,9.1
BMW,X1 xDrive28i,2016,petrol,2.0,9.2
BMW,X1 xDrive28i,2017,petrol,2.0,9.1
BMW,X1 xDrive28i,2018,petrol,2.0,9.3
BMW,X1 xDrive28i,2019,petrol,2.0,9.3
BMW,X1 xDrive28i,2020,petrol,2.0,9.1
BMW,X1 xDrive28i,2021,petrol,2.0,9.1
BMW,X1 xDrive28i,2022,petrol,2.0,9.1
BMW,X1 xDrive28i,2023,petrol,2.0,8.4
BMW,X1 xDrive28i,2024,petrol,2.0,8.4
BMW,X1 xDrive28i,2025,petrol,2.0,8.5
BMW,X1 xDrive28i,2026,petrol,2.0,8.3
BMW,X1 xDrive35i,2013,petrol,3.0,9.6
BMW,X1 xDrive35i,2014,petrol,3.0,9.8
BMW,X1 xDrive35i,2015,petrol,3.0,11.2
BMW,X2 M35i,2019,petrol,2.0,9.3
BMW,X2 M35i,2020,petrol,2.0,9.0
BMW,X2 M35i,2021,petrol,2.0,8.9
BMW,X2 M35i,2022,petrol,2.0,8.9
BMW,X2 M35i,2025,petrol,2.0,8.9
BMW,X2 M35i xDrive,2024,petrol,2.0,8.9
BMW,X2 M35i xDrive,2026,petrol,2.0,9.1
BMW,X2 xDrive28i,2018,petrol,2.0,9.5
BMW,X2 xDrive28i,2019,petrol,2.0,9.5
BMW,X2 xDrive28i,2020,petrol,2.0,8.8
BMW,X2 xDrive28i,2021,petrol,2.0,8.8
BMW,X2 xDrive28i,2022,petrol,2.0,8.8
BMW,X2 xDrive28i,2024,petrol,2.0,8.5
BMW,X2 xDrive28i,2025,petrol,2.0,8.5
BMW,X2 xDrive28i,2026,petrol,2.0,8.4
BMW,X3,2005,petrol,2.5,11.7
BMW,X3,2005,petrol,3.0,11.9
BMW,X3,2006,petrol,2.5,11.7
BMW,X3,2006,petrol,3.0,11.9
BMW,X3 3.0i,2007,petrol,3.0,10.55
BMW,X3 3.0i,2008,petrol,3.0,10.65
BMW,X3 3.0si,2007,petrol,3.0,10.55
BMW,X3 3.0si,2008,petrol,3.0,10.65
BMW,X3 30 xDrive,2026,petrol,2.0,8.1
BMW,X3 M,2020,petrol,3.0,14.6
BMW,X3 M,2021,petrol,3.0,14.6
BMW,X3 M,2022,petrol,3.0,13.9
BMW,X3 M,2023,petrol,3.0,13.9
BMW,X3 M,2024,petrol,3.0,13.9
BMW,X3 M Competition,2020,petrol,3.0,14.6
BMW,X3 M Competition,2021,petrol,3.0,14.6
BMW,X3 M Competition,2022,petrol,3.0,13.9
BMW,X3 M Competition,2023,petrol,3.0,13.9
BMW,X3 M Competition,2024,petrol,3.0,13.9
BMW,X3 M40i,2018,petrol,3.0,10.3
BMW,X3 M40i,2019,petrol,3.0,10.4
BMW,X3 M40i,2020,petrol,3.0,10.1
BMW,X3 M40i,2021,petrol,3.0,10.1
BMW,X3 M40i,2022,petrol,3.0,10.3
BMW,X3 M40i,2023,petrol,3.0,10.1
BMW,X3 M40i,2024,petrol,3.0,10.1
BMW,X3 M50 xDrive,2026,petrol,3.0,8.6
BMW,X3 M50i xDrive,2025,petrol,3.0,8.6
BMW,X3 xDrive 30i,2009,petrol,3.0,10.55
BMW,X3 xDrive28d,2015,diesel,2.0,7.9
BMW,X3 xDrive28d,2016,diesel,2.0,7.9
BMW,X3 xDrive28d,2017,diesel,2.0,8.0
BMW,X3 xDrive28i,2010,petrol,3.0,10.6
BMW,X3 xDrive28i,2011,petrol,3.0,9.6
BMW,X3 xDrive28i,2012,petrol,3.0,9.5
BMW,X3 xDrive28i,2013,petrol,2.0,8.4
BMW,X3 xDrive28i,2014,petrol,2.0,8.6
BMW,X3 xDrive28i,2015,petrol,2.0,9.9
BMW,X3 xDrive28i,2016,petrol,2.0,9.9
BMW,X3 xDrive28i,2017,petrol,2.0,10.0
BMW,X3 xDrive30e,2020,hybrid,2.0,9.9
BMW,X3 xDrive30e,2021,hybrid,2.0,9.9
BMW,X3 xDrive30e,2022,hybrid,2.0,9.9
BMW,X3 xDrive30e,2023,hybrid,2.0,10.1
BMW,X3 xDrive30e,2024,hybrid,2.0,10.1
BMW,X3 xDrive30i,2010,petrol,3.0,10.6
BMW,X3 xDrive30i,2018,petrol,2.0,9.5
BMW,X3 xDrive30i,2019,petrol,2.0,9.6
BMW,X3 xDrive30i,2020,petrol,2.0,9.2
BMW,X3 xDrive30i,2021,petrol,2.0,9.3
BMW,X3 xDrive30i,2022,petrol,2.0,9.9
BMW,X3 xDrive30i,2023,petrol,2.0,9.9
BMW,X3 xDrive30i,2024,petrol,2.0,9.9
BMW,X3 xDrive30i,2025,petrol,2.0,8.1
BMW,X3 xDrive35i,2011,petrol,3.0,9.6
BMW,X3 xDrive35i,2012,petrol,3.0,9.6
BMW,X3 xDrive35i,2013,petrol,3.0,9.6
BMW,X3 xDrive35i,2014,petrol,3.0,9.6
BMW,X3 xDrive35i,2015,petrol,3.0,10.9
BMW,X3 xDrive35i,2016,petrol,3.0,10.9
BMW,X3 xDrive35i,2017,petrol,3.0,11.1
BMW,X4 M,2020,petrol,3.0,14.6
BMW,X4 M,2021,petrol,3.0,14.6
BMW,X4 M,2022,petrol,3.0,13.9
BMW,X4 M,2023,petrol,3.0,13.9
BMW,X4 M,2024,petrol,3.0,13.9
BMW,X4 M,2025,petrol,3.0,13.9
BMW,X4 M Competition,2020,petrol,3.0,14.6
BMW,X4 M Competition,2021,petrol,3.0,14.6
BMW,X4 M Competition,2022,petrol,3.0,13.9
BMW,X4 M Competition,2023,petrol,3.0,13.9
BMW,X4 M Competition,2024,petrol,3.0,13.9
BMW,X4 M Competition,2025,petrol,3.0,13.9
BMW,X4 M40i,2016,petrol,3.0,11.3
BMW,X4 M40i,2017,petrol,3.0,11.1
BMW,X4 M40i,2018,petrol,3.0,11.4
BMW,X4 M40i,2019,petrol,3.0,10.4
BMW,X4 M40i,2020,petrol,3.0,10.1
BMW,X4 M40i,2021,petrol,3.0,10.1
BMW,X4 M40i,2022,petrol,3.0,10.3
BMW,X4 M40i,2023,petrol,3.0,10.1
BMW,X4 M40i,2024,petrol,3.0,10.1
BMW,X4 M40i xDrive,2025,petrol,3.0,10.0
BMW,X4 xDrive28i,2015,petrol,2.0,10.2
BMW,X4 xDrive28i,2016,petrol,2.0,10.2
BMW,X4 xDrive28i,2017,petrol,2.0,10.3
BMW,X4 xDrive28i,2018,petrol,2.0,10.3
BMW,X4 xDrive30i,2019,petrol,2.0,9.6
BMW,X4 xDrive30i,2020,petrol,2.0,9.2
BMW,X4 xDrive30i,2021,petrol,2.0,9.3
BMW,X4 xDrive30i,2022,petrol,2.0,9.9
BMW,X4 xDrive30i,2023,petrol,2.0,9.9
BMW,X4 xDrive30i,2024,petrol,2.0,9.9
BMW,X4 xDrive30i,2025,petrol,2.0,9.9
BMW,X4 xDrive35i,2015,petrol,3.0,10.9
BMW,X4 xDrive35i,2016,petrol,3.0,10.9
BMW,X5,2005,petrol,3.0,13.1
BMW,X5,2005,petrol,4.4,12.6
BMW,X5,2006,petrol,3.0,13.1
BMW,X5,2006,petrol,4.4,12.6
BMW,X5 3.0si,2007,petrol,3.0,11.7
BMW,X5 3.0si,2008,petrol,3.0,11.7
BMW,X5 4.8i,2007,petrol,4.8,13.3
BMW,X5 4.8i,2008,petrol,4.8,13.2
BMW,X5 4.8is,2005,petrol,4.8,12.6
BMW,X5 4.8is,2006,petrol,4.8,12.6
BMW,X5 M,2010,petrol,4.4,14.7
BMW,X5 M,2011,petrol,4.4,14.8
BMW,X5 M,2012,petrol,4.4,14.6
BMW,X5 M,2013,petrol,4.4,14.9
BMW,X5 M,2015,petrol,4.4,14.6
BMW,X5 M,2016,petrol,4.4,14.6
BMW,X5 M,2017,petrol,4.4,14.6
BMW,X5 M,2018,petrol,4.4,14.6
BMW,X5 M,2020,petrol,4.4,15.6
BMW,X5 M,2021,petrol,4.4,15.7
BMW,X5 M,2022,petrol,4.4,15.7
BMW,X5 M,2023,petrol,4.4,15.7
BMW,X5 M Competition,2020,petrol,4.4,15.6
BMW,X5 M Competition,2021,petrol,4.4,15.7
BMW,X5 M Competition,2022,petrol,4.4,15.7
BMW,X5 M Competition,2023,petrol,4.4,15.7
BMW,X5 M Competition,2024,petrol,4.4,15.8
BMW,X5 M Competition,2025,petrol,4.4,15.8
BMW,X5 M Competition,2026,petrol,4.4,15.8
BMW,X5 M50i,2020,petrol,4.4,12.8
BMW,X5 M50i,2021,petrol,4.4,12.7
BMW,X5 M50i,2022,petrol,4.4,12.7
BMW,X5 M50i,2023,petrol,4.4,13.0
BMW,X5 M60i,2024,petrol,4.4,12.3
BMW,X5 M60i xDrive,2025,petrol,4.4,12.3
BMW,X5 M60i xDrive,2026,petrol,4.4,12.3
BMW,X5 xDrive 30i,2009,petrol,3.0,11.7
BMW,X5 xDrive 35d,2009,diesel,3.0,9.3
BMW,X5 xDrive 48i,2009,petrol,4.8,13.2
BMW,X5 xDrive30i,2010,petrol,3.0,11.7
BMW,X5 xDrive35d,2010,diesel,3.0,9.3
BMW,X5 xDrive35d,2011,diesel,3.0,9.4
BMW,X5 xDrive35d,2012,diesel,3.0,9.4
BMW,X5 xDrive35d,2013,diesel,3.0,9.3
BMW,X5 xDrive35d,2015,diesel,3.0,8.7
BMW,X5 xDrive35d,2016,diesel,3.0,8.9
BMW,X5 xDrive35d,2017,diesel,3.0,9.3
BMW,X5 xDrive35d,2018,diesel,3.0,9.3
BMW,X5 xDrive35i,2011,petrol,3.0,11.0
BMW,X5 xDrive35i,2012,petrol,3.0,11.1
BMW,X5 xDrive35i,2013,petrol,3.0,11.1
BMW,X5 xDrive35i,2014,petrol,3.0,9.6
BMW,X5 xDrive35i,2015,petrol,3.0,11.1
BMW,X5 xDrive35i,2016,petrol,3.0,11.5
BMW,X5 xDrive35i,2017,petrol,3.0,11.5
BMW,X5 xDrive35i,2018,petrol,3.0,11.5
BMW,X5 xDrive40e,2016,hybrid,2.0,9.9
BMW,X5 xDrive40e,2017,hybrid,2.0,9.9
BMW,X5 xDrive40e,2018,hybrid,2.0,9.9
BMW,X5 xDrive40i,2019,petrol,3.0,10.5
BMW,X5 xDrive40i,2020,petrol,3.0,10.5
BMW,X5 xDrive40i,2021,petrol,3.0,10.4
BMW,X5 xDrive40i,2022,petrol,3.0,10.4
BMW,X5 xDrive40i,2023,petrol,3.0,10.4
BMW,X5 xDrive40i,2024,petrol,3.0,9.4
BMW,X5 xDrive40i,2025,petrol,3.0,9.4
BMW,X5 xDrive40i,2026,petrol,3.0,9.4
BMW,X5 xDrive45e,2021,hybrid,3.0,11.5
BMW,X5 xDrive45e,2022,hybrid,3.0,11.5
BMW,X5 xDrive45e,2023,hybrid,3.0,11.5
BMW,X5 xDrive48i,2010,petrol,4.8,13.2
BMW,X5 xDrive50e,2024,hybrid,3.0,10.6
BMW,X5 xDrive50e,2025,hybrid,3.0,10.6
BMW,X5 xDrive50e,2026,hybrid,3.0,10.7
BMW,X5 xDrive50i,2011,petrol,4.4,12.8
BMW,X5 xDrive50i,2012,petrol,4.4,12.9
BMW,X5 xDrive50i,2013,petrol,4.4,12.9
BMW,X5 xDrive50i,2014,petrol,4.4,12.2
BMW,X5 xDrive50i,2015,petrol,4.4,13.8
BMW,X5 xDrive50i,2016,petrol,4.4,13.8
BMW,X5 xDrive50i,2017,petrol,4.4,13.7
BMW,X5 xDrive50i,2018,petrol,4.4,13.5
BMW,X5 xDrive50i,2019,petrol,4.4,13.4
BMW,X5 xDrive50i,2020,petrol,4.4,12.8
BMW,X6 M,2010,petrol,4.4,14.7
BMW,X6 M,2011,petrol,4.4,14.8
BMW,X6 M,2012,petrol,4.4,14.6
BMW,X6 M,2013,petrol,4.4,14.9
BMW,X6 M,2014,petrol,4.4,14.2
BMW,X6 M,2015,petrol,4.4,14.6
BMW,X6 M,2016,petrol,4.4,14.6
BMW,X6 M,2017,petrol,4.4,14.6
BMW,X6 M,2018,petrol,4.4,14.6
BMW,X6 M,2019,petrol,4.4,14.6
BMW,X6 M,2020,petrol,4.4,15.6
BMW,X6 M,2021,petrol,4.4,15.7
BMW,X6 M,2022,petrol,4.4,15.7
BMW,X6 M,2023,petrol,4.4,15.7
BMW,X6 M Competition,2020,petrol,4.4,15.6
BMW,X6 M Competition,2021,petrol,4.4,15.7
BMW,X6 M Competition,2022,petrol,4.4,15.7
BMW,X6 M Competition,2023,petrol,4.4,15.7
BMW,X6 M Competition,2024,petrol,4.4,15.8
BMW,X6 M Competition,2025,petrol,4.4,15.8
BMW,X6 M Competition,2026,petrol,4.4,15.8
BMW,X6 M50i,2020,petrol,4.4,12.8
BMW,X6 M50i,2021,petrol,4.4,12.7
BMW,X6 M50i,2022,petrol,4.4,12.7
BMW,X6 M50i,2023,petrol,4.4,13.0
BMW,X6 M60i,2024,petrol,4.4,12.3
BMW,X6 M60i xDrive,2025,petrol,4.4,12.3
BMW,X6 M60i xDrive,2026,petrol,4.4,12.3
BMW,X6 xDrive 35i,2009,petrol,3.0,12.4
BMW,X6 xDrive 50i,2009,petrol,4.4,14.3
BMW,X6 xDrive35i,2008,petrol,3.0,12.4
BMW,X6 xDrive35i,2010,petrol,3.0,12.4
BMW,X6 xDrive35i,2011,petrol,3.0,11.0
BMW,X6 xDrive35i,2012,petrol,3.0,11.1
BMW,X6 xDrive35i,2013,petrol,3.0,11.1
BMW,X6 xDrive35i,2014,petrol,3.0,10.4
BMW,X6 xDrive35i,2015,petrol,3.0,11.1
BMW,X6 xDrive35i,2016,petrol,3.0,11.5
BMW,X6 xDrive35i,2017,petrol,3.0,11.5
BMW,X6 xDrive35i,2018,petrol,3.0,11.5
BMW,X6 xDrive35i,2019,petrol,3.0,11.6
BMW,X6 xDrive40i,2020,petrol,3.0,10.5
BMW,X6 xDrive40i,2021,petrol,3.0,10.4
BMW,X6 xDrive40i,2022,petrol,3.0,10.4
BMW,X6 xDrive40i,2023,petrol,3.0,10.4
BMW,X6 xDrive40i,2024,petrol,3.0,9.6
BMW,X6 xDrive40i,2025,petrol,3.0,9.6
BMW,X6 xDrive40i,2026,petrol,3.0,10.0
BMW,X6 xDrive50i,2010,petrol,4.4,14.3
BMW,X6 xDrive50i,2011,petrol,4.4,12.8
BMW,X6 xDrive50i,2012,petrol,4.4,12.9
BMW,X6 xDrive50i,2013,petrol,4.4,12.9
BMW,X6 xDrive50i,2014,petrol,4.4,12.4
BMW,X6 xDrive50i,2015,petrol,4.4,13.8
BMW,X6 xDrive50i,2016,petrol,4.4,13.8
BMW,X6 xDrive50i,2017,petrol,4.4,13.7
BMW,X6 xDrive50i,2018,petrol,4.4,13.5
BMW,X6 xDrive50i,2019,petrol,4.4,12.6
BMW,X7 M50i,2020,petrol,4.4,13.6
BMW,X7 M50i,2021,petrol,4.4,13.8
BMW,X7 M50i,2022,petrol,4.4,13.8
BMW,X7 M60i,2024,petrol,4.4,12.9
BMW,X7 M60i xDrive,2023,petrol,4.4,12.9
BMW,X7 M60i xDrive,2025,petrol,4.4,13.3
BMW,X7 M60i xDrive,2026,petrol,4.4,13.3
BMW,X7 xDrive40i,2019,petrol,3.0,10.8
BMW,X7 xDrive40i,2020,petrol,3.0,10.8
BMW,X7 xDrive40i,2021,petrol,3.0,11.1
BMW,X7 xDrive40i,2022,petrol,3.0,11.1
BMW,X7 xDrive40i,2023,petrol,3.0,10.5
BMW,X7 xDrive40i,2024,petrol,3.0,10.5
BMW,X7 xDrive40i,2025,petrol,3.0,10.7
BMW,X7 xDrive40i,2026,petrol,3.0,10.4
BMW,X7 xDrive50i,2019,petrol,4.4,12.6
BMW,X7 xDrive50i,2020,petrol,4.4,13.6
BMW,XM,2023,hybrid,4.4,17.2
BMW,XM,2024,hybrid,4.4,17.2
BMW,XM,2025,hybrid,4.4,17.2
BMW,XM Label,2025,hybrid,4.4,17.1
BMW,XM Label,2026,hybrid,4.4,17.0
BMW,XM Label Red,2024,hybrid,4.4,17.1
BMW,Z4 3.0i,2007,petrol,3.0,9.55
BMW,Z4 3.0si,2007,petrol,3.0,9.55
BMW,Z4 3.0si,2008,petrol,3.0,9.3
BMW,Z4 M40i,2020,petrol,3.0,9.3
BMW,Z4 M40i,2021,petrol,3.0,9.5
BMW,Z4 M40i,2022,petrol,3.0,9.6
BMW,Z4 M40i,2023,petrol,3.0,9.1
BMW,Z4 M40i,2024,petrol,3.0,9.1
BMW,Z4 M40i,2025,petrol,3.0,10.1
BMW,Z4 M40i Roadster,2026,petrol,3.0,10.1
BMW,Z4 Roadster,2005,petrol,2.5,9.53
BMW,Z4 Roadster,2005,petrol,3.0,9.63
BMW,Z4 sDrive28i,2012,petrol,2.0,7.3
BMW,Z4 sDrive28i,2013,petrol,2.0,7.65
BMW,Z4 sDrive28i,2014,petrol,2.0,7.65
BMW,Z4 sDrive28i,2015,petrol,2.0,9.05
BMW,Z4 sDrive28i,2016,petrol,2.0,9.05
BMW,Z4 sDrive30i,2010,petrol,3.0,9.15
BMW,Z4 sDrive30i,2011,petrol,3.0,9.05
BMW,Z4 sDrive30i,2019,petrol,2.0,8.5
BMW,Z4 sDrive30i,2020,petrol,2.0,8.5
BMW,Z4 sDrive30i,2021,petrol,2.0,8.4
BMW,Z4 sDrive30i,2022,petrol,2.0,8.5
BMW,Z4 sDrive30i,2023,petrol,2.0,8.4
BMW,Z4 sDrive30i,2024,petrol,2.0,8.4
BMW,Z4 sDrive30i,2025,petrol,2.0,8.4
BMW,Z4 sDrive30i Roadster,2026,petrol,2.0,8.4
BMW,Z4 sDrive35i,2010,petrol,3.0,10.05
BMW,Z4 sDrive35i,2011,petrol,3.0,10.1
BMW,Z4 sDrive35i,2012,petrol,3.0,10.05
BMW,Z4 sDrive35i,2013,petrol,3.0,10.1
BMW,Z4 sDrive35i,2014,petrol,3.0,10.05
BMW,Z4 sDrive35i,2015,petrol,3.0,11.55
BMW,Z4 sDrive35i,2016,petrol,3.0,12.1
BMW,Z4 sDrive35is,2011,petrol,3.0,10.5
BMW,Z4 sDrive35is,2012,petrol,3.0,10.5
BMW,Z4 sDrive35is,2013,petrol,3.0,10.6
BMW,Z4 sDrive35is,2014,petrol,3.0,10.5
BMW,Z4 sDrive35is,2015,petrol,3.0,12.1
BMW,Z4 sDrive35is,2016,petrol,3.0,12.1
BMW,i3,2015,electric,,16.8
BMW,i3,2016,electric,,16.8
BMW,i3,2018,electric,,17.8
BMW,i3 (120 Ah),2019,electric,,18.5
BMW,i3 (120 Ah),2020,electric,,18.5
BMW,i3 (120 Ah),2021,electric,,18.5
BMW,i3 (60 Ah),2017,electric,,16.8
BMW,i3 (94 Ah),2017,electric,,17.8
BMW,i3 REx,2015,hybrid,0.6,6.0
BMW,i3 REx,2016,hybrid,0.6,6.0
BMW,i3 REx,2018,hybrid,0.6,6.8
BMW,i3 REx (120 Ah),2019,hybrid,0.6,7.7
BMW,i3 REx (120 Ah),2020,hybrid,0.6,7.7
BMW,i3 REx (120 Ah),2021,hybrid,0.6,7.7
BMW,i3 REx (94 Ah),2017,hybrid,0.6,6.7
BMW,i3s,2018,electric,,18.9
BMW,i3s (120 Ah),2019,electric,,18.5
BMW,i3s (120 Ah),2020,electric,,18.5
BMW,i3s (120 Ah),2021,electric,,18.5
BMW,i3s REx,2018,hybrid,0.6,6.8
BMW,i3s REx (120 Ah),2019,hybrid,0.6,7.7
BMW,i3s REx (120 Ah),2020,hybrid,0.6,7.7
BMW,i3s REx (120 Ah),2021,hybrid,0.6,7.7
BMW,"i4 M50 Gran Coupe (19"" Wheels)",2023,electric,,21.9
BMW,"i4 M50 Gran Coupe (19"" Wheels)",2024,electric,,22.0
BMW,"i4 M50 Gran Coupe (20"" Wheels)",2023,electric,,26.3
BMW,"i4 M50 Gran Coupe (20"" Wheels)",2024,electric,,26.3
BMW,"i4 M50 xDrive (19"" Wheels)",2022,electric,,21.9
BMW,"i4 M50 xDrive (20"" Wheels)",2022,electric,,26.3
BMW,"i4 M50 xDrive Gran Coupe (19"" Wheels)",2025,electric,,22.3
BMW,"i4 M50 xDrive Gran Coupe (20"" Wheels)",2025,electric,,26.2
BMW,"i4 M60 xDrive Gran Coupe (19"" Wheels)",2026,electric,,21.4
BMW,"i4 M60 xDrive Gran Coupe (20"" Wheels)",2026,electric,,25.7
BMW,"i4 eDrive35 Gran Coupe (18"" Wheels)",2023,electric,,18.5
BMW,"i4 eDrive35 Gran Coupe (18"" Wheels)",2024,electric,,17.4
BMW,"i4 eDrive35 Gran Coupe (18"" Wheels)",2025,electric,,18.1
BMW,"i4 eDrive35 Gran Coupe (19"" Wheels)",2023,electric,,20.0
BMW,"i4 eDrive35 Gran Coupe (19"" Wheels)",2024,electric,,19.1
BMW,"i4 eDrive35 Gran Coupe (19"" Wheels)",2025,electric,,19.7
BMW,"i4 eDrive40 (18"" Wheels)",2022,electric,,19.2
BMW,"i4 eDrive40 (19"" Wheels)",2022,electric,,21.1
BMW,"i4 eDrive40 Gran Coupe (18"" Wheels)",2023,electric,,19.2
BMW,"i4 eDrive40 Gran Coupe (18"" Wheels)",2024,electric,,19.2
BMW,"i4 eDrive40 Gran Coupe (18"" Wheels)",2025,electric,,18.7
BMW,"i4 eDrive40 Gran Coupe (18"" Wheels)",2026,electric,,17.7
BMW,"i4 eDrive40 Gran Coupe (19"" Wheels)",2023,electric,,21.1
BMW,"i4 eDrive40 Gran Coupe (19"" Wheels)",2024,electric,,21.0
BMW,"i4 eDrive40 Gran Coupe (19"" Wheels)",2025,electric,,20.1
BMW,"i4 eDrive40 Gran Coupe (19"" Wheels)",2026,electric,,19.3
BMW,"i4 xDrive40 Gran Coupe (18"" Wheels)",2024,electric,,19.2
BMW,"i4 xDrive40 Gran Coupe (18"" Wheels)",2025,electric,,20.8
BMW,"i4 xDrive40 Gran Coupe (18"" Wheels)",2026,electric,,20.8
BMW,"i4 xDrive40 Gran Coupe (19"" Wheels)",2024,electric,,21.2
BMW,"i4 xDrive40 Gran Coupe (19"" Wheels)",2025,electric,,22.4
BMW,"i4 xDrive40 Gran Coupe (19"" Wheels)",2026,electric,,22.4
BMW,"i5 M60 Sedan (19"" Wheels)",2024,electric,,23.0
BMW,"i5 M60 Sedan (20"" Wheels)",2024,electric,,23.5
BMW,"i5 M60 Sedan (21"" Wheels)",2024,electric,,24.6
BMW,"i5 M60 xDrive Sedan (19"" Wheels)",2025,electric,,23.3
BMW,"i5 M60 xDrive Sedan (19"" Wheels)",2026,electric,,21.2
BMW,"i5 M60 xDrive Sedan (20"" Wheels)",2025,electric,,23.8
BMW,"i5 M60 xDrive Sedan (20"" Wheels)",2026,electric,,22.3
BMW,"i5 M60 xDrive Sedan (21"" Wheels)",2025,electric,,24.9
BMW,"i5 M60 xDrive Sedan (21"" Wheels)",2026,electric,,23.1
BMW,"i5 xDrive40 Sedan (19"" Wheels)",2025,electric,,22.5
BMW,"i5 xDrive40 Sedan (19"" Wheels)",2026,electric,,21.4
BMW,"i5 xDrive40 Sedan (20"" Wheels)",2025,electric,,22.6
BMW,"i5 xDrive40 Sedan (20"" Wheels)",2026,electric,,21.9
BMW,"i5 xDrive40 Sedan (21"" Wheels)",2025,electric,,24.1
BMW,"i5 xDrive40 Sedan (21"" Wheels)",2026,electric,,23.1
BMW,"i7 M70 xDrive Sedan (20"" Wheels)",2024,electric,,27.4
BMW,"i7 M70 xDrive Sedan (20"" Wheels)",2025,electric,,27.9
BMW,"i7 M70 xDrive Sedan (20"" Wheels)",2026,electric,,28.0
BMW,"i7 M70 xDrive Sedan (21"" Wheels)",2024,electric,,25.8
BMW,"i7 M70 xDrive Sedan (21"" Wheels)",2025,electric,,26.4
BMW,"i7 M70 xDrive Sedan (21"" Wheels)",2026,electric,,26.4
BMW,"i7 xDrive60 (19"" Wheels)",2023,electric,,23.5
BMW,"i7 xDrive60 (20"" Wheels)",2023,electric,,25.2
BMW,"i7 xDrive60 (21"" Wheels)",2023,electric,,24.1
BMW,"i7 xDrive60 Sedan (19"" Wheels)",2024,electric,,23.4
BMW,"i7 xDrive60 Sedan (19"" Wheels)",2025,electric,,23.9
BMW,"i7 xDrive60 Sedan (19"" Wheels)",2026,electric,,23.9
BMW,"i7 xDrive60 Sedan (20"" Wheels)",2024,electric,,25.0
BMW,"i7 xDrive60 Sedan (20"" Wheels)",2025,electric,,25.3
BMW,"i7 xDrive60 Sedan (20"" Wheels)",2026,electric,,25.3
BMW,"i7 xDrive60 Sedan (21"" Wheels)",2024,electric,,23.8
BMW,"i7 xDrive60 Sedan (21"" Wheels)",2025,electric,,24.1
BMW,"i7 xDrive60 Sedan (21"" Wheels)",2026,electric,,24.1
BMW,i8,2015,hybrid,1.5,8.3
BMW,i8,2016,hybrid,1.5,8.3
BMW,i8,2017,hybrid,1.5,8.3
BMW,i8 Coupe,2019,hybrid,1.5,8.7
BMW,i8 Coupe,2020,hybrid,1.5,8.7
BMW,i8 Roadster,2019,hybrid,1.5,8.7
BMW,i8 Roadster,2020,hybrid,1.5,8.7
BMW,"iX M60 (21"" Wheels)",2023,electric,,27.0
BMW,"iX M60 (21"" Wheels)",2024,electric,,26.4
BMW,"iX M60 (21"" Wheels)",2025,electric,,27.6
BMW,"iX M60 (22"" Wheels)",2023,electric,,26.7
BMW,"iX M60 (22"" Wheels)",2024,electric,,26.2
BMW,"iX M60 (22"" Wheels)",2025,electric,,27.2
BMW,"iX M70 (21"" Wheels)",2026,electric,,26.1
BMW,"iX M70 (22"" Wheels)",2026,electric,,27.6
BMW,"iX M70 (23"" Wheels)",2026,electric,,27.8
BMW,"iX xDrive40 (20"" Wheels)",2023,electric,,25.3
BMW,"iX xDrive40 (20"" Wheels)",2024,electric,,24.2
BMW,"iX xDrive40 (20"" Wheels)",2025,electric,,24.4
BMW,"iX xDrive40 (21"" Wheels)",2023,electric,,25.2
BMW,"iX xDrive40 (21"" Wheels)",2024,electric,,24.6
BMW,"iX xDrive40 (21"" Wheels)",2025,electric,,25.3
BMW,"iX xDrive40 (22"" Wheels)",2023,electric,,25.3
BMW,"iX xDrive40 (22"" Wheels)",2024,electric,,23.8
BMW,"iX xDrive40 (22"" Wheels)",2025,electric,,24.0
BMW,"iX xDrive45 (20"" Wheels)",2026,electric,,22.4
BMW,"iX xDrive45 (21"" Wheels)",2026,electric,,23.4
BMW,"iX xDrive45 (22"" Wheels)",2026,electric,,25.0
BMW,"iX xDrive45 (23"" Wheels)",2026,electric,,24.0
BMW,"iX xDrive50 (20"" Wheels)",2022,electric,,24.2
BMW,"iX xDrive50 (20"" Wheels)",2023,electric,,24.2
BMW,"iX xDrive50 (20"" Wheels)",2024,electric,,25.0
BMW,"iX xDrive50 (20"" Wheels)",2025,electric,,25.2
BMW,"iX xDrive50 (21"" Wheels)",2022,electric,,25.3
BMW,"iX xDrive50 (21"" Wheels)",2023,electric,,25.3
BMW,"iX xDrive50 (21"" Wheels)",2024,electric,,25.4
BMW,"iX xDrive50 (21"" Wheels)",2025,electric,,25.8
BMW,"iX xDrive50 (22"" Wheels)",2022,electric,,24.4
BMW,"iX xDrive50 (22"" Wheels)",2023,electric,,24.4
BMW,"iX xDrive50 (22"" Wheels)",2024,electric,,25.6
BMW,"iX xDrive50 (22"" Wheels)",2025,electric,,25.8
BMW,"iX xDrive60 (20"" Wheels)",2026,electric,,21.6
BMW,"iX xDrive60 (21"" Wheels)",2026,electric,,23.1
BMW,"iX xDrive60 (22"" Wheels)",2026,electric,,23.9
BMW,"iX xDrive60 (23"" Wheels)",2026,electric,,24.6
Bentley,Arnage,2005,petrol,6.7,19.3
Bentley,Arnage,2006,petrol,6.7,19.3
Bentley,Arnage,2007,petrol,6.7,18.3
Bentley,Arnage,2008,petrol,6.8,18.5
Bentley,Arnage,2009,petrol,6.8,18.5
Bentley,Arnage LWB,2005,petrol,6.7,19.3
Bentley,Arnage LWB,2006,petrol,6.7,19.3
Bentley,Arnage RL,2009,petrol,6.8,18.5
Bentley,Azure,2007,petrol,6.7,18.3
Bentley,Azure,2008,petrol,6.8,18.4
Bentley,Azure,2009,petrol,6.8,18.5
Bentley,Azure,2010,petrol,6.8,18.4
Bentley,Bentayga,2017,petrol,6.0,15.9
Bentley,Bentayga,2018,petrol,6.0,15.9
Bentley,Bentayga,2019,petrol,4.0,13.6
Bentley,Bentayga,2020,petrol,4.0,13.6
Bentley,Bentayga,2020,petrol,6.0,17.2
Bentley,Bentayga,2021,petrol,4.0,13.2
Bentley,Bentayga,2021,petrol,6.0,16.3
Bentley,Bentayga,2022,petrol,4.0,13.2
Bentley,Bentayga,2023,petrol,4.0,14.0
Bentley,Bentayga,2024,petrol,4.0,14.6
Bentley,Bentayga,2025,petrol,4.0,14.6
Bentley,Bentayga,2026,petrol,4.0,14.6
Bentley,Bentayga EWB,2023,petrol,4.0,14.0
Bentley,Bentayga EWB,2024,petrol,4.0,14.6
Bentley,Bentayga EWB,2025,petrol,4.0,14.6
Bentley,Bentayga EWB,2026,petrol,4.0,14.6
Bentley,Bentayga Hybrid,2020,hybrid,3.0,12.6
Bentley,Bentayga Hybrid,2021,hybrid,3.0,12.7
Bentley,Bentayga Hybrid,2023,hybrid,3.0,11.7
Bentley,Bentayga Hybrid,2024,hybrid,3.0,11.3
Bentley,Bentayga Hybrid,2025,hybrid,3.0,11.3
Bentley,Bentayga Hybrid,2026,hybrid,3.0,11.3
Bentley,Bentayga Speed,2022,petrol,6.0,16.3
Bentley,Bentayga Speed,2023,petrol,6.0,16.3
Bentley,Brooklands,2009,petrol,6.8,18.5
Bentley,Continental Flying Spur,2006,petrol,6.0,17.1
Bentley,Continental Flying Spur,2007,petrol,6.0,16.8
Bentley,Continental Flying Spur,2008,petrol,6.0,16.8
Bentley,Continental Flying Spur,2009,petrol,6.0,16.8
Bentley,Continental Flying Spur,2010,petrol,6.0,16.9
Bentley,Continental Flying Spur,2011,petrol,6.0,15.6
Bentley,Continental Flying Spur,2012,petrol,6.0,15.6
Bentley,Continental Flying Spur,2013,petrol,6.0,15.6
Bentley,Continental GT,2005,petrol,6.0,16.9
Bentley,Continental GT,2006,petrol,6.0,16.5
Bentley,Continental GT,2007,petrol,6.0,16.5
Bentley,Continental GT,2008,petrol,6.0,16.5
Bentley,Continental GT,2009,petrol,6.0,16.5
Bentley,Continental GT,2010,petrol,6.0,16.4
Bentley,Continental GT,2012,petrol,6.0,15.4
Bentley,Continental GT,2013,petrol,6.0,15.4
Bentley,Continental GT,2014,petrol,6.0,13.7
Bentley,Continental GT,2015,petrol,4.0,13.1
Bentley,Continental GT,2015,petrol,6.0,15.4
Bentley,Continental GT,2016,petrol,4.0,13.1
Bentley,Continental GT,2016,petrol,6.0,15.4
Bentley,Continental GT,2017,petrol,4.0,13.1
Bentley,Continental GT,2017,petrol,6.0,15.4
Bentley,Continental GT,2020,petrol,4.0,12.4
Bentley,Continental GT,2020,petrol,6.0,15.7
Bentley,Continental GT,2021,petrol,4.0,12.3
Bentley,Continental GT,2021,petrol,6.0,15.7
Bentley,Continental GT,2022,petrol,4.0,12.2
Bentley,Continental GT,2023,petrol,4.0,13.1
Bentley,Continental GT,2024,petrol,4.0,13.7
Bentley,Continental GT,2024,petrol,6.0,15.7
Bentley,Continental GT,2025,hybrid,4.0,12.3
Bentley,Continental GT,2026,hybrid,4.0,12.3
Bentley,Continental GT Convertible,2015,petrol,4.0,14.4
Bentley,Continental GT Convertible,2015,petrol,6.0,16.0
Bentley,Continental GT Convertible,2016,petrol,4.0,14.4
Bentley,Continental GT Convertible,2016,petrol,6.0,16.0
Bentley,Continental GT Convertible,2017,petrol,4.0,14.4
Bentley,Continental GT Convertible,2017,petrol,6.0,16.0
Bentley,Continental GT Convertible,2018,petrol,6.0,16.6
Bentley,Continental GT Convertible,2020,petrol,4.0,12.4
Bentley,Continental GT Convertible,2020,petrol,6.0,16.0
Bentley,Continental GT Convertible,2021,petrol,4.0,12.3
Bentley,Continental GT Convertible,2021,petrol,6.0,16.0
Bentley,Continental GT Convertible,2022,petrol,4.0,12.5
Bentley,Continental GT Convertible,2024,petrol,4.0,14.3
Bentley,Continental GT Convertible,2024,petrol,6.0,16.6
Bentley,Continental GT Convertible Speed,2022,petrol,6.0,17.0
Bentley,Continental GT Speed,2022,petrol,6.0,16.2
Bentley,Continental GT Speed,2023,petrol,6.0,16.2
Bentley,Continental GT Speed,2025,hybrid,4.0,12.3
Bentley,Continental GT Speed Convertible,2014,petrol,6.0,14.6
Bentley,Continental GT3-R,2015,petrol,4.0,14.2
Bentley,Continental GTC,2007,petrol,6.0,16.8
Bentley,Continental GTC,2008,petrol,6.0,16.8
Bentley,Continental GTC,2009,petrol,6.0,16.8
Bentley,Continental GTC,2010,petrol,6.0,16.9
Bentley,Continental GTC,2011,petrol,6.0,15.6
Bentley,Continental GTC,2012,petrol,6.0,15.6
Bentley,Continental GTC,2013,petrol,6.0,15.6
Bentley,Continental GTC,2014,petrol,6.0,14.6
Bentley,Continental GTC,2023,petrol,4.0,13.4
Bentley,Continental GTC,2025,hybrid,4.0,12.3
Bentley,Continental GTC,2026,hybrid,4.0,12.3
Bentley,Continental GTC Speed,2023,petrol,6.0,17.0
Bentley,Continental GTC Speed,2025,hybrid,4.0,12.3
Bentley,Continental Supersports,2010,petrol,6.0,15.1
Bentley,Continental Supersports,2011,petrol,6.0,15.0
Bentley,Continental Supersports,2012,petrol,6.0,15.0
Bentley,Continental Supersports,2018,petrol,6.0,16.6
Bentley,Continental Supersports Conv,2011,petrol,6.0,15.4
Bentley,Continental Supersports Conv,2012,petrol,6.0,15.4
Bentley,Continental Supersports Convertible,2013,petrol,6.0,15.4
Bentley,Flying Spur,2015,petrol,4.0,14.2
Bentley,Flying Spur,2015,petrol,6.0,16.5
Bentley,Flying Spur,2016,petrol,4.0,14.2
Bentley,Flying Spur,2016,petrol,6.0,16.5
Bentley,Flying Spur,2017,petrol,4.0,13.8
Bentley,Flying Spur,2017,petrol,6.0,16.0
Bentley,Flying Spur,2018,petrol,4.0,15.1
Bentley,Flying Spur,2018,petrol,6.0,16.6
Bentley,Flying Spur,2020,petrol,6.0,16.0
Bentley,Flying Spur,2021,petrol,4.0,13.7
Bentley,Flying Spur,2021,petrol,6.0,16.0
Bentley,Flying Spur,2022,petrol,4.0,13.7
Bentley,Flying Spur,2022,petrol,6.0,16.0
Bentley,Flying Spur,2023,petrol,4.0,13.6
Bentley,Flying Spur,2024,petrol,4.0,14.2
Bentley,Flying Spur,2024,petrol,6.0,16.2
Bentley,Flying Spur,2025,hybrid,4.0,12.3
Bentley,Flying Spur,2026,hybrid,4.0,12.3
Bentley,Flying Spur Hybrid,2022,hybrid,2.9,12.3
Bentley,Flying Spur Hybrid,2023,hybrid,2.9,12.3
Bentley,Flying Spur Hybrid,2024,hybrid,2.9,12.3
Bentley,Flying Spur Speed,2023,petrol,6.0,16.0
Bentley,Flying Spur Speed,2025,hybrid,4.0,12.3
Bentley,Mulsanne,2011,petrol,6.8,16.6
Bentley,Mulsanne,2012,petrol,6.8,16.6
Bentley,Mulsanne,2013,petrol,6.8,16.9
Bentley,Mulsanne,2014,petrol,6.8,16.9
Bentley,Mulsanne,2015,petrol,6.8,18.2
Bentley,Mulsanne,2016,petrol,6.8,17.5
Bentley,Mulsanne,2017,petrol,6.8,17.5
Bentley,Mulsanne,2018,petrol,6.8,17.3
Bentley,Mulsanne,2019,petrol,6.8,20.0
Bentley,Mulsanne,2020,petrol,6.8,20.0
Bentley,Mulsanne EWB,2017,petrol,6.8,18.3
Chevrolet,Astro Cargo,2005,petrol,4.3,12.7
Chevrolet,Astro Cargo AWD,2005,petrol,4.3,15.2
Chevrolet,Astro Passenger,2005,petrol,4.3,12.6
Chevrolet,Astro Passenger AWD,2005,petrol,4.3,15.2
Chevrolet,Avalanche,2007,petrol,5.3,12.5
Chevrolet,Avalanche,2007,petrol,6.0,14.1
Chevrolet,Avalanche,2008,petrol,5.3,12.5
Chevrolet,Avalanche,2008,petrol,6.0,14.5
Chevrolet,Avalanche,2009,petrol,5.3,12.7
Chevrolet,Avalanche,2009,petrol,6.0,13.1
Chevrolet,Avalanche,2010,petrol,5.3,12.2
Chevrolet,Avalanche,2011,petrol,5.3,12.2
Chevrolet,Avalanche,2012,petrol,5.3,12.1
Chevrolet,Avalanche,2013,petrol,5.3,12.1
Chevrolet,Avalanche 4WD,2011,petrol,5.3,12.2
Chevrolet,Avalanche 4WD,2012,petrol,5.3,12.2
Chevrolet,Avalanche 4WD,2013,petrol,5.3,12.1
Chevrolet,Avalanche 4X4,2007,petrol,6.0,14.3
Chevrolet,Avalanche 4X4,2008,petrol,6.0,14.8
Chevrolet,Avalanche 4X4 FFV,2007,petrol,5.3,13.1
Chevrolet,Avalanche 4X4 FFV,2008,petrol,5.3,13.1
Chevrolet,Avalanche FFV,2007,petrol,5.3,12.8
Chevrolet,Avalanche FFV,2008,petrol,5.3,12.7
Chevrolet,Avalanche FFV,2009,petrol,5.3,12.7
Chevrolet,Aveo,2005,petrol,1.6,7.7
Chevrolet,Aveo,2006,petrol,1.6,8.0
Chevrolet,Aveo,2007,petrol,1.6,7.65
Chevrolet,Aveo,2008,petrol,1.6,7.6
Chevrolet,Aveo,2009,petrol,1.6,7.0
Chevrolet,Aveo,2010,petrol,1.6,6.9
Chevrolet,Aveo,2011,petrol,1.6,6.9
Chevrolet,Aveo 5,2007,petrol,1.6,7.65
Chevrolet,Aveo 5,2008,petrol,1.6,7.6
Chevrolet,Aveo 5,2009,petrol,1.6,7.0
Chevrolet,Aveo 5,2010,petrol,1.6,6.9
Chevrolet,Aveo 5,2011,petrol,1.6,6.9
Chevrolet,Blazer,2019,petrol,2.5,9.9
Chevrolet,Blazer,2019,petrol,3.6,10.6
Chevrolet,Blazer,2020,petrol,2.0,9.8
Chevrolet,Blazer,2020,petrol,2.5,10.2
Chevrolet,Blazer,2021,petrol,2.0,9.4
Chevrolet,Blazer,2021,petrol,2.5,10.2
Chevrolet,Blazer,2021,petrol,3.6,10.5
Chevrolet,Blazer,2022,petrol,2.0,9.4
Chevrolet,Blazer,2022,petrol,3.6,10.7
Chevrolet,Blazer,2023,petrol,2.0,9.4
Chevrolet,Blazer 4X4,2005,petrol,4.3,14.3
Chevrolet,Blazer AWD,2019,petrol,3.6,11.3
Chevrolet,Blazer AWD,2020,petrol,2.0,10.1
Chevrolet,Blazer AWD,2020,petrol,3.6,11.4
Chevrolet,Blazer AWD,2021,petrol,2.0,9.7
Chevrolet,Blazer AWD,2021,petrol,3.6,10.9
Chevrolet,Blazer AWD,2022,petrol,2.0,9.9
Chevrolet,Blazer AWD,2022,petrol,3.6,11.0
Chevrolet,Blazer AWD,2023,petrol,2.0,9.9
Chevrolet,Blazer AWD,2023,petrol,3.6,11.0
Chevrolet,Blazer AWD,2024,petrol,2.0,9.9
Chevrolet,Blazer AWD,2024,petrol,3.6,11.2
Chevrolet,Blazer AWD,2025,petrol,2.0,9.9
Chevrolet,Blazer AWD,2025,petrol,3.6,11.2
Chevrolet,Blazer AWD,2026,petrol,2.0,9.9
Chevrolet,Blazer AWD,2026,petrol,3.6,11.2
Chevrolet,Blazer EV,2025,electric,,20.1
Chevrolet,Blazer EV,2026,electric,,20.1
Chevrolet,"Blazer EV (22"" Wheels)",2025,electric,,22.1
Chevrolet,"Blazer EV (22"" Wheels)",2026,electric,,22.1
Chevrolet,Blazer EV 2LT/RS AWD,2024,electric,,21.9
Chevrolet,Blazer EV LT/RS AWD,2025,electric,,22.1
Chevrolet,Blazer EV LT/RS AWD,2026,electric,,22.2
Chevrolet,Blazer EV RS,2024,electric,,22.8
Chevrolet,Blazer EV RWD,2025,electric,,22.0
Chevrolet,Blazer EV SS AWD,2025,electric,,24.7
Chevrolet,Blazer EV SS AWD,2026,electric,,24.7
Chevrolet,Bolt EUV,2022,electric,,18.3
Chevrolet,Bolt EUV,2023,electric,,18.3
Chevrolet,Bolt EV,2017,electric,,17.6
Chevrolet,Bolt EV,2018,electric,,17.6
Chevrolet,Bolt EV,2019,electric,,17.6
Chevrolet,Bolt EV,2020,electric,,17.8
Chevrolet,Bolt EV,2021,electric,,17.8
Chevrolet,Bolt EV,2022,electric,,17.5
Chevrolet,Bolt EV,2023,electric,,17.5
Chevrolet,C1500 Avalanche,2005,petrol,5.3,14.2
Chevrolet,C1500 Avalanche,2006,petrol,5.3,14.3
Chevrolet,C1500 Avalanche FFV,2005,petrol,5.3,14.1
Chevrolet,C1500 Avalanche FFV,2006,petrol,5.3,14.3
Chevrolet,C1500 Silverado,2005,petrol,4.3,13.05
Chevrolet,C1500 Silverado,2005,petrol,4.8,12.7
Chevrolet,C1500 Silverado,2005,petrol,5.3,13.0
Chevrolet,C1500 Silverado,2005,petrol,6.0,14.5
Chevrolet,C1500 Silverado,2006,petrol,4.3,12.9
Chevrolet,C1500 Silverado,2006,petrol,4.8,12.5
Chevrolet,C1500 Silverado,2006,petrol,5.3,13.0
Chevrolet,C1500 Silverado,2006,petrol,6.0,13.6
Chevrolet,C1500 Silverado FFV,2005,petrol,5.3,12.8
Chevrolet,C1500 Silverado FFV,2006,petrol,5.3,12.8
Chevrolet,C1500 Silverado Hybrid,2005,hybrid,5.3,11.9
Chevrolet,C1500 Silverado Hybrid,2006,hybrid,5.3,12.0
Chevrolet,C1500 Suburban,2005,petrol,5.3,14.2
Chevrolet,C1500 Suburban,2006,petrol,5.3,13.7
Chevrolet,C1500 Suburban FFV,2005,petrol,5.3,14.1
Chevrolet,C1500 Suburban FFV,2006,petrol,5.3,14.3
Chevrolet,C1500 Tahoe,2005,petrol,4.8,13.2
Chevrolet,C1500 Tahoe,2005,petrol,5.3,14.4
Chevrolet,C1500 Tahoe,2006,petrol,4.8,13.2
Chevrolet,C1500 Tahoe,2006,petrol,5.3,13.7
Chevrolet,C1500 Tahoe FFV,2005,petrol,5.3,15.8
Chevrolet,C1500 Tahoe FFV,2006,petrol,5.3,14.4
Chevrolet,Camaro,2010,petrol,3.6,9.6
Chevrolet,Camaro,2011,petrol,3.6,9.5
Chevrolet,Camaro,2012,petrol,3.6,9.65
Chevrolet,Camaro,2013,petrol,3.6,9.65
Chevrolet,Camaro,2014,petrol,3.6,9.95
Chevrolet,Camaro,2015,petrol,3.6,11.4
Chevrolet,Camaro,2015,petrol,6.2,12.75
Chevrolet,Camaro,2016,petrol,2.0,9.55
Chevrolet,Camaro,2016,petrol,3.6,10.9
Chevrolet,Camaro,2017,petrol,2.0,9.8
Chevrolet,Camaro,2017,petrol,3.6,11.15
Chevrolet,Camaro,2018,petrol,2.0,9.75
Chevrolet,Camaro,2018,petrol,3.6,11.05
Chevrolet,Camaro,2019,petrol,2.0,9.75
Chevrolet,Camaro,2019,petrol,3.6,11.1
Chevrolet,Camaro,2020,petrol,2.0,9.75
Chevrolet,Camaro,2020,petrol,3.6,11.2
Chevrolet,Camaro,2021,petrol,2.0,10.0
Chevrolet,Camaro,2021,petrol,3.6,11.35
Chevrolet,Camaro,2022,petrol,2.0,10.0
Chevrolet,Camaro,2022,petrol,3.6,11.35
Chevrolet,Camaro,2023,petrol,2.0,10.1
Chevrolet,Camaro,2023,petrol,3.6,11.35
Chevrolet,Camaro,2024,petrol,3.6,11.3
Chevrolet,Camaro 2LS,2012,petrol,3.6,9.1
Chevrolet,Camaro 2LS,2013,petrol,3.6,9.1
Chevrolet,Camaro 2LS,2014,petrol,3.6,9.1
Chevrolet,Camaro 2LS,2015,petrol,3.6,10.5
Chevrolet,Camaro SS,2010,petrol,6.2,10.85
Chevrolet,Camaro SS,2011,petrol,6.2,10.95
Chevrolet,Camaro SS,2012,petrol,6.2,11.1
Chevrolet,Camaro SS,2013,petrol,6.2,11.15
Chevrolet,Camaro SS,2014,petrol,6.2,11.15
Chevrolet,Camaro SS,2016,petrol,6.2,11.85
Chevrolet,Camaro SS,2017,petrol,6.2,11.9
Chevrolet,Camaro SS,2018,petrol,6.2,11.9
Chevrolet,Camaro SS,2019,petrol,6.2,12.3
Chevrolet,Camaro SS,2020,petrol,6.2,12.35
Chevrolet,Camaro SS,2021,petrol,6.2,12.3
Chevrolet,Camaro SS,2022,petrol,6.2,12.3
Chevrolet,Camaro SS,2023,petrol,6.2,12.3
Chevrolet,Camaro SS,2024,petrol,6.2,12.3
Chevrolet,Camaro Z/28,2015,petrol,6.2,15.5
Chevrolet,Camaro ZL1,2012,petrol,6.2,13.7
Chevrolet,Camaro ZL1,2013,petrol,6.2,14.0
Chevrolet,Camaro ZL1,2014,petrol,6.2,13.95
Chevrolet,Camaro ZL1,2015,petrol,6.2,15.75
Chevrolet,Camaro ZL1,2017,petrol,6.2,15.25
Chevrolet,Camaro ZL1,2018,petrol,6.2,15.1
Chevrolet,Camaro ZL1,2019,petrol,6.2,15.0
Chevrolet,Camaro ZL1,2020,petrol,6.2,14.95
Chevrolet,Camaro ZL1,2021,petrol,6.2,14.95
Chevrolet,Camaro ZL1,2022,petrol,6.2,15.0
Chevrolet,Camaro ZL1,2023,petrol,6.2,15.0
Chevrolet,Camaro ZL1,2024,petrol,6.2,15.0
Chevrolet,Cavalier,2005,petrol,2.2,8.15
Chevrolet,City Express,2015,petrol,2.0,9.4
Chevrolet,City Express,2016,petrol,2.0,9.4
Chevrolet,City Express,2017,petrol,2.0,9.4
Chevrolet,City Express,2018,petrol,2.0,9.3
Chevrolet,Cobalt,2005,petrol,2.2,8.2
Chevrolet,Cobalt,2006,petrol,2.0,8.9
Chevrolet,Cobalt,2006,petrol,2.2,8.15
Chevrolet,Cobalt,2006,petrol,2.4,8.05
Chevrolet,Cobalt,2007,petrol,2.2,8.0
Chevrolet,Cobalt,2007,petrol,2.4,8.1
Chevrolet,Cobalt,2008,petrol,2.2,7.85
Chevrolet,Cobalt,2008,petrol,2.4,7.95
Chevrolet,Cobalt,2009,petrol,2.2,7.35
Chevrolet,Cobalt,2010,petrol,2.2,7.35
Chevrolet,Cobalt #,2005,petrol,2.0,9.0
Chevrolet,Cobalt #,2007,petrol,2.0,9.0
Chevrolet,Cobalt SS,2010,petrol,2.0,8.1
Chevrolet,Cobalt Turbo,2008,petrol,2.0,8.1
Chevrolet,Cobalt Turbo,2009,petrol,2.0,8.2
Chevrolet,Cobalt XFE,2009,petrol,2.2,6.8
Chevrolet,Cobalt XFE,2010,petrol,2.2,6.8
Chevrolet,Colorado,2005,petrol,2.8,10.85
Chevrolet,Colorado,2005,petrol,3.5,11.15
Chevrolet,Colorado,2006,petrol,2.8,11.0
Chevrolet,Colorado,2006,petrol,3.5,10.95
Chevrolet,Colorado,2007,petrol,2.9,11.05
Chevrolet,Colorado,2007,petrol,3.7,11.7
Chevrolet,Colorado,2008,petrol,2.9,10.35
Chevrolet,Colorado,2008,petrol,3.7,11.9
Chevrolet,Colorado,2009,petrol,2.9,10.1
Chevrolet,Colorado,2009,petrol,3.7,10.8
Chevrolet,Colorado,2009,petrol,5.3,11.8
Chevrolet,Colorado,2010,petrol,2.9,9.9
Chevrolet,Colorado,2010,petrol,3.7,10.8
Chevrolet,Colorado,2010,petrol,5.3,12.4
Chevrolet,Colorado,2011,petrol,2.9,9.8
Chevrolet,Colorado,2011,petrol,3.7,10.8
Chevrolet,Colorado,2011,petrol,5.3,12.4
Chevrolet,Colorado,2012,petrol,2.9,9.85
Chevrolet,Colorado,2012,petrol,3.7,10.8
Chevrolet,Colorado,2012,petrol,5.3,12.4
Chevrolet,Colorado,2015,petrol,2.5,10.65
Chevrolet,Colorado,2015,petrol,3.6,11.3
Chevrolet,Colorado,2016,diesel,2.8,9.4
Chevrolet,Colorado,2016,petrol,2.5,10.65
Chevrolet,Colorado,2016,petrol,3.6,11.3
Chevrolet,Colorado,2017,diesel,2.8,9.5
Chevrolet,Colorado,2017,petrol,2.5,10.8
Chevrolet,Colorado,2017,petrol,3.6,11.7
Chevrolet,Colorado,2018,diesel,2.8,9.6
Chevrolet,Colorado,2018,petrol,2.5,10.75
Chevrolet,Colorado,2018,petrol,3.6,11.7
Chevrolet,Colorado,2019,diesel,2.8,10.1
Chevrolet,Colorado,2019,petrol,2.5,10.75
Chevrolet,Colorado,2019,petrol,3.6,11.7
Chevrolet,Colorado,2020,diesel,2.8,10.1
Chevrolet,Colorado,2020,petrol,2.5,10.8
Chevrolet,Colorado,2020,petrol,3.6,11.7
Chevrolet,Colorado,2021,diesel,2.8,10.1
Chevrolet,Colorado,2021,petrol,2.5,10.9
Chevrolet,Colorado,2021,petrol,3.6,11.3
Chevrolet,Colorado,2022,diesel,2.8,10.1
Chevrolet,Colorado,2022,petrol,2.5,10.9
Chevrolet,Colorado,2022,petrol,3.6,11.3
Chevrolet,Colorado,2023,petrol,2.7,10.7
Chevrolet,Colorado,2024,petrol,2.7,10.9
Chevrolet,Colorado,2025,petrol,2.7,11.5
Chevrolet,Colorado,2026,petrol,2.7,11.1
Chevrolet,Colorado (Turbo Plus),2023,petrol,2.7,11.8
Chevrolet,Colorado (Turbo Plus),2024,petrol,2.7,11.1
Chevrolet,Colorado 4WD,2010,petrol,2.9,10.3
Chevrolet,Colorado 4WD,2010,petrol,3.7,11.1
Chevrolet,Colorado 4WD,2010,petrol,5.3,13.1
Chevrolet,Colorado 4WD,2011,petrol,2.9,10.3
Chevrolet,Colorado 4WD,2011,petrol,3.7,11.2
Chevrolet,Colorado 4WD,2011,petrol,5.3,13.1
Chevrolet,Colorado 4WD,2012,petrol,2.9,10.3
Chevrolet,Colorado 4WD,2012,petrol,3.7,11.2
Chevrolet,Colorado 4WD,2012,petrol,5.3,13.0
Chevrolet,Colorado 4WD,2015,petrol,2.5,11.3
Chevrolet,Colorado 4WD,2015,petrol,3.6,11.8
Chevrolet,Colorado 4WD,2016,diesel,2.8,10.3
Chevrolet,Colorado 4WD,2016,petrol,2.5,11.3
Chevrolet,Colorado 4WD,2016,petrol,3.6,11.9
Chevrolet,Colorado 4WD,2017,diesel,2.8,10.4
Chevrolet,Colorado 4WD,2017,petrol,2.5,11.3
Chevrolet,Colorado 4WD,2017,petrol,3.6,12.2
Chevrolet,Colorado 4WD,2018,diesel,2.8,10.4
Chevrolet,Colorado 4WD,2018,petrol,2.5,11.3
Chevrolet,Colorado 4WD,2018,petrol,3.6,12.2
Chevrolet,Colorado 4WD,2019,diesel,2.8,10.5
Chevrolet,Colorado 4WD,2019,petrol,2.5,11.4
Chevrolet,Colorado 4WD,2019,petrol,3.6,12.2
Chevrolet,Colorado 4WD,2020,diesel,2.8,10.6
Chevrolet,Colorado 4WD,2020,petrol,2.5,11.3
Chevrolet,Colorado 4WD,2020,petrol,3.6,12.2
Chevrolet,Colorado 4WD,2021,diesel,2.8,10.5
Chevrolet,Colorado 4WD,2021,petrol,2.5,11.4
Chevrolet,Colorado 4WD,2021,petrol,3.6,12.1
Chevrolet,Colorado 4WD,2022,diesel,2.8,10.5
Chevrolet,Colorado 4WD,2022,petrol,2.5,11.4
Chevrolet,Colorado 4WD,2022,petrol,3.6,12.1
Chevrolet,Colorado 4WD,2023,petrol,2.7,11.3
Chevrolet,Colorado 4WD,2024,petrol,2.7,11.8
Chevrolet,Colorado 4WD,2025,petrol,2.7,12.4
Chevrolet,Colorado 4WD,2026,petrol,2.7,12.3
Chevrolet,Colorado 4WD (Turbo Plus),2023,petrol,2.7,12.4
Chevrolet,Colorado 4WD (Turbo Plus),2024,petrol,2.7,11.8
Chevrolet,Colorado 4WD Mud Terrain Tire,2025,petrol,2.7,13.1
Chevrolet,Colorado 4WD Mud Terrain Tire,2026,petrol,2.7,13.1
Chevrolet,Colorado 4WD Mud Terrain Tire (Turbo Plus),2023,petrol,2.7,13.1
Chevrolet,Colorado 4WD Mud Terrain Tire (Turbo Plus),2024,petrol,2.7,13.1
Chevrolet,Colorado 4X4,2005,petrol,2.8,11.6
Chevrolet,Colorado 4X4,2005,petrol,3.5,11.7
Chevrolet,Colorado 4X4,2006,petrol,2.8,11.95
Chevrolet,Colorado 4X4,2006,petrol,3.5,11.65
Chevrolet,Colorado 4X4,2007,petrol,2.9,11.85
Chevrolet,Colorado 4X4,2007,petrol,3.7,12.2
Chevrolet,Colorado 4X4,2008,petrol,2.9,11.05
Chevrolet,Colorado 4X4,2008,petrol,3.7,12.2
Chevrolet,Colorado 4X4,2009,petrol,2.9,10.45
Chevrolet,Colorado 4X4,2009,petrol,3.7,11.0
Chevrolet,Colorado 4X4,2009,petrol,5.3,12.9
Chevrolet,Colorado Chassis Cab,2006,petrol,3.5,12.1
Chevrolet,Colorado Chassis Cab,2007,petrol,3.7,13.3
Chevrolet,Colorado Chassis Cab,2008,petrol,3.7,13.8
Chevrolet,Colorado Chassis Cab,2009,petrol,3.7,12.1
Chevrolet,Colorado Chassis Cab,2010,petrol,3.7,12.3
Chevrolet,Colorado Chassis Cab,2011,petrol,3.7,12.1
Chevrolet,Colorado Chassis Cab,2012,petrol,3.7,12.1
Chevrolet,Colorado Chassis Cab 4WD,2010,petrol,3.7,11.5
Chevrolet,Colorado Chassis Cab 4WD,2011,petrol,3.7,11.5
Chevrolet,Colorado Chassis Cab 4WD,2012,petrol,3.7,11.5
Chevrolet,Colorado Chassis Cab 4X4,2008,petrol,3.7,12.4
Chevrolet,Colorado Chassis Cab 4X4,2009,petrol,3.7,11.6
Chevrolet,Colorado Crew Cab,2006,petrol,2.8,11.0
Chevrolet,Colorado Crew Cab,2006,petrol,3.5,10.9
Chevrolet,Colorado Crew Cab,2007,petrol,2.9,11.05
Chevrolet,Colorado Crew Cab,2007,petrol,3.7,11.7
Chevrolet,Colorado Crew Cab,2008,petrol,2.9,10.35
Chevrolet,Colorado Crew Cab,2008,petrol,3.7,11.7
Chevrolet,Colorado Crew Cab,2009,petrol,2.9,10.1
Chevrolet,Colorado Crew Cab,2009,petrol,3.7,10.9
Chevrolet,Colorado Crew Cab,2009,petrol,5.3,11.8
Chevrolet,Colorado Crew Cab,2010,petrol,2.9,9.9
Chevrolet,Colorado Crew Cab,2010,petrol,3.7,10.9
Chevrolet,Colorado Crew Cab,2010,petrol,5.3,12.4
Chevrolet,Colorado Crew Cab,2011,petrol,2.9,9.85
Chevrolet,Colorado Crew Cab,2011,petrol,3.7,10.9
Chevrolet,Colorado Crew Cab,2011,petrol,5.3,12.4
Chevrolet,Colorado Crew Cab,2012,petrol,2.9,9.85
Chevrolet,Colorado Crew Cab,2012,petrol,3.7,10.9
Chevrolet,Colorado Crew Cab,2012,petrol,5.3,12.4
Chevrolet,Colorado Crew Cab 4WD,2010,petrol,3.7,11.5
Chevrolet,Colorado Crew Cab 4WD,2010,petrol,5.3,13.1
Chevrolet,Colorado Crew Cab 4WD,2011,petrol,3.7,11.5
Chevrolet,Colorado Crew Cab 4WD,2011,petrol,5.3,13.1
Chevrolet,Colorado Crew Cab 4WD,2012,petrol,3.7,11.5
Chevrolet,Colorado Crew Cab 4WD,2012,petrol,5.3,13.0
Chevrolet,Colorado Crew Cab 4X4,2006,petrol,2.8,11.95
Chevrolet,Colorado Crew Cab 4X4,2006,petrol,3.5,12.1
Chevrolet,Colorado Crew Cab 4X4,2007,petrol,3.7,12.4
Chevrolet,Colorado Crew Cab 4X4,2008,petrol,3.7,12.4
Chevrolet,Colorado Crew Cab 4X4,2009,petrol,3.7,11.6
Chevrolet,Colorado Crew Cab 4X4,2009,petrol,5.3,12.9
Chevrolet,Colorado ZR2 4WD,2017,diesel,2.8,11.7
Chevrolet,Colorado ZR2 4WD,2017,petrol,3.6,14.1
Chevrolet,Colorado ZR2 4WD,2018,diesel,2.8,11.7
Chevrolet,Colorado ZR2 4WD,2018,petrol,3.6,14.1
Chevrolet,Colorado ZR2 4WD,2019,diesel,2.8,12.1
Chevrolet,Colorado ZR2 4WD,2019,petrol,3.6,14.1
Chevrolet,Colorado ZR2 4WD,2020,diesel,2.8,12.1
Chevrolet,Colorado ZR2 4WD,2020,petrol,3.6,14.1
Chevrolet,Colorado ZR2 4WD,2021,diesel,2.8,12.1
Chevrolet,Colorado ZR2 4WD,2021,petrol,3.6,14.1
Chevrolet,Colorado ZR2 4WD,2022,diesel,2.8,12.1
Chevrolet,Colorado ZR2 4WD,2022,petrol,3.6,14.1
Chevrolet,Colorado ZR2 4WD,2023,petrol,2.7,14.3
Chevrolet,Colorado ZR2 4WD,2025,petrol,2.7,14.0
Chevrolet,Colorado ZR2 4WD,2026,petrol,2.7,14.0
Chevrolet,Colorado ZR2 4WD (Turbo Plus),2024,petrol,2.7,14.0
Chevrolet,Colorado ZR2 Bison 4WD,2025,petrol,2.7,14.9
Chevrolet,Colorado ZR2 Bison 4WD,2026,petrol,2.7,14.9
Chevrolet,Colorado ZR2 Bison 4WD (Turbo Plus),2024,petrol,2.7,14.9
Chevrolet,Corvette,2005,petrol,6.0,10.7
Chevrolet,Corvette,2006,petrol,6.0,10.95
Chevrolet,Corvette,2006,petrol,7.0,11.6
Chevrolet,Corvette,2007,petrol,6.0,10.85
Chevrolet,Corvette,2007,petrol,7.0,11.5
Chevrolet,Corvette,2008,petrol,6.2,11.05
Chevrolet,Corvette,2008,petrol,7.0,11.5
Chevrolet,Corvette,2009,petrol,6.2,11.05
Chevrolet,Corvette,2009,petrol,7.0,11.5
Chevrolet,Corvette,2010,petrol,6.2,11.05
Chevrolet,Corvette,2011,petrol,6.2,11.05
Chevrolet,Corvette,2012,petrol,6.2,11.05
Chevrolet,Corvette,2013,petrol,6.2,11.1
Chevrolet,Corvette,2014,petrol,6.2,10.15
Chevrolet,Corvette,2015,petrol,6.2,11.45
Chevrolet,Corvette,2016,petrol,6.2,11.45
Chevrolet,Corvette,2017,petrol,6.2,12.15
Chevrolet,Corvette,2018,petrol,6.2,12.3
Chevrolet,Corvette,2019,petrol,6.2,12.45
Chevrolet,Corvette,2020,petrol,6.2,12.4
Chevrolet,Corvette,2021,petrol,6.2,12.4
Chevrolet,Corvette,2022,petrol,6.2,12.6
Chevrolet,Corvette,2023,petrol,6.2,12.7
Chevrolet,Corvette,2024,petrol,6.2,12.5
Chevrolet,Corvette,2025,petrol,6.2,12.5
Chevrolet,Corvette,2026,petrol,6.2,12.5
Chevrolet,Corvette #,2009,petrol,6.2,13.2
Chevrolet,Corvette E-Ray,2024,petrol,6.2,12.7
Chevrolet,Corvette E-Ray,2025,petrol,6.2,12.7
Chevrolet,Corvette E-Ray,2026,petrol,6.2,12.7
Chevrolet,Corvette Z06,2010,petrol,7.0,11.5
Chevrolet,Corvette Z06,2011,petrol,7.0,11.6
Chevrolet,Corvette Z06,2012,petrol,7.0,11.6
Chevrolet,Corvette Z06,2015,petrol,6.2,13.85
Chevrolet,Corvette Z06,2016,petrol,6.2,13.85
Chevrolet,Corvette Z06,2017,petrol,6.2,13.85
Chevrolet,Corvette Z06,2018,petrol,6.2,13.85
Chevrolet,Corvette Z06,2019,petrol,6.2,13.75
Chevrolet,Corvette Z06,2023,petrol,5.5,15.8
Chevrolet,Corvette Z06,2024,petrol,5.5,15.8
Chevrolet,Corvette Z06,2025,petrol,5.5,16.3
Chevrolet,Corvette Z06,2026,petrol,5.5,15.8
Chevrolet,Corvette Z06 Carbon Aero,2023,petrol,5.5,16.7
Chevrolet,Corvette Z06 Carbon Aero,2024,petrol,5.5,16.7
Chevrolet,Corvette Z06 Carbon Aero,2025,petrol,5.5,16.7
Chevrolet,Corvette Z06 Carbon Aero,2026,petrol,5.5,16.7
Chevrolet,Corvette Z06/427,2013,petrol,7.0,11.6
Chevrolet,Corvette ZR1,2010,petrol,6.2,13.1
Chevrolet,Corvette ZR1,2011,petrol,6.2,13.1
Chevrolet,Corvette ZR1,2012,petrol,6.2,12.8
Chevrolet,Corvette ZR1,2013,petrol,6.2,12.5
Chevrolet,Corvette ZR1,2019,petrol,6.2,15.85
Chevrolet,Corvette ZR1,2025,petrol,5.5,16.9
Chevrolet,Corvette ZR1,2026,petrol,5.5,16.6
Chevrolet,Corvette ZR1X,2026,petrol,5.5,16.2
Chevrolet,Cruze,2011,petrol,1.4,7.2
Chevrolet,Cruze,2011,petrol,1.8,7.2
Chevrolet,Cruze,2012,petrol,1.4,6.6
Chevrolet,Cruze,2012,petrol,1.8,7.25
Chevrolet,Cruze,2013,petrol,1.4,6.6
Chevrolet,Cruze,2013,petrol,1.8,7.25
Chevrolet,Cruze,2014,petrol,1.4,6.6
Chevrolet,Cruze,2014,petrol,1.8,7.25
Chevrolet,Cruze,2015,petrol,1.4,7.8
Chevrolet,Cruze,2015,petrol,1.8,8.45
Chevrolet,Cruze,2016,petrol,1.4,6.95
Chevrolet,Cruze,2017,petrol,1.4,7.15
Chevrolet,Cruze,2018,petrol,1.4,7.25
Chevrolet,Cruze,2019,petrol,1.4,7.3
Chevrolet,Cruze Diesel,2014,diesel,2.0,6.0
Chevrolet,Cruze Diesel,2015,diesel,2.0,7.1
Chevrolet,Cruze Diesel,2017,diesel,1.6,6.35
Chevrolet,Cruze Diesel,2018,diesel,1.6,6.4
Chevrolet,Cruze Diesel,2019,diesel,1.6,6.4
Chevrolet,Cruze Eco,2011,petrol,1.4,6.3
Chevrolet,Cruze Eco,2012,petrol,1.4,6.25
Chevrolet,Cruze Eco,2013,petrol,1.4,6.25
Chevrolet,Cruze Eco,2014,petrol,1.4,6.25
Chevrolet,Cruze Eco,2015,petrol,1.4,7.4
Chevrolet,Cruze Hatchback,2017,petrol,1.4,7.35
Chevrolet,Cruze Hatchback,2018,petrol,1.4,7.4
Chevrolet,Cruze Hatchback,2019,petrol,1.4,7.3
Chevrolet,Cruze Hatchback Diesel,2018,diesel,1.6,6.65
Chevrolet,Cruze Hatchback Diesel,2019,diesel,1.6,6.6
Chevrolet,Cruze Hatchback Premier,2017,petrol,1.4,7.5
Chevrolet,Cruze Hatchback Premier,2018,petrol,1.4,7.5
Chevrolet,Cruze Hatchback Premier,2019,petrol,1.4,7.5
Chevrolet,Cruze Limited,2016,petrol,1.4,7.8
Chevrolet,Cruze Limited,2016,petrol,1.8,8.45
Chevrolet,Cruze Limited Eco,2016,petrol,1.4,7.4
Chevrolet,Cruze Premier,2016,petrol,1.4,6.9
Chevrolet,Cruze Premier,2017,petrol,1.4,7.2
Chevrolet,Cruze Premier,2018,petrol,1.4,7.2
Chevrolet,Cruze Premier,2019,petrol,1.4,7.3
Chevrolet,Epica,2005,petrol,2.5,9.9
Chevrolet,Epica,2006,petrol,2.5,10.2
Chevrolet,Equinox,2005,petrol,3.4,10.9
Chevrolet,Equinox,2006,petrol,3.4,10.7
Chevrolet,Equinox,2007,petrol,3.4,10.4
Chevrolet,Equinox,2008,petrol,3.4,10.4
Chevrolet,Equinox,2008,petrol,3.6,10.9
Chevrolet,Equinox,2009,petrol,3.4,10.4
Chevrolet,Equinox,2009,petrol,3.6,10.7
Chevrolet,Equinox,2010,petrol,2.4,7.8
Chevrolet,Equinox,2010,petrol,3.0,10.4
Chevrolet,Equinox,2011,petrol,2.4,7.8
Chevrolet,Equinox,2011,petrol,3.0,10.5
Chevrolet,Equinox,2012,petrol,2.4,7.8
Chevrolet,Equinox,2012,petrol,3.0,10.5
Chevrolet,Equinox,2013,petrol,2.4,7.8
Chevrolet,Equinox,2013,petrol,3.6,10.5
Chevrolet,Equinox,2014,petrol,2.4,7.8
Chevrolet,Equinox,2014,petrol,3.6,10.5
Chevrolet,Equinox,2015,petrol,2.4,9.1
Chevrolet,Equinox,2015,petrol,3.6,12.1
Chevrolet,Equinox,2016,petrol,2.4,9.1
Chevrolet,Equinox,2016,petrol,3.6,12.1
Chevrolet,Equinox,2017,petrol,2.4,9.4
Chevrolet,Equinox,2017,petrol,3.6,12.1
Chevrolet,Equinox,2018,diesel,1.6,7.4
Chevrolet,Equinox,2018,petrol,1.5,8.3
Chevrolet,Equinox,2019,diesel,1.6,7.4
Chevrolet,Equinox,2019,petrol,1.5,8.3
Chevrolet,Equinox,2020,petrol,1.5,8.4
Chevrolet,Equinox,2021,petrol,1.5,8.4
Chevrolet,Equinox,2022,petrol,1.5,8.4
Chevrolet,Equinox,2023,petrol,1.5,8.4
Chevrolet,Equinox,2024,petrol,1.5,8.5
Chevrolet,Equinox,2025,petrol,1.5,8.8
Chevrolet,Equinox,2026,petrol,1.5,8.7
Chevrolet,Equinox AWD,2005,petrol,3.4,10.9
Chevrolet,Equinox AWD,2006,petrol,3.4,11.2
Chevrolet,Equinox AWD,2007,petrol,3.4,10.8
Chevrolet,Equinox AWD,2008,petrol,3.4,10.7
Chevrolet,Equinox AWD,2008,petrol,3.6,10.9
Chevrolet,Equinox AWD,2009,petrol,3.4,10.4
Chevrolet,Equinox AWD,2009,petrol,3.6,10.9
Chevrolet,Equinox AWD,2010,petrol,2.4,8.7
Chevrolet,Equinox AWD,2010,petrol,3.0,10.5
Chevrolet,Equinox AWD,2011,petrol,2.4,8.7
Chevrolet,Equinox AWD,2011,petrol,3.0,10.9
Chevrolet,Equinox AWD,2012,petrol,2.4,8.7
Chevrolet,Equinox AWD,2012,petrol,3.0,10.9
Chevrolet,Equinox AWD,2013,petrol,2.4,8.7
Chevrolet,Equinox AWD,2013,petrol,3.6,11.0
Chevrolet,Equinox AWD,2014,petrol,2.4,8.7
Chevrolet,Equinox AWD,2014,petrol,3.6,11.0
Chevrolet,Equinox AWD,2015,petrol,2.4,10.0
Chevrolet,Equinox AWD,2015,petrol,3.6,12.6
Chevrolet,Equinox AWD,2016,petrol,2.4,10.0
Chevrolet,Equinox AWD,2016,petrol,3.6,12.8
Chevrolet,Equinox AWD,2017,petrol,2.4,10.1
Chevrolet,Equinox AWD,2017,petrol,3.6,13.0
Chevrolet,Equinox AWD,2018,diesel,1.6,7.4
Chevrolet,Equinox AWD,2018,petrol,1.5,8.9
Chevrolet,Equinox AWD,2018,petrol,2.0,9.7
Chevrolet,Equinox AWD,2019,diesel,1.6,7.4
Chevrolet,Equinox AWD,2019,petrol,1.5,8.6
Chevrolet,Equinox AWD,2019,petrol,2.0,9.7
Chevrolet,Equinox AWD,2020,petrol,1.5,8.7
Chevrolet,Equinox AWD,2020,petrol,2.0,9.7
Chevrolet,Equinox AWD,2021,petrol,1.5,8.8
Chevrolet,Equinox AWD,2022,petrol,1.5,8.8
Chevrolet,Equinox AWD,2023,petrol,1.5,9.0
Chevrolet,Equinox AWD,2024,petrol,1.5,8.9
Chevrolet,Equinox AWD,2025,petrol,1.5,9.2
Chevrolet,Equinox AWD,2026,petrol,1.5,8.9
Chevrolet,Equinox AWD FFV,2015,petrol,2.4,10.0
Chevrolet,Equinox AWD FFV,2016,petrol,2.4,10.0
Chevrolet,Equinox AWD FFV,2017,petrol,2.4,10.1
Chevrolet,Equinox EV,2024,electric,,19.3
Chevrolet,Equinox EV,2025,electric,,19.4
Chevrolet,Equinox EV,2026,electric,,19.3
Chevrolet,Equinox EV AWD,2024,electric,,21.8
Chevrolet,Equinox EV AWD (11.5 kW Charger),2025,electric,,20.3
Chevrolet,Equinox EV AWD (11.5 kW Charger),2026,electric,,20.3
Chevrolet,Equinox EV AWD (19.2 kW Charger),2025,electric,,21.9
Chevrolet,Equinox EV AWD (19.2 kW Charger),2026,electric,,21.8
Chevrolet,Equinox FFV,2015,petrol,2.4,9.1
Chevrolet,Equinox FFV,2016,petrol,2.4,9.1
Chevrolet,Equinox FFV,2017,petrol,2.4,9.4
Chevrolet,Express 1500 Cargo,2012,petrol,4.3,12.3
Chevrolet,Express 1500 Cargo,2012,petrol,5.3,14.1
Chevrolet,Express 1500 Cargo,2013,petrol,4.3,12.3
Chevrolet,Express 1500 Cargo,2013,petrol,5.3,14.1
Chevrolet,Express 1500 Cargo,2014,petrol,4.3,13.3
Chevrolet,Express 1500 Cargo,2014,petrol,5.3,14.1
Chevrolet,Express 1500 Cargo AWD,2012,petrol,5.3,14.5
Chevrolet,Express 1500 Cargo AWD,2013,petrol,5.3,14.5
Chevrolet,Express 1500 Cargo AWD,2014,petrol,5.3,14.5
Chevrolet,Express 1500 Cargo Conv,2012,petrol,5.3,14.6
Chevrolet,Express 1500 Cargo Conv,2013,petrol,5.3,14.6
Chevrolet,Express 1500 Cargo Conv,2014,petrol,5.3,14.6
Chevrolet,Express 1500 Cargo Conv AWD,2012,petrol,5.3,14.5
Chevrolet,Express 1500 Cargo Conv AWD,2013,petrol,5.3,14.5
Chevrolet,Express 1500 Cargo Conv AWD,2014,petrol,5.3,14.5
Chevrolet,Express 1500 Passenger,2012,petrol,5.3,14.6
Chevrolet,Express 1500 Passenger,2013,petrol,5.3,14.6
Chevrolet,Express 1500 Passenger,2014,petrol,5.3,14.6
Chevrolet,Express 1500 Passenger AWD,2012,petrol,5.3,14.5
Chevrolet,Express 1500 Passenger AWD,2013,petrol,5.3,14.5
Chevrolet,Express 1500 Passenger AWD,2014,petrol,5.3,14.5
Chevrolet,Express 2500 Passenger,2011,petrol,4.8,16.0
Chevrolet,Express 2500 Passenger,2011,petrol,6.0,16.7
Chevrolet,Express 2500 Passenger,2012,petrol,4.8,16.0
Chevrolet,Express 2500 Passenger,2012,petrol,6.0,16.7
Chevrolet,Express 2500 Passenger,2013,petrol,4.8,16.0
Chevrolet,Express 2500 Passenger,2013,petrol,6.0,16.7
Chevrolet,Express 2500 Passenger,2014,petrol,4.8,16.0
Chevrolet,Express 2500 Passenger,2014,petrol,6.0,16.7
Chevrolet,Express 2500 Passenger,2015,petrol,4.8,18.0
Chevrolet,Express 2500 Passenger,2015,petrol,6.0,18.8
Chevrolet,Express 2500 Passenger,2016,petrol,6.0,18.8
Chevrolet,Express 2500 Passenger,2017,petrol,6.0,18.6
Chevrolet,Express 2500 Passenger FFV,2015,petrol,6.0,18.8
Chevrolet,Express 3500 Passenger,2011,petrol,6.0,16.9
Chevrolet,Express 3500 Passenger,2012,petrol,4.8,16.0
Chevrolet,Express 3500 Passenger,2012,petrol,6.0,17.0
Chevrolet,Express 3500 Passenger,2013,petrol,4.8,16.0
Chevrolet,Express 3500 Passenger,2013,petrol,6.0,17.0
Chevrolet,Express 3500 Passenger,2014,petrol,4.8,16.1
Chevrolet,Express 3500 Passenger,2014,petrol,6.0,16.8
Chevrolet,Express 3500 Passenger,2015,petrol,4.8,18.1
Chevrolet,Express 3500 Passenger,2015,petrol,6.0,19.0
Chevrolet,Express 3500 Passenger,2016,petrol,6.0,19.8
Chevrolet,Express 3500 Passenger,2017,petrol,6.0,19.0
Chevrolet,Express 3500 Passenger FFV,2015,petrol,6.0,19.0
Chevrolet,Express Cargo,2007,petrol,4.3,14.0
Chevrolet,Express Cargo,2007,petrol,5.3,12.8
Chevrolet,Express Cargo,2008,petrol,4.3,12.3
Chevrolet,Express Cargo,2008,petrol,5.3,13.6
Chevrolet,Express Cargo,2009,petrol,4.3,12.3
Chevrolet,Express Cargo,2009,petrol,5.3,13.5
Chevrolet,Express Cargo,2010,petrol,4.3,12.3
Chevrolet,Express Cargo,2010,petrol,5.3,14.1
Chevrolet,Express Cargo,2011,petrol,4.3,12.3
Chevrolet,Express Cargo,2011,petrol,5.3,14.1
Chevrolet,Express Cargo AWD,2007,petrol,5.3,13.9
Chevrolet,Express Cargo AWD,2008,petrol,5.3,14.0
Chevrolet,Express Cargo AWD,2009,petrol,5.3,13.9
Chevrolet,Express Cargo AWD,2010,petrol,5.3,14.5
Chevrolet,Express Cargo AWD,2011,petrol,5.3,14.5
Chevrolet,Express Cargo AWD FFV,2007,petrol,5.3,14.3
Chevrolet,Express Cargo AWD FFV,2008,petrol,5.3,14.0
Chevrolet,Express Cargo AWD FFV,2009,petrol,5.3,13.9
Chevrolet,Express Cargo Conv,2007,petrol,5.3,14.2
Chevrolet,Express Cargo Conv,2008,petrol,5.3,14.3
Chevrolet,Express Cargo Conv,2009,petrol,5.3,14.2
Chevrolet,Express Cargo Conv,2010,petrol,5.3,14.6
Chevrolet,Express Cargo Conv,2011,petrol,5.3,14.6
Chevrolet,Express Cargo Conv AWD,2007,petrol,5.3,15.2
Chevrolet,Express Cargo Conv AWD,2008,petrol,5.3,14.8
Chevrolet,Express Cargo Conv AWD,2009,petrol,5.3,14.6
Chevrolet,Express Cargo Conv AWD,2010,petrol,5.3,14.5
Chevrolet,Express Cargo Conv AWD,2011,petrol,5.3,14.5
Chevrolet,Express Cargo Conv AWD FFV,2007,petrol,5.3,15.2
Chevrolet,Express Cargo Conv AWD FFV,2008,petrol,5.3,14.8
Chevrolet,Express Cargo Conv AWD FFV,2009,petrol,5.3,14.6
Chevrolet,Express Cargo Conv FFV,2007,petrol,5.3,14.7
Chevrolet,Express Cargo Conv FFV,2008,petrol,5.3,14.3
Chevrolet,Express Cargo Conv FFV,2009,petrol,5.3,14.2
Chevrolet,Express Cargo FFV,2007,petrol,5.3,13.1
Chevrolet,Express Cargo FFV,2008,petrol,5.3,13.6
Chevrolet,Express Cargo FFV,2009,petrol,5.3,13.5
Chevrolet,Express Passenger,2007,petrol,5.3,14.2
Chevrolet,Express Passenger,2008,petrol,5.3,14.3
Chevrolet,Express Passenger,2009,petrol,5.3,14.2
Chevrolet,Express Passenger,2010,petrol,5.3,14.6
Chevrolet,Express Passenger,2011,petrol,5.3,14.6
Chevrolet,Express Passenger AWD,2007,petrol,5.3,15.2
Chevrolet,Express Passenger AWD,2008,petrol,5.3,14.8
Chevrolet,Express Passenger AWD,2009,petrol,5.3,14.6
Chevrolet,Express Passenger AWD,2010,petrol,5.3,14.5
Chevrolet,Express Passenger AWD,2011,petrol,5.3,14.5
Chevrolet,Express Passenger AWD FFV,2007,petrol,5.3,15.2
Chevrolet,Express Passenger AWD FFV,2008,petrol,5.3,14.8
Chevrolet,Express Passenger AWD FFV,2009,petrol,5.3,14.6
Chevrolet,Express Passenger FFV,2007,petrol,5.3,14.7
Chevrolet,Express Passenger FFV,2008,petrol,5.3,14.3
Chevrolet,Express Passenger FFV,2009,petrol,5.3,14.2
Chevrolet,G15 Express Cargo,2006,petrol,4.3,14.3
Chevrolet,G15 Express Cargo,2006,petrol,5.3,13.0
Chevrolet,G15 Express Cargo Conv,2006,petrol,4.3,14.4
Chevrolet,G15 Express Cargo Conv,2006,petrol,5.3,14.3
Chevrolet,G15 Express Passenger,2005,petrol,4.3,14.6
Chevrolet,G15 Express Passenger,2005,petrol,5.3,14.2
Chevrolet,G15 Express Passenger,2006,petrol,4.3,13.7
Chevrolet,G15 Express Passenger,2006,petrol,5.3,14.3
Chevrolet,G15/25 Express Cargo,2005,petrol,4.3,14.3
Chevrolet,G15/25 Express Cargo,2005,petrol,5.3,14.1
Chevrolet,H15 Express Cargo AWD,2006,petrol,5.3,13.7
Chevrolet,H15 Express Cargo AWD Conv,2006,petrol,5.3,15.2
Chevrolet,H15 Express Passenger AWD,2005,petrol,5.3,15.2
Chevrolet,H15 Express Passenger AWD,2006,petrol,5.3,15.2
Chevrolet,H15/25 Express Cargo AWD,2005,petrol,5.3,14.5
Chevrolet,HHR,2006,petrol,2.2,8.6
Chevrolet,HHR,2006,petrol,2.4,8.8
Chevrolet,HHR,2007,petrol,2.2,8.9
Chevrolet,HHR,2007,petrol,2.4,8.8
Chevrolet,HHR,2008,petrol,2.2,8.4
Chevrolet,HHR,2008,petrol,2.4,8.6
Chevrolet,HHR,2010,petrol,2.2,8.0
Chevrolet,HHR,2010,petrol,2.4,8.2
Chevrolet,HHR,2011,petrol,2.2,8.0
Chevrolet,HHR,2011,petrol,2.4,8.2
Chevrolet,HHR FFV,2009,petrol,2.2,8.0
Chevrolet,HHR FFV,2009,petrol,2.4,8.3
Chevrolet,HHR Panel,2007,petrol,2.2,8.8
Chevrolet,HHR Panel,2007,petrol,2.4,8.8
Chevrolet,HHR Panel,2008,petrol,2.2,8.4
Chevrolet,HHR Panel,2008,petrol,2.4,8.6
Chevrolet,HHR Panel,2010,petrol,2.2,8.0
Chevrolet,HHR Panel,2011,petrol,2.2,8.0
Chevrolet,HHR Panel,2011,petrol,2.4,8.2
Chevrolet,HHR Panel FFV,2009,petrol,2.2,8.0
Chevrolet,HHR Panel FFV,2009,petrol,2.4,8.3
Chevrolet,HHR Panel Turbo,2009,petrol,2.0,8.75
Chevrolet,HHR SS,2010,petrol,2.0,8.75
Chevrolet,HHR Turbo,2008,petrol,2.0,8.8
Chevrolet,HHR Turbo,2009,petrol,2.0,8.75
Chevrolet,Impala,2005,petrol,3.4,9.2
Chevrolet,Impala,2005,petrol,3.8,9.8
Chevrolet,Impala,2006,petrol,3.5,9.4
Chevrolet,Impala,2006,petrol,3.9,10.2
Chevrolet,Impala,2006,petrol,5.3,10.7
Chevrolet,Impala,2007,petrol,3.5,9.6
Chevrolet,Impala,2007,petrol,3.9,9.9
Chevrolet,Impala,2007,petrol,5.3,10.8
Chevrolet,Impala,2008,petrol,3.5,9.6
Chevrolet,Impala,2008,petrol,5.3,10.8
Chevrolet,Impala,2009,petrol,5.3,10.8
Chevrolet,Impala,2010,petrol,3.5,9.0
Chevrolet,Impala,2010,petrol,3.9,10.0
Chevrolet,Impala,2011,petrol,3.5,9.0
Chevrolet,Impala,2011,petrol,3.9,10.0
Chevrolet,Impala,2012,petrol,3.6,9.4
Chevrolet,Impala,2013,petrol,3.6,9.4
Chevrolet,Impala,2014,petrol,2.5,8.3
Chevrolet,Impala,2014,petrol,3.6,9.2
Chevrolet,Impala,2015,petrol,2.5,9.2
Chevrolet,Impala,2015,petrol,3.6,10.6
Chevrolet,Impala,2016,petrol,2.5,9.2
Chevrolet,Impala,2017,petrol,2.5,9.5
Chevrolet,Impala,2018,petrol,2.5,9.5
Chevrolet,Impala,2019,petrol,2.5,9.6
Chevrolet,Impala,2019,petrol,3.6,10.8
Chevrolet,Impala,2020,petrol,3.6,10.9
Chevrolet,Impala #,2005,petrol,3.8,11.1
Chevrolet,Impala Dual Fuel,2016,petrol,3.6,11.9
Chevrolet,Impala Eco,2014,petrol,2.4,7.4
Chevrolet,Impala FFV,2006,petrol,3.5,9.4
Chevrolet,Impala FFV,2007,petrol,3.5,9.4
Chevrolet,Impala FFV,2008,petrol,3.5,9.4
Chevrolet,Impala FFV,2008,petrol,3.9,9.5
Chevrolet,Impala FFV,2009,petrol,3.5,9.0
Chevrolet,Impala FFV,2009,petrol,3.9,10.0
Chevrolet,Impala FFV,2016,petrol,3.6,10.6
Chevrolet,Impala FFV,2017,petrol,3.6,10.6
Chevrolet,Impala FFV,2018,petrol,3.6,10.8
Chevrolet,K1500 Avalanche 4X4,2005,petrol,5.3,15.2
Chevrolet,K1500 Avalanche 4X4,2006,petrol,5.3,15.2
Chevrolet,K1500 Avalanche 4X4 FFV,2005,petrol,5.3,15.8
Chevrolet,K1500 Avalanche FFV 4X4,2006,petrol,5.3,15.1
Chevrolet,K1500 Silverado 4X4,2005,petrol,4.3,14.45
Chevrolet,K1500 Silverado 4X4,2005,petrol,4.8,13.75
Chevrolet,K1500 Silverado 4X4,2005,petrol,5.3,13.9
Chevrolet,K1500 Silverado 4X4,2006,petrol,4.3,13.85
Chevrolet,K1500 Silverado 4X4,2006,petrol,4.8,13.7
Chevrolet,K1500 Silverado 4X4,2006,petrol,5.3,13.7
Chevrolet,K1500 Silverado 4X4,2006,petrol,6.0,15.1
Chevrolet,K1500 Silverado 4X4 FFV,2005,petrol,5.3,14.5
Chevrolet,K1500 Silverado FFV 4X4,2006,petrol,5.3,13.5
Chevrolet,K1500 Silverado Hybrid 4X4,2005,hybrid,5.3,13.0
Chevrolet,K1500 Silverado Hybrid 4X4,2006,hybrid,5.3,13.0
Chevrolet,K1500 Silverado SS AWD,2005,petrol,6.0,17.6
Chevrolet,K1500 Suburban 4X4,2005,petrol,5.3,15.2
Chevrolet,K1500 Suburban 4X4,2006,petrol,5.3,15.2
Chevrolet,K1500 Suburban 4X4 FFV,2005,petrol,5.3,15.8
Chevrolet,K1500 Suburban AWD,2005,petrol,5.3,15.2
Chevrolet,K1500 Suburban AWD,2006,petrol,6.0,15.2
Chevrolet,K1500 Suburban AWD FFV,2005,petrol,5.3,15.8
Chevrolet,K1500 Suburban FFV 4X4,2006,petrol,5.3,15.1
Chevrolet,K1500 Tahoe 4X4,2005,petrol,4.8,13.4
Chevrolet,K1500 Tahoe 4X4,2005,petrol,5.3,15.2
Chevrolet,K1500 Tahoe 4X4,2006,petrol,5.3,15.2
Chevrolet,K1500 Tahoe 4X4 FFV,2005,petrol,5.3,15.8
Chevrolet,K1500 Tahoe AWD,2005,petrol,5.3,15.2
Chevrolet,K1500 Tahoe AWD FFV,2005,petrol,5.3,15.8
Chevrolet,K1500 Tahoe FFV 4X4,2006,petrol,5.3,15.1
Chevrolet,Malibu,2005,petrol,2.2,8.4
Chevrolet,Malibu,2005,petrol,3.5,8.8
Chevrolet,Malibu,2006,petrol,2.2,8.5
Chevrolet,Malibu,2006,petrol,3.5,8.9
Chevrolet,Malibu,2006,petrol,3.9,11.1
Chevrolet,Malibu,2007,petrol,2.2,8.2
Chevrolet,Malibu,2007,petrol,3.5,9.0
Chevrolet,Malibu,2007,petrol,3.9,11.1
Chevrolet,Malibu,2008,petrol,2.4,8.1
Chevrolet,Malibu,2008,petrol,3.5,9.6
Chevrolet,Malibu,2008,petrol,3.6,10.2
Chevrolet,Malibu,2009,petrol,2.4,8.0
Chevrolet,Malibu,2009,petrol,3.6,10.2
Chevrolet,Malibu,2010,petrol,2.4,8.0
Chevrolet,Malibu,2010,petrol,3.5,9.0
Chevrolet,Malibu,2010,petrol,3.6,10.2
Chevrolet,Malibu,2011,petrol,2.4,7.8
Chevrolet,Malibu,2011,petrol,3.6,10.3
Chevrolet,Malibu,2012,petrol,2.4,7.8
Chevrolet,Malibu,2012,petrol,3.6,10.3
Chevrolet,Malibu,2013,petrol,2.0,8.5
Chevrolet,Malibu,2013,petrol,2.5,7.6
Chevrolet,Malibu,2014,petrol,2.0,8.5
Chevrolet,Malibu,2014,petrol,2.5,6.8
Chevrolet,Malibu,2015,petrol,2.0,9.8
Chevrolet,Malibu,2015,petrol,2.5,8.0
Chevrolet,Malibu,2016,petrol,1.5,7.6
Chevrolet,Malibu,2016,petrol,2.0,9.0
Chevrolet,Malibu,2017,petrol,1.5,7.8
Chevrolet,Malibu,2017,petrol,2.0,9.1
Chevrolet,Malibu,2018,petrol,1.5,7.8
Chevrolet,Malibu,2018,petrol,2.0,9.1
Chevrolet,Malibu,2019,petrol,1.5,7.5
Chevrolet,Malibu,2019,petrol,2.0,9.1
Chevrolet,Malibu,2020,petrol,1.5,7.5
Chevrolet,Malibu,2020,petrol,2.0,9.1
Chevrolet,Malibu,2021,petrol,1.5,7.5
Chevrolet,Malibu,2021,petrol,2.0,9.1
Chevrolet,Malibu,2022,petrol,1.5,7.5
Chevrolet,Malibu,2022,petrol,2.0,9.1
Chevrolet,Malibu,2023,petrol,1.5,7.8
Chevrolet,Malibu,2024,petrol,1.5,7.7
Chevrolet,Malibu,2025,petrol,1.5,7.7
Chevrolet,Malibu Eco,2013,petrol,2.4,6.9
Chevrolet,Malibu FFV,2009,petrol,3.5,9.0
Chevrolet,Malibu Hybrid,2008,hybrid,2.4,7.5
Chevrolet,Malibu Hybrid,2009,hybrid,2.4,6.9
Chevrolet,Malibu Hybrid,2016,hybrid,1.8,5.1
Chevrolet,Malibu Hybrid,2017,hybrid,1.8,5.1
Chevrolet,Malibu Hybrid,2018,hybrid,1.8,5.1
Chevrolet,Malibu Hybrid,2019,hybrid,1.8,5.1
Chevrolet,Malibu Limited,2016,petrol,2.5,8.6
Chevrolet,Malibu Maxx,2005,petrol,3.5,8.8
Chevrolet,Malibu Maxx,2006,petrol,3.5,9.8
Chevrolet,Malibu Maxx,2006,petrol,3.9,11.1
Chevrolet,Malibu Maxx,2007,petrol,3.5,9.6
Chevrolet,Malibu Maxx,2007,petrol,3.9,11.5
Chevrolet,Monte Carlo,2005,petrol,3.4,9.2
Chevrolet,Monte Carlo,2005,petrol,3.8,9.7
Chevrolet,Monte Carlo,2006,petrol,3.5,9.2
Chevrolet,Monte Carlo,2006,petrol,3.9,10.0
Chevrolet,Monte Carlo,2006,petrol,5.3,10.7
Chevrolet,Monte Carlo,2007,petrol,3.5,9.0
Chevrolet,Monte Carlo,2007,petrol,5.3,10.8
Chevrolet,Monte Carlo #,2005,petrol,3.8,11.1
Chevrolet,Monte Carlo FFV,2007,petrol,3.5,9.2
Chevrolet,Optra,2005,petrol,2.0,9.25
Chevrolet,Optra,2006,petrol,2.0,9.1
Chevrolet,Optra,2007,petrol,2.0,9.15
Chevrolet,Optra Wagon,2005,petrol,2.0,9.25
Chevrolet,Optra Wagon,2006,petrol,2.0,9.1
Chevrolet,Optra Wagon,2007,petrol,2.0,9.15
Chevrolet,Orlando,2012,petrol,2.4,8.8
Chevrolet,Orlando,2013,petrol,2.4,9.05
Chevrolet,Orlando,2014,petrol,2.4,9.05
Chevrolet,SSR Pickup,2005,petrol,6.0,14.6
Chevrolet,SSR Pickup,2006,petrol,6.0,14.15
Chevrolet,Silverado,2007,petrol,4.3,12.4
Chevrolet,Silverado,2007,petrol,4.8,12.9
Chevrolet,Silverado,2007,petrol,5.3,12.3
Chevrolet,Silverado,2007,petrol,6.0,13.7
Chevrolet,Silverado,2008,petrol,4.3,12.2
Chevrolet,Silverado,2008,petrol,4.8,13.1
Chevrolet,Silverado,2008,petrol,5.3,12.3
Chevrolet,Silverado,2008,petrol,6.0,14.2
Chevrolet,Silverado,2009,petrol,4.3,12.2
Chevrolet,Silverado,2009,petrol,4.8,12.9
Chevrolet,Silverado,2009,petrol,5.3,12.45
Chevrolet,Silverado,2009,petrol,6.0,12.9
Chevrolet,Silverado,2010,petrol,4.3,12.3
Chevrolet,Silverado,2010,petrol,4.8,13.1
Chevrolet,Silverado,2010,petrol,5.3,12.0
Chevrolet,Silverado,2010,petrol,6.2,14.1
Chevrolet,Silverado,2011,petrol,4.3,12.3
Chevrolet,Silverado,2011,petrol,4.8,13.1
Chevrolet,Silverado,2011,petrol,5.3,12.1
Chevrolet,Silverado,2011,petrol,6.2,14.3
Chevrolet,Silverado,2012,petrol,4.3,12.2
Chevrolet,Silverado,2012,petrol,4.8,13.1
Chevrolet,Silverado,2012,petrol,5.3,12.1
Chevrolet,Silverado,2012,petrol,6.2,14.3
Chevrolet,Silverado,2013,petrol,4.3,12.2
Chevrolet,Silverado,2013,petrol,4.8,13.1
Chevrolet,Silverado,2013,petrol,5.3,12.1
Chevrolet,Silverado,2013,petrol,6.2,14.3
Chevrolet,Silverado,2014,petrol,4.3,10.4
Chevrolet,Silverado,2014,petrol,5.3,11.0
Chevrolet,Silverado,2014,petrol,6.2,12.4
Chevrolet,Silverado,2015,petrol,4.3,11.9
Chevrolet,Silverado,2015,petrol,5.3,12.7
Chevrolet,Silverado,2015,petrol,6.2,14.0
Chevrolet,Silverado,2016,petrol,5.3,12.7
Chevrolet,Silverado,2016,petrol,6.2,14.0
Chevrolet,Silverado,2017,petrol,5.3,12.9
Chevrolet,Silverado,2017,petrol,6.2,13.8
Chevrolet,Silverado,2018,petrol,5.3,12.9
Chevrolet,Silverado,2018,petrol,6.2,13.8
Chevrolet,Silverado,2019,petrol,2.7,11.1
Chevrolet,Silverado,2019,petrol,4.3,13.5
Chevrolet,Silverado,2019,petrol,5.3,13.15
Chevrolet,Silverado,2020,diesel,3.0,8.9
Chevrolet,Silverado,2020,petrol,2.7,11.1
Chevrolet,Silverado,2020,petrol,4.3,13.5
Chevrolet,Silverado,2020,petrol,5.3,13.05
Chevrolet,Silverado,2021,diesel,3.0,8.8
Chevrolet,Silverado,2021,petrol,2.7,11.2
Chevrolet,Silverado,2021,petrol,4.3,13.5
Chevrolet,Silverado,2021,petrol,5.3,13.0
Chevrolet,Silverado,2022,diesel,3.0,8.9
Chevrolet,Silverado,2022,petrol,2.7,11.6
Chevrolet,Silverado,2022,petrol,5.3,13.2
Chevrolet,Silverado,2023,diesel,3.0,9.2
Chevrolet,Silverado,2023,petrol,2.7,12.0
Chevrolet,Silverado,2023,petrol,5.3,12.7
Chevrolet,Silverado,2024,diesel,3.0,9.2
Chevrolet,Silverado,2024,petrol,2.7,12.0
Chevrolet,Silverado,2024,petrol,5.3,13.2
Chevrolet,Silverado,2025,diesel,3.0,9.3
Chevrolet,Silverado,2025,petrol,2.7,12.5
Chevrolet,Silverado,2025,petrol,5.3,13.2
Chevrolet,Silverado,2026,diesel,3.0,9.3
Chevrolet,Silverado,2026,petrol,2.7,12.5
Chevrolet,Silverado,2026,petrol,5.3,13.6
Chevrolet,Silverado (With Sport Mode),2024,petrol,2.7,12.5
Chevrolet,Silverado (Without AFM),2021,petrol,5.3,14.3
Chevrolet,Silverado (Without DFM),2021,petrol,5.3,13.6
Chevrolet,Silverado 4WD,2010,petrol,4.3,13.3
Chevrolet,Silverado 4WD,2010,petrol,4.8,13.9
Chevrolet,Silverado 4WD,2010,petrol,5.3,12.2
Chevrolet,Silverado 4WD,2010,petrol,6.2,14.5
Chevrolet,Silverado 4WD,2011,petrol,4.3,13.3
Chevrolet,Silverado 4WD,2011,petrol,4.8,13.9
Chevrolet,Silverado 4WD,2011,petrol,5.3,12.2
Chevrolet,Silverado 4WD,2011,petrol,6.2,14.9
Chevrolet,Silverado 4WD,2012,petrol,4.3,13.4
Chevrolet,Silverado 4WD,2012,petrol,4.8,13.8
Chevrolet,Silverado 4WD,2012,petrol,5.3,12.1
Chevrolet,Silverado 4WD,2012,petrol,6.2,14.9
Chevrolet,Silverado 4WD,2013,petrol,4.3,13.4
Chevrolet,Silverado 4WD,2013,petrol,4.8,13.8
Chevrolet,Silverado 4WD,2013,petrol,5.3,12.1
Chevrolet,Silverado 4WD,2013,petrol,6.2,14.9
Chevrolet,Silverado 4WD,2014,petrol,4.3,11.0
Chevrolet,Silverado 4WD,2014,petrol,5.3,11.4
Chevrolet,Silverado 4WD,2014,petrol,6.2,12.5
Chevrolet,Silverado 4WD,2015,petrol,4.3,12.5
Chevrolet,Silverado 4WD,2015,petrol,5.3,13.0
Chevrolet,Silverado 4WD,2015,petrol,6.2,14.2
Chevrolet,Silverado 4WD,2016,petrol,5.3,13.1
Chevrolet,Silverado 4WD,2016,petrol,6.2,14.2
Chevrolet,Silverado 4WD,2017,petrol,5.3,13.5
Chevrolet,Silverado 4WD,2017,petrol,6.2,14.1
Chevrolet,Silverado 4WD,2018,petrol,5.3,13.45
Chevrolet,Silverado 4WD,2018,petrol,6.2,14.1
Chevrolet,Silverado 4WD,2019,petrol,2.7,11.7
Chevrolet,Silverado 4WD,2019,petrol,4.3,14.0
Chevrolet,Silverado 4WD,2019,petrol,5.3,13.55
Chevrolet,Silverado 4WD,2019,petrol,6.2,13.7
Chevrolet,Silverado 4WD,2020,diesel,3.0,9.4
Chevrolet,Silverado 4WD,2020,petrol,2.7,11.7
Chevrolet,Silverado 4WD,2020,petrol,4.3,14.1
Chevrolet,Silverado 4WD,2020,petrol,5.3,13.2
Chevrolet,Silverado 4WD,2020,petrol,6.2,13.7
Chevrolet,Silverado 4WD,2021,diesel,3.0,10.0
Chevrolet,Silverado 4WD,2021,petrol,2.7,11.7
Chevrolet,Silverado 4WD,2021,petrol,4.3,14.0
Chevrolet,Silverado 4WD,2021,petrol,5.3,13.17
Chevrolet,Silverado 4WD,2021,petrol,6.2,13.1
Chevrolet,Silverado 4WD,2022,diesel,3.0,10.1
Chevrolet,Silverado 4WD,2022,petrol,2.7,13.1
Chevrolet,Silverado 4WD,2022,petrol,5.3,13.65
Chevrolet,Silverado 4WD,2022,petrol,6.2,14.0
Chevrolet,Silverado 4WD,2023,diesel,3.0,9.8
Chevrolet,Silverado 4WD,2023,petrol,2.7,12.2
Chevrolet,Silverado 4WD,2023,petrol,5.3,13.5
Chevrolet,Silverado 4WD,2023,petrol,6.2,13.6
Chevrolet,Silverado 4WD,2024,diesel,3.0,10.4
Chevrolet,Silverado 4WD,2024,petrol,2.7,12.3
Chevrolet,Silverado 4WD,2024,petrol,5.3,14.2
Chevrolet,Silverado 4WD,2024,petrol,6.2,13.9
Chevrolet,Silverado 4WD,2025,diesel,3.0,10.1
Chevrolet,Silverado 4WD,2025,petrol,2.7,12.9
Chevrolet,Silverado 4WD,2025,petrol,5.3,13.9
Chevrolet,Silverado 4WD,2025,petrol,6.2,14.1
Chevrolet,Silverado 4WD,2026,diesel,3.0,10.1
Chevrolet,Silverado 4WD,2026,petrol,2.7,12.8
Chevrolet,Silverado 4WD,2026,petrol,5.3,14.1
Chevrolet,Silverado 4WD,2026,petrol,6.2,14.0
Chevrolet,Silverado 4WD (No DFM),2022,petrol,5.3,14.8
Chevrolet,Silverado 4WD (No Stop-Start),2022,petrol,5.3,14.4
Chevrolet,Silverado 4WD (No Stop-Start),2022,petrol,6.2,14.7
Chevrolet,Silverado 4WD (With Sport Mode),2022,diesel,3.0,9.9
Chevrolet,Silverado 4WD (With Sport Mode),2022,petrol,5.3,13.9
Chevrolet,Silverado 4WD (With Sport Mode),2024,diesel,3.0,9.6
Chevrolet,Silverado 4WD (With Sport Mode),2024,petrol,2.7,13.4
Chevrolet,Silverado 4WD (With Sport Mode),2025,diesel,3.0,9.9
Chevrolet,Silverado 4WD (Without AFM),2021,petrol,5.3,14.8
Chevrolet,Silverado 4WD (Without DFM),2021,petrol,5.3,14.4
Chevrolet,Silverado 4WD (Without Stop-Start),2021,petrol,5.3,13.3
Chevrolet,Silverado 4WD (Without Stop-Start),2021,petrol,6.2,13.8
Chevrolet,Silverado 4WD Custom Trail Boss,2020,petrol,4.3,14.8
Chevrolet,Silverado 4WD Custom Trail Boss,2020,petrol,5.3,15.1
Chevrolet,Silverado 4WD Custom Trail Boss,2020,petrol,6.2,15.2
Chevrolet,Silverado 4WD Custom Trail Boss,2022,petrol,6.2,15.0
Chevrolet,Silverado 4WD Custom/WT,2021,petrol,2.7,11.7
Chevrolet,Silverado 4WD FFV,2016,petrol,4.3,12.6
Chevrolet,Silverado 4WD FFV,2016,petrol,5.3,13.1
Chevrolet,Silverado 4WD FFV,2017,petrol,4.3,12.5
Chevrolet,Silverado 4WD FFV,2017,petrol,5.3,13.1
Chevrolet,Silverado 4WD FFV,2018,petrol,4.3,12.5
Chevrolet,Silverado 4WD FFV,2018,petrol,5.3,13.1
Chevrolet,Silverado 4WD FFV,2019,petrol,5.3,14.4
Chevrolet,Silverado 4WD FFV,2020,petrol,5.3,15.0
Chevrolet,Silverado 4WD FFV,2021,petrol,5.3,14.8
Chevrolet,Silverado 4WD FFV,2022,petrol,5.3,14.8
Chevrolet,Silverado 4WD FFV,2023,petrol,5.3,13.9
Chevrolet,Silverado 4WD FFV,2024,petrol,5.3,13.9
Chevrolet,Silverado 4WD FFV,2025,petrol,5.3,13.9
Chevrolet,Silverado 4WD FFV,2026,petrol,5.3,13.9
Chevrolet,Silverado 4WD LT Trail Boss,2020,petrol,5.3,13.1
Chevrolet,Silverado 4WD LT Trail Boss,2020,petrol,6.2,14.2
Chevrolet,Silverado 4WD Mud Terrain Tire,2022,diesel,3.0,11.2
Chevrolet,Silverado 4WD Mud Terrain Tire,2022,petrol,2.7,14.0
Chevrolet,Silverado 4WD Mud Terrain Tire,2022,petrol,5.3,15.35
Chevrolet,Silverado 4WD Mud Terrain Tire,2022,petrol,6.2,15.0
Chevrolet,Silverado 4WD Mud Terrain Tire,2023,diesel,3.0,10.7
Chevrolet,Silverado 4WD Mud Terrain Tire,2023,petrol,2.7,13.6
Chevrolet,Silverado 4WD Mud Terrain Tire,2023,petrol,5.3,14.6
Chevrolet,Silverado 4WD Mud Terrain Tire,2023,petrol,6.2,14.9
Chevrolet,Silverado 4WD Mud Terrain Tire,2024,diesel,3.0,10.9
Chevrolet,Silverado 4WD Mud Terrain Tire,2024,petrol,2.7,14.4
Chevrolet,Silverado 4WD Mud Terrain Tire,2024,petrol,5.3,14.6
Chevrolet,Silverado 4WD Mud Terrain Tire,2024,petrol,6.2,15.7
Chevrolet,Silverado 4WD Mud Terrain Tire,2025,diesel,3.0,10.6
Chevrolet,Silverado 4WD Mud Terrain Tire,2025,petrol,2.7,14.3
Chevrolet,Silverado 4WD Mud Terrain Tire,2025,petrol,5.3,14.5
Chevrolet,Silverado 4WD Mud Terrain Tire,2025,petrol,6.2,15.7
Chevrolet,Silverado 4WD Mud Terrain Tire,2026,diesel,3.0,10.5
Chevrolet,Silverado 4WD Mud Terrain Tire,2026,petrol,2.7,14.2
Chevrolet,Silverado 4WD Mud Terrain Tire,2026,petrol,5.3,14.7
Chevrolet,Silverado 4WD Mud Terrain Tire,2026,petrol,6.2,15.7
Chevrolet,Silverado 4WD Mud Terrain Tire (No DFM),2022,petrol,5.3,16.2
Chevrolet,Silverado 4WD Mud Terrain Tire (No Stop-Start),2022,petrol,5.3,15.5
Chevrolet,Silverado 4WD Mud Terrain Tire (No Stop-Start),2022,petrol,6.2,16.4
Chevrolet,Silverado 4WD Mud Terrain Tire (With Sport Mode),2024,petrol,2.7,14.2
Chevrolet,Silverado 4WD Mud Terrain Tire FFV,2022,petrol,5.3,16.2
Chevrolet,Silverado 4WD Mud Terrain Tire FFV,2023,petrol,5.3,13.9
Chevrolet,Silverado 4WD Mud Terrain Tire FFV,2024,petrol,5.3,13.9
Chevrolet,Silverado 4WD Trail Boss,2019,petrol,4.3,14.8
Chevrolet,Silverado 4WD Trail Boss,2019,petrol,5.3,14.3
Chevrolet,Silverado 4WD Trail Boss,2021,petrol,4.3,14.8
Chevrolet,Silverado 4WD Trail Boss,2021,petrol,5.3,14.05
Chevrolet,Silverado 4WD Trail Boss,2021,petrol,6.2,14.2
Chevrolet,Silverado 4WD Trail Boss (Without AFM),2021,petrol,5.3,15.7
Chevrolet,Silverado 4WD Trail Boss (Without Stop-Start),2021,petrol,5.3,13.7
Chevrolet,Silverado 4WD Trail Boss (Without Stop-Start),2021,petrol,6.2,15.0
Chevrolet,Silverado 4WD ZR2,2022,petrol,6.2,15.5
Chevrolet,Silverado 4WD ZR2,2023,petrol,6.2,15.5
Chevrolet,Silverado 4WD ZR2,2024,diesel,3.0,11.4
Chevrolet,Silverado 4WD ZR2,2024,petrol,6.2,15.6
Chevrolet,Silverado 4WD ZR2,2025,diesel,3.0,11.1
Chevrolet,Silverado 4WD ZR2,2025,petrol,6.2,15.7
Chevrolet,Silverado 4WD ZR2,2026,diesel,3.0,11.1
Chevrolet,Silverado 4WD ZR2,2026,petrol,6.2,15.7
Chevrolet,Silverado 4X4,2007,petrol,4.3,13.3
Chevrolet,Silverado 4X4,2007,petrol,4.8,13.8
Chevrolet,Silverado 4X4,2007,petrol,5.3,13.0
Chevrolet,Silverado 4X4,2007,petrol,6.0,14.2
Chevrolet,Silverado 4X4,2008,petrol,4.3,13.3
Chevrolet,Silverado 4X4,2008,petrol,4.8,13.3
Chevrolet,Silverado 4X4,2008,petrol,5.3,12.9
Chevrolet,Silverado 4X4,2008,petrol,6.0,14.4
Chevrolet,Silverado 4X4,2009,petrol,4.3,13.3
Chevrolet,Silverado 4X4,2009,petrol,4.8,13.5
Chevrolet,Silverado 4X4,2009,petrol,5.3,12.7
Chevrolet,Silverado 4X4,2009,petrol,6.0,13.2
Chevrolet,Silverado 4X4 FFV,2007,petrol,5.3,13.1
Chevrolet,Silverado 4X4 FFV,2008,petrol,5.3,13.0
Chevrolet,Silverado 4X4 FFV,2009,petrol,5.3,12.85
Chevrolet,Silverado 4X4 FFV,2009,petrol,6.2,14.6
Chevrolet,Silverado 4X4 Hybrid,2009,hybrid,6.0,10.2
Chevrolet,Silverado Classic,2007,petrol,4.3,12.2
Chevrolet,Silverado Classic,2007,petrol,4.8,12.5
Chevrolet,Silverado Classic,2007,petrol,5.3,12.7
Chevrolet,Silverado Classic,2007,petrol,6.0,14.2
Chevrolet,Silverado Classic 4X4,2007,petrol,4.3,13.35
Chevrolet,Silverado Classic 4X4,2007,petrol,4.8,13.7
Chevrolet,Silverado Classic 4X4,2007,petrol,5.3,13.9
Chevrolet,Silverado Classic 4X4,2007,petrol,6.0,15.1
Chevrolet,Silverado Classic 4X4 FFV,2007,petrol,5.3,14.0
Chevrolet,Silverado Classic FFV,2007,petrol,5.3,13.0
Chevrolet,Silverado Custom/WT,2021,petrol,2.7,11.2
Chevrolet,Silverado EV 3WT,2024,electric,,31.4
Chevrolet,Silverado EV 4WT,2024,electric,,33.2
Chevrolet,Silverado EV LT Ext Range (11.5 kW Charger),2025,electric,,31.0
Chevrolet,Silverado EV LT Ext Range (11.5 kW Charger),2026,electric,,30.8
Chevrolet,Silverado EV LT Ext Range (19.2 kW Charger),2026,electric,,32.6
Chevrolet,Silverado EV LT Std Range,2026,electric,,31.2
Chevrolet,Silverado EV LT/RST Ext Range (19.2 kW Charger),2025,electric,,32.5
Chevrolet,Silverado EV Trail Boss Ext Range (11.5 kW),2026,electric,,30.8
Chevrolet,Silverado EV WT Ext Range,2026,electric,,29.7
Chevrolet,Silverado EV WT Ext Range (11.5 kW Charger),2025,electric,,30.0
Chevrolet,Silverado EV WT Ext Range (19.2 kW Charger),2025,electric,,30.0
Chevrolet,Silverado EV WT Max Range,2026,electric,,30.7
Chevrolet,Silverado EV WT Max Range (19.2 kW Charger),2025,electric,,31.0
Chevrolet,Silverado EV WT Std Range,2025,electric,,31.6
Chevrolet,Silverado EV WT Std Range,2026,electric,,30.8
Chevrolet,Silverado FFV,2007,petrol,5.3,12.3
Chevrolet,Silverado FFV,2008,petrol,5.3,12.4
Chevrolet,Silverado FFV,2009,petrol,5.3,12.45
Chevrolet,Silverado FFV,2009,petrol,6.2,14.1
Chevrolet,Silverado FFV,2016,petrol,4.3,11.9
Chevrolet,Silverado FFV,2016,petrol,5.3,12.7
Chevrolet,Silverado FFV,2017,petrol,4.3,11.9
Chevrolet,Silverado FFV,2017,petrol,5.3,12.7
Chevrolet,Silverado FFV,2018,petrol,4.3,11.8
Chevrolet,Silverado FFV,2018,petrol,5.3,12.7
Chevrolet,Silverado FFV,2019,petrol,5.3,14.0
Chevrolet,Silverado FFV,2020,petrol,5.3,14.4
Chevrolet,Silverado FFV,2021,petrol,5.3,14.5
Chevrolet,Silverado FFV,2022,petrol,5.3,14.5
Chevrolet,Silverado FFV,2023,petrol,5.3,13.1
Chevrolet,Silverado FFV,2024,petrol,5.3,13.1
Chevrolet,Silverado Hybrid,2009,hybrid,6.0,9.5
Chevrolet,Silverado Hybrid,2010,hybrid,6.0,9.4
Chevrolet,Silverado Hybrid,2011,hybrid,6.0,9.4
Chevrolet,Silverado Hybrid,2012,hybrid,6.0,9.4
Chevrolet,Silverado Hybrid,2013,hybrid,6.0,9.4
Chevrolet,Silverado Hybrid 4WD,2010,hybrid,6.0,9.5
Chevrolet,Silverado Hybrid 4WD,2011,hybrid,6.0,9.4
Chevrolet,Silverado Hybrid 4WD,2012,hybrid,6.0,9.4
Chevrolet,Silverado Hybrid 4WD,2013,hybrid,6.0,9.4
Chevrolet,Silverado Hybrid Classic,2007,hybrid,5.3,12.0
Chevrolet,Silverado Hybrid Classic 4X4,2007,hybrid,5.3,13.0
Chevrolet,Silverado LD,2019,petrol,5.3,13.5
Chevrolet,Silverado LD 4WD,2019,petrol,5.3,13.8
Chevrolet,Silverado WT,2020,petrol,2.7,11.7
Chevrolet,Silverado WT 4WD,2020,petrol,2.7,12.0
Chevrolet,Silverado XFE,2010,petrol,5.3,11.6
Chevrolet,Silverado XFE,2011,petrol,5.3,11.6
Chevrolet,Silverado XFE,2012,petrol,5.3,11.6
Chevrolet,Silverado XFE,2013,petrol,5.3,11.6
Chevrolet,Silverado XFE FFV,2009,petrol,5.3,12.3
Chevrolet,Silverado eAssist,2018,petrol,5.3,11.8
Chevrolet,Silverado eAssist 4WD,2016,petrol,5.3,13.0
Chevrolet,Silverado eAssist 4WD,2017,petrol,5.3,13.0
Chevrolet,Silverado eAssist 4WD,2018,petrol,5.3,13.0
Chevrolet,Sonic,2012,petrol,1.4,6.3
Chevrolet,Sonic,2012,petrol,1.8,6.95
Chevrolet,Sonic,2013,petrol,1.4,6.5
Chevrolet,Sonic,2013,petrol,1.8,6.95
Chevrolet,Sonic,2014,petrol,1.4,6.55
Chevrolet,Sonic,2014,petrol,1.8,6.95
Chevrolet,Sonic,2015,petrol,1.4,7.75
Chevrolet,Sonic,2015,petrol,1.8,8.15
Chevrolet,Sonic,2016,petrol,1.4,7.75
Chevrolet,Sonic,2016,petrol,1.8,8.15
Chevrolet,Sonic,2017,petrol,1.4,7.6
Chevrolet,Sonic,2017,petrol,1.8,8.35
Chevrolet,Sonic,2018,petrol,1.4,7.6
Chevrolet,Sonic,2018,petrol,1.8,8.2
Chevrolet,Sonic 5,2012,petrol,1.4,6.3
Chevrolet,Sonic 5,2012,petrol,1.8,6.95
Chevrolet,Sonic 5,2013,petrol,1.4,6.5
Chevrolet,Sonic 5,2013,petrol,1.8,6.95
Chevrolet,Sonic 5,2014,petrol,1.4,6.55
Chevrolet,Sonic 5,2014,petrol,1.8,6.95
Chevrolet,Sonic 5,2015,petrol,1.4,7.75
Chevrolet,Sonic 5,2015,petrol,1.8,8.15
Chevrolet,Sonic 5,2016,petrol,1.4,7.75
Chevrolet,Sonic 5,2016,petrol,1.8,8.15
Chevrolet,Sonic 5,2017,petrol,1.4,7.6
Chevrolet,Sonic 5,2017,petrol,1.8,8.35
Chevrolet,Sonic 5,2018,petrol,1.4,7.6
Chevrolet,Sonic 5,2018,petrol,1.8,8.2
Chevrolet,Sonic 5 RS,2014,petrol,1.4,6.95
Chevrolet,Sonic 5 RS,2015,petrol,1.4,8.15
Chevrolet,Sonic 5 RS,2016,petrol,1.4,8.2
Chevrolet,Sonic RS,2013,petrol,1.4,6.95
Chevrolet,Sonic RS,2014,petrol,1.4,6.95
Chevrolet,Sonic RS,2015,petrol,1.4,8.15
Chevrolet,Sonic RS,2016,petrol,1.4,8.2
Chevrolet,Spark,2013,petrol,1.2,6.0
Chevrolet,Spark,2014,petrol,1.2,5.8
Chevrolet,Spark,2015,petrol,1.2,6.9
Chevrolet,Spark,2016,petrol,1.4,6.8
Chevrolet,Spark,2017,petrol,1.4,7.15
Chevrolet,Spark,2018,petrol,1.4,7.1
Chevrolet,Spark,2019,petrol,1.4,7.15
Chevrolet,Spark,2020,petrol,1.4,7.15
Chevrolet,Spark,2021,petrol,1.4,7.1
Chevrolet,Spark,2022,petrol,1.4,7.1
Chevrolet,Spark EV,2014,electric,,17.8
Chevrolet,Spark EV,2015,electric,,17.8
Chevrolet,Spark EV,2016,electric,,17.8
Chevrolet,Suburban,2007,petrol,5.3,12.5
Chevrolet,Suburban,2007,petrol,6.0,14.1
Chevrolet,Suburban,2008,petrol,5.3,12.5
Chevrolet,Suburban,2008,petrol,6.0,14.5
Chevrolet,Suburban,2009,petrol,5.3,12.7
Chevrolet,Suburban,2009,petrol,6.0,13.1
Chevrolet,Suburban,2010,petrol,5.3,12.2
Chevrolet,Suburban,2011,petrol,5.3,12.2
Chevrolet,Suburban,2012,petrol,5.3,12.1
Chevrolet,Suburban,2013,petrol,5.3,12.1
Chevrolet,Suburban,2014,petrol,5.3,12.1
Chevrolet,Suburban,2015,petrol,5.3,12.7
Chevrolet,Suburban,2016,petrol,5.3,13.0
Chevrolet,Suburban,2017,petrol,5.3,13.0
Chevrolet,Suburban,2018,petrol,5.3,13.0
Chevrolet,Suburban,2019,petrol,5.3,13.4
Chevrolet,Suburban,2020,petrol,5.3,13.4
Chevrolet,Suburban,2021,diesel,3.0,10.1
Chevrolet,Suburban,2021,petrol,5.3,13.2
Chevrolet,Suburban,2022,diesel,3.0,10.1
Chevrolet,Suburban,2022,petrol,5.3,14.0
Chevrolet,Suburban,2023,diesel,3.0,10.1
Chevrolet,Suburban,2023,petrol,5.3,14.0
Chevrolet,Suburban,2024,diesel,3.0,10.1
Chevrolet,Suburban,2024,petrol,5.3,14.0
Chevrolet,Suburban,2025,petrol,5.3,14.0
Chevrolet,Suburban,2026,diesel,3.0,10.2
Chevrolet,Suburban,2026,petrol,5.3,14.0
Chevrolet,Suburban (No Stop-Start),2022,petrol,5.3,14.1
Chevrolet,Suburban (Without Stop-Start),2021,petrol,5.3,13.8
Chevrolet,Suburban 4WD,2011,petrol,5.3,12.2
Chevrolet,Suburban 4WD,2012,petrol,5.3,12.2
Chevrolet,Suburban 4WD,2013,petrol,5.3,12.1
Chevrolet,Suburban 4WD,2014,petrol,5.3,12.1
Chevrolet,Suburban 4WD,2015,petrol,5.3,13.3
Chevrolet,Suburban 4WD,2016,petrol,5.3,13.3
Chevrolet,Suburban 4WD,2017,petrol,5.3,13.3
Chevrolet,Suburban 4WD,2018,petrol,5.3,13.3
Chevrolet,Suburban 4WD,2019,petrol,5.3,14.3
Chevrolet,Suburban 4WD,2019,petrol,6.2,14.5
Chevrolet,Suburban 4WD,2020,petrol,5.3,14.4
Chevrolet,Suburban 4WD,2020,petrol,6.2,14.6
Chevrolet,Suburban 4WD,2021,diesel,3.0,10.6
Chevrolet,Suburban 4WD,2021,petrol,5.3,14.0
Chevrolet,Suburban 4WD,2021,petrol,6.2,14.8
Chevrolet,Suburban 4WD,2022,diesel,3.0,10.5
Chevrolet,Suburban 4WD,2022,petrol,5.3,14.3
Chevrolet,Suburban 4WD,2022,petrol,6.2,14.7
Chevrolet,Suburban 4WD,2023,diesel,3.0,10.5
Chevrolet,Suburban 4WD,2023,petrol,5.3,14.5
Chevrolet,Suburban 4WD,2023,petrol,6.2,15.0
Chevrolet,Suburban 4WD,2024,diesel,3.0,10.5
Chevrolet,Suburban 4WD,2024,petrol,5.3,14.8
Chevrolet,Suburban 4WD,2024,petrol,6.2,15.0
Chevrolet,Suburban 4WD,2025,diesel,3.0,10.7
Chevrolet,Suburban 4WD,2025,petrol,5.3,15.1
Chevrolet,Suburban 4WD,2025,petrol,6.2,15.0
Chevrolet,Suburban 4WD,2026,diesel,3.0,10.7
Chevrolet,Suburban 4WD,2026,petrol,5.3,15.1
Chevrolet,Suburban 4WD,2026,petrol,6.2,15.0
Chevrolet,Suburban 4WD (No Stop-Start),2022,petrol,5.3,15.1
Chevrolet,Suburban 4WD (No Stop-Start),2022,petrol,6.2,15.1
Chevrolet,Suburban 4WD (Without Stop-Start),2021,petrol,5.3,14.5
Chevrolet,Suburban 4WD (Without Stop-Start),2021,petrol,6.2,15.3
Chevrolet,Suburban 4WD FFV,2016,petrol,5.3,13.3
Chevrolet,Suburban 4WD FFV,2017,petrol,5.3,13.3
Chevrolet,Suburban 4WD FFV,2018,petrol,5.3,13.3
Chevrolet,Suburban 4WD FFV,2019,petrol,5.3,14.3
Chevrolet,Suburban 4WD FFV,2020,petrol,5.3,14.4
Chevrolet,Suburban 4WD HD,2011,petrol,6.0,17.3
Chevrolet,Suburban 4WD HD,2012,petrol,6.0,17.3
Chevrolet,Suburban 4WD HD,2013,petrol,6.0,17.3
Chevrolet,Suburban 4X4,2007,petrol,6.0,14.3
Chevrolet,Suburban 4X4,2008,petrol,6.0,14.8
Chevrolet,Suburban 4X4 FFV,2007,petrol,5.3,13.1
Chevrolet,Suburban 4X4 FFV,2008,petrol,5.3,13.1
Chevrolet,Suburban FFV,2007,petrol,5.3,12.8
Chevrolet,Suburban FFV,2008,petrol,5.3,12.7
Chevrolet,Suburban FFV,2009,petrol,5.3,12.7
Chevrolet,Suburban FFV,2016,petrol,5.3,13.0
Chevrolet,Suburban FFV,2017,petrol,5.3,13.0
Chevrolet,Suburban FFV,2018,petrol,5.3,13.0
Chevrolet,Suburban FFV,2019,petrol,5.3,13.4
Chevrolet,Suburban FFV,2020,petrol,5.3,13.4
Chevrolet,Suburban HD,2011,petrol,6.0,17.1
Chevrolet,Suburban HD,2012,petrol,6.0,17.1
Chevrolet,Suburban HD,2013,petrol,6.0,17.1
Chevrolet,Tahoe,2007,petrol,4.8,13.3
Chevrolet,Tahoe,2007,petrol,5.3,12.5
Chevrolet,Tahoe,2008,petrol,5.3,12.5
Chevrolet,Tahoe,2008,petrol,6.2,14.4
Chevrolet,Tahoe,2009,petrol,5.3,12.7
Chevrolet,Tahoe,2010,petrol,5.3,12.2
Chevrolet,Tahoe,2011,petrol,5.3,12.2
Chevrolet,Tahoe,2012,petrol,5.3,12.1
Chevrolet,Tahoe,2013,petrol,5.3,12.1
Chevrolet,Tahoe,2014,petrol,5.3,12.1
Chevrolet,Tahoe,2015,petrol,5.3,12.7
Chevrolet,Tahoe,2016,petrol,5.3,13.0
Chevrolet,Tahoe,2017,petrol,5.3,13.0
Chevrolet,Tahoe,2018,petrol,5.3,13.0
Chevrolet,Tahoe,2019,petrol,5.3,13.4
Chevrolet,Tahoe,2020,petrol,5.3,13.4
Chevrolet,Tahoe,2021,diesel,3.0,9.8
Chevrolet,Tahoe,2021,petrol,5.3,13.2
Chevrolet,Tahoe,2022,diesel,3.0,9.8
Chevrolet,Tahoe,2022,petrol,5.3,14.0
Chevrolet,Tahoe,2023,diesel,3.0,9.9
Chevrolet,Tahoe,2023,petrol,5.3,14.0
Chevrolet,Tahoe,2024,diesel,3.0,9.8
Chevrolet,Tahoe,2024,petrol,5.3,14.0
Chevrolet,Tahoe,2025,petrol,5.3,14.0
Chevrolet,Tahoe,2026,diesel,3.0,9.9
Chevrolet,Tahoe,2026,petrol,5.3,14.0
Chevrolet,Tahoe (No Stop-Start),2022,petrol,5.3,14.1
Chevrolet,Tahoe (Without Stop-Start),2021,petrol,5.3,13.8
Chevrolet,Tahoe 4WD,2010,petrol,5.3,12.2
Chevrolet,Tahoe 4WD,2011,petrol,5.3,12.2
Chevrolet,Tahoe 4WD,2012,petrol,5.3,12.2
Chevrolet,Tahoe 4WD,2013,petrol,5.3,12.1
Chevrolet,Tahoe 4WD,2014,petrol,5.3,12.1
Chevrolet,Tahoe 4WD,2015,petrol,5.3,13.0
Chevrolet,Tahoe 4WD,2016,petrol,5.3,13.2
Chevrolet,Tahoe 4WD,2017,petrol,5.3,13.2
Chevrolet,Tahoe 4WD,2018,petrol,5.3,13.2
Chevrolet,Tahoe 4WD,2018,petrol,6.2,13.8
Chevrolet,Tahoe 4WD,2019,petrol,5.3,13.7
Chevrolet,Tahoe 4WD,2019,petrol,6.2,13.8
Chevrolet,Tahoe 4WD,2020,petrol,5.3,13.8
Chevrolet,Tahoe 4WD,2020,petrol,6.2,13.9
Chevrolet,Tahoe 4WD,2021,diesel,3.0,10.6
Chevrolet,Tahoe 4WD,2021,petrol,5.3,13.5
Chevrolet,Tahoe 4WD,2021,petrol,6.2,14.8
Chevrolet,Tahoe 4WD,2022,diesel,3.0,10.5
Chevrolet,Tahoe 4WD,2022,petrol,5.3,14.0
Chevrolet,Tahoe 4WD,2022,petrol,6.2,14.7
Chevrolet,Tahoe 4WD,2023,diesel,3.0,10.5
Chevrolet,Tahoe 4WD,2023,petrol,5.3,14.0
Chevrolet,Tahoe 4WD,2023,petrol,6.2,15.0
Chevrolet,Tahoe 4WD,2024,diesel,3.0,10.5
Chevrolet,Tahoe 4WD,2024,petrol,5.3,14.0
Chevrolet,Tahoe 4WD,2024,petrol,6.2,15.0
Chevrolet,Tahoe 4WD,2025,diesel,3.0,10.7
Chevrolet,Tahoe 4WD,2025,petrol,5.3,14.4
Chevrolet,Tahoe 4WD,2025,petrol,6.2,15.0
Chevrolet,Tahoe 4WD,2026,diesel,3.0,10.7
Chevrolet,Tahoe 4WD,2026,petrol,5.3,14.2
Chevrolet,Tahoe 4WD,2026,petrol,6.2,15.0
Chevrolet,Tahoe 4WD (No Stop-Start),2022,petrol,5.3,15.1
Chevrolet,Tahoe 4WD (No Stop-Start),2022,petrol,6.2,15.1
Chevrolet,Tahoe 4WD (Without Stop-Start),2021,petrol,5.3,13.9
Chevrolet,Tahoe 4WD (Without Stop-Start),2021,petrol,6.2,15.3
Chevrolet,Tahoe 4WD FFV,2016,petrol,5.3,13.2
Chevrolet,Tahoe 4WD FFV,2017,petrol,5.3,13.2
Chevrolet,Tahoe 4WD FFV,2018,petrol,5.3,13.2
Chevrolet,Tahoe 4WD FFV,2019,petrol,5.3,13.7
Chevrolet,Tahoe 4WD FFV,2020,petrol,5.3,13.8
Chevrolet,Tahoe 4X4 FFV,2007,petrol,5.3,13.1
Chevrolet,Tahoe 4X4 FFV,2008,petrol,5.3,13.1
Chevrolet,Tahoe 4X4 FFV,2009,petrol,5.3,12.8
Chevrolet,Tahoe 4X4 FFV,2009,petrol,6.2,14.6
Chevrolet,Tahoe FFV,2007,petrol,5.3,12.8
Chevrolet,Tahoe FFV,2008,petrol,5.3,12.7
Chevrolet,Tahoe FFV,2009,petrol,5.3,12.7
Chevrolet,Tahoe FFV,2016,petrol,5.3,13.0
Chevrolet,Tahoe FFV,2017,petrol,5.3,13.0
Chevrolet,Tahoe FFV,2018,petrol,5.3,13.0
Chevrolet,Tahoe FFV,2019,petrol,5.3,13.4
Chevrolet,Tahoe FFV,2020,petrol,5.3,13.4
Chevrolet,Tahoe Hybrid,2008,hybrid,6.0,9.5
Chevrolet,Tahoe Hybrid,2009,hybrid,6.0,9.5
Chevrolet,Tahoe Hybrid,2010,hybrid,6.0,9.4
Chevrolet,Tahoe Hybrid,2011,hybrid,6.0,9.4
Chevrolet,Tahoe Hybrid,2012,hybrid,6.0,9.4
Chevrolet,Tahoe Hybrid,2013,hybrid,6.0,9.4
Chevrolet,Tahoe Hybrid 4WD,2010,hybrid,6.0,9.5
Chevrolet,Tahoe Hybrid 4WD,2011,hybrid,6.0,9.4
Chevrolet,Tahoe Hybrid 4WD,2012,hybrid,6.0,9.4
Chevrolet,Tahoe Hybrid 4WD,2013,hybrid,6.0,9.4
Chevrolet,Tahoe Hybrid 4X4,2008,hybrid,6.0,10.2
Chevrolet,Tahoe Hybrid 4X4,2009,hybrid,6.0,10.2
Chevrolet,Tahoe XFE FFV,2009,petrol,5.3,12.0
Chevrolet,TrailBlazer,2005,petrol,4.2,13.0
Chevrolet,TrailBlazer,2006,petrol,4.2,12.6
Chevrolet,TrailBlazer,2006,petrol,5.3,12.5
Chevrolet,TrailBlazer,2006,petrol,6.0,13.6
Chevrolet,TrailBlazer,2007,petrol,4.2,12.6
Chevrolet,TrailBlazer,2007,petrol,5.3,12.5
Chevrolet,TrailBlazer,2007,petrol,6.0,14.1
Chevrolet,TrailBlazer,2008,petrol,5.3,12.5
Chevrolet,TrailBlazer,2008,petrol,6.0,15.2
Chevrolet,TrailBlazer 4X4,2005,petrol,4.2,13.3
Chevrolet,TrailBlazer 4X4,2006,petrol,4.2,13.7
Chevrolet,TrailBlazer 4X4,2006,petrol,5.3,13.0
Chevrolet,TrailBlazer 4X4,2007,petrol,4.2,12.9
Chevrolet,TrailBlazer 4X4,2007,petrol,5.3,13.0
Chevrolet,TrailBlazer 4X4,2008,petrol,4.2,13.0
Chevrolet,TrailBlazer 4X4,2008,petrol,5.3,12.8
Chevrolet,TrailBlazer 4X4,2009,petrol,4.2,12.9
Chevrolet,TrailBlazer 4X4,2009,petrol,5.3,12.6
Chevrolet,TrailBlazer AWD,2006,petrol,6.0,14.6
Chevrolet,TrailBlazer AWD,2007,petrol,6.0,15.1
Chevrolet,TrailBlazer AWD,2008,petrol,6.0,15.8
Chevrolet,TrailBlazer AWD,2009,petrol,6.0,15.8
Chevrolet,TrailBlazer EXT,2005,petrol,4.2,13.9
Chevrolet,TrailBlazer EXT,2005,petrol,5.3,13.5
Chevrolet,TrailBlazer EXT,2006,petrol,4.2,13.5
Chevrolet,TrailBlazer EXT,2006,petrol,5.3,12.5
Chevrolet,TrailBlazer EXT 4X4,2005,petrol,4.2,14.8
Chevrolet,TrailBlazer EXT 4X4,2005,petrol,5.3,14.3
Chevrolet,TrailBlazer EXT 4X4,2006,petrol,4.2,13.7
Chevrolet,TrailBlazer EXT 4X4,2006,petrol,5.3,13.8
Chevrolet,Trailblazer,2021,petrol,1.2,8.0
Chevrolet,Trailblazer,2021,petrol,1.3,7.6
Chevrolet,Trailblazer,2022,petrol,1.2,7.8
Chevrolet,Trailblazer,2022,petrol,1.3,7.6
Chevrolet,Trailblazer,2023,petrol,1.2,7.8
Chevrolet,Trailblazer,2023,petrol,1.3,7.7
Chevrolet,Trailblazer,2024,petrol,1.2,7.8
Chevrolet,Trailblazer,2024,petrol,1.3,7.7
Chevrolet,Trailblazer,2025,petrol,1.2,7.8
Chevrolet,Trailblazer,2025,petrol,1.3,7.7
Chevrolet,Trailblazer,2026,petrol,1.2,7.8
Chevrolet,Trailblazer,2026,petrol,1.3,7.7
Chevrolet,Trailblazer AWD,2021,petrol,1.3,8.4
Chevrolet,Trailblazer AWD,2022,petrol,1.3,8.4
Chevrolet,Trailblazer AWD,2023,petrol,1.3,8.4
Chevrolet,Trailblazer AWD,2024,petrol,1.3,8.6
Chevrolet,Trailblazer AWD,2025,petrol,1.3,8.7
Chevrolet,Trailblazer AWD,2026,petrol,1.3,8.7
Chevrolet,Traverse,2009,petrol,3.6,10.8
Chevrolet,Traverse,2010,petrol,3.6,10.8
Chevrolet,Traverse,2011,petrol,3.6,10.8
Chevrolet,Traverse,2012,petrol,3.6,10.8
Chevrolet,Traverse,2013,petrol,3.6,10.8
Chevrolet,Traverse,2014,petrol,3.6,10.8
Chevrolet,Traverse,2015,petrol,3.6,12.3
Chevrolet,Traverse,2016,petrol,3.6,13.4
Chevrolet,Traverse,2017,petrol,3.6,13.4
Chevrolet,Traverse,2018,petrol,2.0,10.5
Chevrolet,Traverse,2018,petrol,3.6,11.0
Chevrolet,Traverse,2019,petrol,3.6,11.1
Chevrolet,Traverse,2020,petrol,3.6,11.1
Chevrolet,Traverse,2021,petrol,3.6,11.1
Chevrolet,Traverse,2022,petrol,3.6,11.1
Chevrolet,Traverse AWD,2009,petrol,3.6,11.1
Chevrolet,Traverse AWD,2010,petrol,3.6,11.1
Chevrolet,Traverse AWD,2011,petrol,3.6,11.1
Chevrolet,Traverse AWD,2012,petrol,3.6,11.1
Chevrolet,Traverse AWD,2013,petrol,3.6,11.0
Chevrolet,Traverse AWD,2014,petrol,3.6,11.0
Chevrolet,Traverse AWD,2015,petrol,3.6,12.6
Chevrolet,Traverse AWD,2016,petrol,3.6,13.7
Chevrolet,Traverse AWD,2017,petrol,3.6,13.7
Chevrolet,Traverse AWD,2018,petrol,3.6,11.8
Chevrolet,Traverse AWD,2019,petrol,3.6,11.8
Chevrolet,Traverse AWD,2020,petrol,3.6,11.8
Chevrolet,Traverse AWD,2021,petrol,3.6,11.8
Chevrolet,Traverse AWD,2022,petrol,3.6,11.8
Chevrolet,Traverse AWD,2023,petrol,3.6,11.8
Chevrolet,Traverse AWD,2024,petrol,2.5,11.3
Chevrolet,Traverse AWD,2025,petrol,2.5,11.2
Chevrolet,Traverse AWD,2026,petrol,2.5,11.1
Chevrolet,Traverse Limited AWD,2024,petrol,3.6,11.9
Chevrolet,Trax,2013,petrol,1.4,7.0
Chevrolet,Trax,2014,petrol,1.4,6.95
Chevrolet,Trax,2015,petrol,1.4,8.15
Chevrolet,Trax,2016,petrol,1.4,8.15
Chevrolet,Trax,2017,petrol,1.4,8.25
Chevrolet,Trax,2018,petrol,1.4,8.25
Chevrolet,Trax,2019,petrol,1.4,8.35
Chevrolet,Trax,2020,petrol,1.4,8.4
Chevrolet,Trax,2021,petrol,1.4,8.4
Chevrolet,Trax,2022,petrol,1.4,8.6
Chevrolet,Trax,2024,petrol,1.2,7.9
Chevrolet,Trax,2025,petrol,1.2,8.1
Chevrolet,Trax,2026,petrol,1.2,8.1
Chevrolet,Trax (SIDI),2021,petrol,1.4,8.6
Chevrolet,Trax 4WD,2016,petrol,1.4,8.7
Chevrolet,Trax 4WD,2018,petrol,1.4,8.9
Chevrolet,Trax 4WD,2019,petrol,1.4,9.1
Chevrolet,Trax 4WD,2021,petrol,1.4,9.1
Chevrolet,Trax 4WD (SIDI),2021,petrol,1.4,9.1
Chevrolet,Trax AWD,2013,petrol,1.4,7.7
Chevrolet,Trax AWD,2014,petrol,1.4,7.7
Chevrolet,Trax AWD,2015,petrol,1.4,8.7
Chevrolet,Trax AWD,2017,petrol,1.4,8.8
Chevrolet,Trax AWD,2020,petrol,1.4,9.1
Chevrolet,Trax AWD,2022,petrol,1.4,9.1
Chevrolet,Uplander,2005,petrol,3.5,11.3
Chevrolet,Uplander,2006,petrol,3.5,11.0
Chevrolet,Uplander,2006,petrol,3.9,11.1
Chevrolet,Uplander,2007,petrol,3.9,11.0
Chevrolet,Uplander,2008,petrol,3.9,11.1
Chevrolet,Uplander,2009,petrol,3.9,11.1
Chevrolet,Uplander AWD,2005,petrol,3.5,11.9
Chevrolet,Uplander AWD,2006,petrol,3.5,11.9
Chevrolet,Uplander FFV,2007,petrol,3.9,11.1
Chevrolet,Uplander FFV,2008,petrol,3.9,11.1
Chevrolet,Venture,2005,petrol,3.4,10.6
Chevrolet,Volt,2012,hybrid,1.4,6.4
Chevrolet,Volt,2013,hybrid,1.4,6.4
Chevrolet,Volt,2014,hybrid,1.4,6.4
Chevrolet,Volt,2015,hybrid,1.4,6.4
Chevrolet,Volt,2016,hybrid,1.5,5.6
Chevrolet,Volt,2017,hybrid,1.5,5.6
Chevrolet,Volt,2018,hybrid,1.5,5.6
Chevrolet,Volt,2019,hybrid,1.5,5.6
Chrysler,200,2012,petrol,2.4,8.55
Chrysler,200,2015,petrol,2.4,8.5
Chrysler,200,2015,petrol,3.6,10.2
Chrysler,200 AWD,2015,petrol,3.6,10.7
Chrysler,200 AWD FFV,2015,petrol,3.6,10.7
Chrysler,200 AWD FFV,2016,petrol,3.6,10.7
Chrysler,200 AWD FFV,2017,petrol,3.6,10.8
Chrysler,200 Convertible,2011,petrol,2.4,9.05
Chrysler,200 Convertible,2012,petrol,2.4,9.05
Chrysler,200 Convertible,2013,petrol,2.4,9.3
Chrysler,200 Convertible,2014,petrol,2.4,9.05
Chrysler,200 Convertible FFV,2011,petrol,3.6,9.1
Chrysler,200 Convertible FFV,2012,petrol,3.6,9.1
Chrysler,200 Convertible FFV,2013,petrol,3.6,9.1
Chrysler,200 Convertible FFV,2014,petrol,3.6,9.1
Chrysler,200 FFV,2012,petrol,3.6,9.1
Chrysler,200 FFV,2015,petrol,2.4,8.5
Chrysler,200 FFV,2015,petrol,3.6,10.2
Chrysler,200 FFV,2016,petrol,2.4,8.5
Chrysler,200 FFV,2016,petrol,3.6,10.2
Chrysler,200 FFV,2017,petrol,2.4,8.6
Chrysler,200 FFV,2017,petrol,3.6,10.2
Chrysler,200 Sedan,2011,petrol,2.4,8.55
Chrysler,200 Sedan,2013,petrol,2.4,8.7
Chrysler,200 Sedan,2014,petrol,2.4,8.55
Chrysler,200 Sedan FFV,2011,petrol,3.6,9.1
Chrysler,200 Sedan FFV,2013,petrol,3.6,9.1
Chrysler,200 Sedan FFV,2014,petrol,3.6,9.1
Chrysler,300,2005,petrol,3.5,10.3
Chrysler,300,2006,petrol,3.5,10.4
Chrysler,300,2007,petrol,3.5,10.5
Chrysler,300,2008,petrol,3.5,10.3
Chrysler,300,2009,petrol,3.5,10.3
Chrysler,300,2010,petrol,3.5,10.3
Chrysler,300,2012,petrol,3.6,9.3
Chrysler,300,2013,petrol,3.6,8.9
Chrysler,300,2014,petrol,3.6,8.9
Chrysler,300,2015,petrol,3.6,10.3
Chrysler,300,2016,petrol,3.6,10.3
Chrysler,300,2017,petrol,3.6,10.3
Chrysler,300,2018,petrol,3.6,10.3
Chrysler,300,2018,petrol,5.7,12.3
Chrysler,300,2019,petrol,3.6,10.3
Chrysler,300,2019,petrol,5.7,12.3
Chrysler,300,2020,petrol,3.6,10.3
Chrysler,300,2020,petrol,5.7,12.3
Chrysler,300,2021,petrol,3.6,10.3
Chrysler,300,2021,petrol,5.7,12.3
Chrysler,300,2022,petrol,3.6,10.3
Chrysler,300,2022,petrol,5.7,12.3
Chrysler,300,2023,petrol,3.6,10.3
Chrysler,300,2023,petrol,5.7,12.3
Chrysler,300 (FuelSaver MDS),2013,petrol,5.7,11.1
Chrysler,300 (MDS),2014,petrol,5.7,11.3
Chrysler,300 (MDS),2015,petrol,5.7,12.3
Chrysler,300 (MDS),2016,petrol,5.7,12.3
Chrysler,300 (MDS),2017,petrol,5.7,12.3
Chrysler,300 AWD,2005,petrol,3.5,11.7
Chrysler,300 AWD,2006,petrol,3.5,11.7
Chrysler,300 AWD,2007,petrol,3.5,11.7
Chrysler,300 AWD,2008,petrol,3.5,11.7
Chrysler,300 AWD,2009,petrol,3.5,10.8
Chrysler,300 AWD,2010,petrol,3.5,10.8
Chrysler,300 AWD,2012,petrol,3.6,9.5
Chrysler,300 AWD,2013,petrol,3.6,9.5
Chrysler,300 AWD,2014,petrol,3.6,9.5
Chrysler,300 AWD,2015,petrol,3.6,10.9
Chrysler,300 AWD,2016,petrol,3.6,10.9
Chrysler,300 AWD,2017,petrol,3.6,11.0
Chrysler,300 AWD,2018,petrol,3.6,11.0
Chrysler,300 AWD,2019,petrol,3.6,11.0
Chrysler,300 AWD,2020,petrol,3.6,11.0
Chrysler,300 AWD,2021,petrol,3.6,11.0
Chrysler,300 AWD,2022,petrol,3.6,11.0
Chrysler,300 AWD,2023,petrol,3.6,11.0
Chrysler,300 AWD (FuelSaver MDS),2013,petrol,5.7,11.7
Chrysler,300 AWD (MDS),2014,petrol,5.7,11.7
Chrysler,300 AWD FFV,2012,petrol,3.6,9.5
Chrysler,300 AWD FFV,2013,petrol,3.6,9.5
Chrysler,300 AWD FFV,2014,petrol,3.6,9.5
Chrysler,300 AWD FFV,2015,petrol,3.6,10.9
Chrysler,300 AWD FFV,2016,petrol,3.6,10.9
Chrysler,300 AWD FFV,2017,petrol,3.6,11.0
Chrysler,300 AWD FFV,2018,petrol,3.6,11.0
Chrysler,300 AWD FFV,2019,petrol,3.6,11.0
Chrysler,300 FFV,2011,petrol,3.6,9.7
Chrysler,300 FFV,2012,petrol,3.6,9.3
Chrysler,300 FFV,2013,petrol,3.6,8.9
Chrysler,300 FFV,2014,petrol,3.6,8.9
Chrysler,300 FFV,2015,petrol,3.6,10.3
Chrysler,300 FFV,2016,petrol,3.6,10.3
Chrysler,300 FFV,2018,petrol,3.6,10.3
Chrysler,300 FFV,2019,petrol,3.6,10.3
Chrysler,300 SRT (FuelSaver MDS),2013,petrol,6.4,12.2
Chrysler,300 SRT (MDS),2014,petrol,6.4,12.2
Chrysler,300 SRT8 (FuelSaver MDS),2012,petrol,6.4,12.2
Chrysler,300C,2023,petrol,6.4,13.1
Chrysler,300C (FuelSaver MDS),2011,petrol,5.7,11.1
Chrysler,300C (FuelSaver MDS),2012,petrol,5.7,11.1
Chrysler,300C (MDS),2005,petrol,5.7,11.6
Chrysler,300C (MDS),2006,petrol,5.7,11.6
Chrysler,300C (MDS),2007,petrol,5.7,11.6
Chrysler,300C (MDS),2008,petrol,5.7,11.4
Chrysler,300C (MDS),2009,petrol,5.7,11.1
Chrysler,300C (MDS),2010,petrol,5.7,11.1
Chrysler,300C AWD (FuelSaver MDS),2011,petrol,5.7,11.7
Chrysler,300C AWD (FuelSaver MDS),2012,petrol,5.7,11.8
Chrysler,300C AWD (MDS),2005,petrol,5.7,11.6
Chrysler,300C AWD (MDS),2006,petrol,5.7,11.6
Chrysler,300C AWD (MDS),2007,petrol,5.7,11.6
Chrysler,300C AWD (MDS),2008,petrol,5.7,11.6
Chrysler,300C AWD (MDS),2009,petrol,5.7,11.3
Chrysler,300C AWD (MDS),2010,petrol,5.7,11.3
Chrysler,300C SRT8,2005,petrol,6.1,14.0
Chrysler,300C SRT8,2006,petrol,6.1,14.0
Chrysler,300C SRT8,2007,petrol,6.1,14.0
Chrysler,300C SRT8,2008,petrol,6.1,14.0
Chrysler,300C SRT8,2009,petrol,6.1,13.6
Chrysler,300C SRT8,2010,petrol,6.1,13.6
Chrysler,Aspen 4X4 (MDS),2007,petrol,5.7,14.2
Chrysler,Aspen 4X4 (MDS),2008,petrol,5.7,14.0
Chrysler,Aspen 4X4 (MDS),2009,petrol,5.7,13.4
Chrysler,Aspen 4X4 Hybrid,2009,hybrid,5.7,9.9
Chrysler,Crossfire,2005,petrol,3.2,10.65
Chrysler,Crossfire,2006,petrol,3.2,10.65
Chrysler,Crossfire,2007,petrol,3.2,10.65
Chrysler,Crossfire,2008,petrol,3.2,10.6
Chrysler,Crossfire Roadster,2005,petrol,3.2,10.65
Chrysler,Crossfire Roadster,2006,petrol,3.2,10.65
Chrysler,Crossfire Roadster,2007,petrol,3.2,10.65
Chrysler,Crossfire Roadster,2008,petrol,3.2,10.6
Chrysler,Crossfire Roadster SRT6 #,2005,petrol,3.2,11.6
Chrysler,Crossfire Roadster SRT6 #,2006,petrol,3.2,11.6
Chrysler,Crossfire SRT6 #,2005,petrol,3.2,11.6
Chrysler,Crossfire SRT6 #,2006,petrol,3.2,11.6
Chrysler,Grand Caravan,2021,petrol,3.6,10.6
Chrysler,Grand Caravan,2022,petrol,3.6,10.6
Chrysler,Grand Caravan,2023,petrol,3.6,10.6
Chrysler,Grand Caravan,2024,petrol,3.6,10.6
Chrysler,Grand Caravan,2025,petrol,3.6,10.6
Chrysler,Grand Caravan,2026,petrol,3.6,10.6
Chrysler,PT Cruiser,2005,petrol,2.4,9.25
Chrysler,PT Cruiser,2006,petrol,2.4,9.25
Chrysler,PT Cruiser,2007,petrol,2.4,9.25
Chrysler,PT Cruiser,2008,petrol,2.4,9.25
Chrysler,PT Cruiser,2009,petrol,2.4,9.25
Chrysler,PT Cruiser,2010,petrol,2.4,9.7
Chrysler,PT Cruiser Convertible,2005,petrol,2.4,9.25
Chrysler,PT Cruiser Convertible,2006,petrol,2.4,9.25
Chrysler,PT Cruiser Convertible,2007,petrol,2.4,9.25
Chrysler,PT Cruiser Convertible,2008,petrol,2.4,9.25
Chrysler,PT Turbo,2005,petrol,2.4,9.9
Chrysler,PT Turbo,2006,petrol,2.4,9.9
Chrysler,PT Turbo,2007,petrol,2.4,9.9
Chrysler,PT Turbo,2008,petrol,2.4,9.9
Chrysler,PT Turbo #,2005,petrol,2.4,9.6
Chrysler,PT Turbo #,2006,petrol,2.4,9.6
Chrysler,PT Turbo #,2007,petrol,2.4,9.6
Chrysler,PT Turbo Convertible,2005,petrol,2.4,9.9
Chrysler,PT Turbo Convertible,2006,petrol,2.4,9.9
Chrysler,PT Turbo Convertible,2007,petrol,2.4,9.9
Chrysler,PT Turbo Convertible,2008,petrol,2.4,9.9
Chrysler,PT Turbo Convertible #,2005,petrol,2.4,9.6
Chrysler,PT Turbo Convertible #,2006,petrol,2.4,9.6
Chrysler,PT Turbo Convertible #,2007,petrol,2.4,9.6
Chrysler,Pacifica,2005,petrol,3.5,12.0
Chrysler,Pacifica,2005,petrol,3.8,11.3
Chrysler,Pacifica,2006,petrol,3.5,12.0
Chrysler,Pacifica,2007,petrol,3.8,11.3
Chrysler,Pacifica,2007,petrol,4.0,11.9
Chrysler,Pacifica,2008,petrol,3.8,11.7
Chrysler,Pacifica,2008,petrol,4.0,11.9
Chrysler,Pacifica,2017,petrol,3.6,10.9
Chrysler,Pacifica,2018,petrol,3.6,10.9
Chrysler,Pacifica,2019,petrol,3.6,10.9
Chrysler,Pacifica,2021,petrol,3.6,10.6
Chrysler,Pacifica,2022,petrol,3.6,10.6
Chrysler,Pacifica,2023,petrol,3.6,10.6
Chrysler,Pacifica,2024,petrol,3.6,10.6
Chrysler,Pacifica,2025,petrol,3.6,10.6
Chrysler,Pacifica,2026,petrol,3.6,10.6
Chrysler,Pacifica (Stop-Start),2017,petrol,3.6,10.6
Chrysler,Pacifica (Stop-Start),2018,petrol,3.6,10.6
Chrysler,Pacifica (Stop-Start),2019,petrol,3.6,10.6
Chrysler,Pacifica (Stop-Start),2020,petrol,3.6,10.6
Chrysler,Pacifica AWD,2005,petrol,3.5,12.2
Chrysler,Pacifica AWD,2006,petrol,3.5,12.2
Chrysler,Pacifica AWD,2007,petrol,4.0,12.3
Chrysler,Pacifica AWD,2008,petrol,4.0,12.3
Chrysler,Pacifica AWD,2021,petrol,3.6,12.0
Chrysler,Pacifica AWD,2022,petrol,3.6,12.0
Chrysler,Pacifica AWD,2023,petrol,3.6,12.0
Chrysler,Pacifica AWD,2024,petrol,3.6,12.0
Chrysler,Pacifica AWD,2025,petrol,3.6,12.0
Chrysler,Pacifica AWD,2026,petrol,3.6,12.0
Chrysler,Pacifica AWD (Stop-Start),2020,petrol,3.6,11.8
Chrysler,Pacifica Hybrid,2017,hybrid,3.6,7.3
Chrysler,Pacifica Hybrid,2018,hybrid,3.6,7.3
Chrysler,Pacifica Hybrid,2019,hybrid,3.6,8.0
Chrysler,Pacifica Hybrid,2020,hybrid,3.6,8.0
Chrysler,Pacifica Hybrid,2021,hybrid,3.6,8.0
Chrysler,Pacifica Hybrid,2022,hybrid,3.6,8.0
Chrysler,Pacifica Hybrid,2023,hybrid,3.6,8.0
Chrysler,Pacifica Hybrid,2024,hybrid,3.6,8.0
Chrysler,Pacifica Hybrid,2025,hybrid,3.6,8.0
Chrysler,Pacifica Hybrid,2026,hybrid,3.6,8.0
Chrysler,Sebring,2005,petrol,2.4,9.1
Chrysler,Sebring,2005,petrol,2.7,9.65
Chrysler,Sebring,2006,petrol,2.4,9.1
Chrysler,Sebring,2006,petrol,2.7,9.65
Chrysler,Sebring,2007,petrol,2.4,8.3
Chrysler,Sebring,2007,petrol,3.5,10.6
Chrysler,Sebring Convertible,2005,petrol,2.7,9.65
Chrysler,Sebring Convertible,2006,petrol,2.7,9.65
Chrysler,Sebring Convertible,2008,petrol,2.4,8.8
Chrysler,Sebring Convertible,2008,petrol,3.5,10.6
Chrysler,Sebring Convertible,2009,petrol,2.4,8.8
Chrysler,Sebring Convertible,2009,petrol,3.5,10.4
Chrysler,Sebring Convertible,2010,petrol,2.4,8.8
Chrysler,Sebring Convertible,2010,petrol,3.5,10.4
Chrysler,Sebring Convertible FFV,2008,petrol,2.7,9.8
Chrysler,Sebring Convertible FFV,2009,petrol,2.7,9.8
Chrysler,Sebring Convertible FFV,2010,petrol,2.7,9.8
Chrysler,Sebring FFV,2005,petrol,2.7,9.7
Chrysler,Sebring FFV,2006,petrol,2.7,9.7
Chrysler,Sebring FFV,2007,petrol,2.7,9.2
Chrysler,Sebring Sedan,2008,petrol,2.4,8.3
Chrysler,Sebring Sedan,2008,petrol,3.5,10.6
Chrysler,Sebring Sedan,2009,petrol,2.4,8.3
Chrysler,Sebring Sedan,2009,petrol,3.5,10.4
Chrysler,Sebring Sedan,2010,petrol,2.4,8.3
Chrysler,Sebring Sedan,2010,petrol,3.5,10.4
Chrysler,Sebring Sedan AWD,2008,petrol,3.5,11.4
Chrysler,Sebring Sedan FFV,2008,petrol,2.7,9.2
Chrysler,Sebring Sedan FFV,2009,petrol,2.7,9.2
Chrysler,Sebring Sedan FFV,2010,petrol,2.7,9.2
Chrysler,Town & Country,2005,petrol,3.8,11.3
Chrysler,Town & Country,2006,petrol,3.8,11.3
Chrysler,Town & Country,2007,petrol,3.8,11.3
Chrysler,Town & Country,2008,petrol,3.8,11.2
Chrysler,Town & Country,2008,petrol,4.0,11.2
Chrysler,Town & Country,2009,petrol,4.0,10.3
Chrysler,Town & Country,2010,petrol,4.0,10.3
Chrysler,Town & Country FFV,2011,petrol,3.6,10.3
Chrysler,Town & Country FFV,2012,petrol,3.6,10.3
Chrysler,Town & Country FFV,2013,petrol,3.6,10.5
Chrysler,Town & Country FFV,2014,petrol,3.6,10.5
Chrysler,Town & Country FFV,2015,petrol,3.6,12.0
Chrysler,Town & Country FFV,2016,petrol,3.6,12.0
Chrysler,Voyager (Stop-Start),2020,petrol,3.6,10.6
Dodge,Avenger,2008,petrol,2.4,8.3
Dodge,Avenger,2008,petrol,3.5,10.6
Dodge,Avenger,2009,petrol,2.4,8.3
Dodge,Avenger,2009,petrol,3.5,10.4
Dodge,Avenger,2010,petrol,2.4,8.3
Dodge,Avenger,2010,petrol,3.5,10.4
Dodge,Avenger,2011,petrol,2.4,8.55
Dodge,Avenger,2012,petrol,2.4,8.55
Dodge,Avenger,2013,petrol,2.4,8.7
Dodge,Avenger,2014,petrol,2.4,8.55
Dodge,Avenger AWD,2008,petrol,3.5,11.4
Dodge,Avenger FFV,2008,petrol,2.7,9.2
Dodge,Avenger FFV,2009,petrol,2.7,9.2
Dodge,Avenger FFV,2011,petrol,3.6,9.1
Dodge,Avenger FFV,2012,petrol,3.6,9.1
Dodge,Avenger FFV,2013,petrol,3.6,9.1
Dodge,Avenger FFV,2014,petrol,3.6,9.1
Dodge,Caliber,2007,petrol,1.8,7.7
Dodge,Caliber,2007,petrol,2.0,8.3
Dodge,Caliber,2007,petrol,2.4,8.55
Dodge,Caliber,2008,petrol,1.8,7.7
Dodge,Caliber,2008,petrol,2.0,8.3
Dodge,Caliber,2008,petrol,2.4,8.4
Dodge,Caliber,2009,petrol,1.8,7.6
Dodge,Caliber,2009,petrol,2.0,8.3
Dodge,Caliber,2010,petrol,2.0,8.05
Dodge,Caliber,2011,petrol,2.0,7.9
Dodge,Caliber,2011,petrol,2.4,8.3
Dodge,Caliber,2012,petrol,2.0,7.9
Dodge,Caliber,2012,petrol,2.4,8.5
Dodge,Caliber AWD,2007,petrol,2.4,9.4
Dodge,Caliber AWD,2008,petrol,2.4,9.2
Dodge,Caliber SRT4 #,2008,petrol,2.4,9.3
Dodge,Caliber SRT4 #,2009,petrol,2.4,9.3
Dodge,Caravan,2005,petrol,3.3,10.4
Dodge,Caravan,2006,petrol,3.3,10.4
Dodge,Caravan,2007,petrol,3.3,10.4
Dodge,Caravan C/V,2005,petrol,3.3,10.4
Dodge,Caravan C/V,2006,petrol,3.3,10.4
Dodge,Caravan C/V,2007,petrol,3.3,10.4
Dodge,Caravan C/V FFV,2005,petrol,3.3,10.3
Dodge,Caravan FFV,2005,petrol,3.3,10.3
Dodge,Caravan FFV,2006,petrol,3.3,10.3
Dodge,Caravan FFV,2007,petrol,3.3,10.3
Dodge,Caravan FFV C/V,2006,petrol,3.3,10.3
Dodge,Caravan FFV C/V,2007,petrol,3.3,10.3
Dodge,Challenger,2009,petrol,3.5,10.3
Dodge,Challenger,2009,petrol,5.7,11.0
Dodge,Challenger,2010,petrol,3.5,10.1
Dodge,Challenger,2010,petrol,5.7,11.3
Dodge,Challenger,2011,petrol,3.6,9.7
Dodge,Challenger,2011,petrol,5.7,11.3
Dodge,Challenger,2012,petrol,3.6,9.7
Dodge,Challenger,2012,petrol,5.7,11.5
Dodge,Challenger,2013,petrol,3.6,9.7
Dodge,Challenger,2013,petrol,5.7,11.5
Dodge,Challenger,2014,petrol,3.6,9.7
Dodge,Challenger,2014,petrol,5.7,11.5
Dodge,Challenger,2015,petrol,3.6,10.3
Dodge,Challenger,2015,petrol,5.7,13.1
Dodge,Challenger,2015,petrol,6.4,13.9
Dodge,Challenger,2016,petrol,3.6,10.3
Dodge,Challenger,2016,petrol,5.7,13.1
Dodge,Challenger,2016,petrol,6.4,13.9
Dodge,Challenger,2017,petrol,3.6,10.3
Dodge,Challenger,2017,petrol,5.7,13.1
Dodge,Challenger,2017,petrol,6.4,13.9
Dodge,Challenger,2018,petrol,3.6,10.3
Dodge,Challenger,2018,petrol,5.7,13.1
Dodge,Challenger,2018,petrol,6.4,13.9
Dodge,Challenger,2019,petrol,3.6,10.3
Dodge,Challenger,2019,petrol,5.7,13.1
Dodge,Challenger,2019,petrol,6.4,13.9
Dodge,Challenger,2020,petrol,3.6,10.3
Dodge,Challenger,2020,petrol,5.7,13.1
Dodge,Challenger,2020,petrol,6.4,13.9
Dodge,Challenger,2021,petrol,3.6,10.3
Dodge,Challenger,2021,petrol,5.7,13.1
Dodge,Challenger,2021,petrol,6.4,13.9
Dodge,Challenger,2022,petrol,3.6,10.3
Dodge,Challenger,2022,petrol,5.7,13.1
Dodge,Challenger,2022,petrol,6.4,13.9
Dodge,Challenger,2023,petrol,3.6,10.3
Dodge,Challenger,2023,petrol,5.7,13.1
Dodge,Challenger,2023,petrol,6.4,13.9
Dodge,Challenger (FuelSaver MDS),2011,petrol,5.7,11.1
Dodge,Challenger (FuelSaver MDS),2012,petrol,5.7,11.1
Dodge,Challenger (FuelSaver MDS),2013,petrol,5.7,11.1
Dodge,Challenger (MDS),2009,petrol,5.7,11.1
Dodge,Challenger (MDS),2010,petrol,5.7,11.1
Dodge,Challenger (MDS),2014,petrol,5.7,11.3
Dodge,Challenger (MDS),2015,petrol,5.7,12.3
Dodge,Challenger (MDS),2015,petrol,6.4,12.9
Dodge,Challenger (MDS),2016,petrol,5.7,12.3
Dodge,Challenger (MDS),2016,petrol,6.4,12.9
Dodge,Challenger (MDS),2017,petrol,5.7,12.3
Dodge,Challenger (MDS),2017,petrol,6.4,12.9
Dodge,Challenger (MDS),2018,petrol,5.7,12.3
Dodge,Challenger (MDS),2018,petrol,6.4,12.9
Dodge,Challenger (MDS),2019,petrol,5.7,12.3
Dodge,Challenger (MDS),2019,petrol,6.4,13.0
Dodge,Challenger (MDS),2020,petrol,5.7,12.3
Dodge,Challenger (MDS),2020,petrol,6.4,13.0
Dodge,Challenger (MDS),2021,petrol,5.7,12.3
Dodge,Challenger (MDS),2021,petrol,6.4,13.1
Dodge,Challenger (MDS),2022,petrol,5.7,12.3
Dodge,Challenger (MDS),2022,petrol,6.4,13.0
Dodge,Challenger (MDS),2023,petrol,5.7,12.3
Dodge,Challenger (MDS),2023,petrol,6.4,13.1
Dodge,Challenger AWD,2020,petrol,3.6,11.0
Dodge,Challenger AWD,2021,petrol,3.6,11.0
Dodge,Challenger AWD,2022,petrol,3.6,11.0
Dodge,Challenger AWD,2023,petrol,3.6,11.0
Dodge,Challenger GT,2017,petrol,3.6,11.0
Dodge,Challenger GT AWD,2018,petrol,3.6,11.0
Dodge,Challenger GT AWD,2019,petrol,3.6,11.0
Dodge,Challenger GT AWD FFV,2018,petrol,3.6,11.0
Dodge,Challenger SRT,2013,petrol,6.4,12.3
Dodge,Challenger SRT,2014,petrol,6.4,12.3
Dodge,Challenger SRT,2015,petrol,6.4,13.9
Dodge,Challenger SRT,2016,petrol,6.4,13.9
Dodge,Challenger SRT,2017,petrol,6.4,13.9
Dodge,Challenger SRT,2018,petrol,6.4,13.9
Dodge,Challenger SRT (FuelSaver MDS),2013,petrol,6.4,12.2
Dodge,Challenger SRT (MDS),2014,petrol,6.4,12.2
Dodge,Challenger SRT (MDS),2015,petrol,6.4,12.9
Dodge,Challenger SRT (MDS),2016,petrol,6.4,12.9
Dodge,Challenger SRT (MDS),2017,petrol,6.4,12.9
Dodge,Challenger SRT (MDS),2018,petrol,6.4,12.9
Dodge,Challenger SRT Demon,2018,petrol,6.2,14.5
Dodge,Challenger SRT Demon 170,2023,petrol,6.2,18.8
Dodge,Challenger SRT Hellcat,2015,petrol,6.2,14.9
Dodge,Challenger SRT Hellcat,2016,petrol,6.2,14.8
Dodge,Challenger SRT Hellcat,2017,petrol,6.2,14.8
Dodge,Challenger SRT Hellcat,2018,petrol,6.2,14.8
Dodge,Challenger SRT Hellcat,2019,petrol,6.2,14.8
Dodge,Challenger SRT Hellcat,2020,petrol,6.2,14.8
Dodge,Challenger SRT Hellcat,2021,petrol,6.2,14.8
Dodge,Challenger SRT Hellcat,2022,petrol,6.2,14.8
Dodge,Challenger SRT Hellcat,2023,petrol,6.2,14.8
Dodge,Challenger SRT Hellcat Redeye,2019,petrol,6.2,14.5
Dodge,Challenger SRT Hellcat Widebody,2020,petrol,6.2,15.2
Dodge,Challenger SRT Hellcat Widebody,2021,petrol,6.2,15.2
Dodge,Challenger SRT Hellcat Widebody,2022,petrol,6.2,15.2
Dodge,Challenger SRT Hellcat Widebody,2023,petrol,6.2,15.25
Dodge,Challenger SRT8,2009,petrol,6.1,13.15
Dodge,Challenger SRT8,2010,petrol,6.1,13.15
Dodge,Challenger SRT8 392,2011,petrol,6.4,12.3
Dodge,Challenger SRT8 392,2012,petrol,6.4,12.3
Dodge,Challenger SRT8 392 (FuelSaver MDS),2011,petrol,6.4,12.8
Dodge,Challenger SRT8 392 (FuelSaver MDS),2012,petrol,6.4,12.2
Dodge,Challenger Widebody,2021,petrol,6.4,13.9
Dodge,Challenger Widebody,2022,petrol,6.4,13.9
Dodge,Challenger Widebody,2023,petrol,6.4,13.9
Dodge,Challenger Widebody (MDS),2020,petrol,6.4,13.45
Dodge,Challenger Widebody (MDS),2021,petrol,6.4,13.1
Dodge,Challenger Widebody (MDS),2022,petrol,6.4,13.0
Dodge,Challenger Widebody (MDS),2023,petrol,6.4,13.1
Dodge,Charger,2006,petrol,2.7,9.7
Dodge,Charger,2006,petrol,3.5,10.5
Dodge,Charger,2007,petrol,2.7,9.7
Dodge,Charger,2007,petrol,3.5,10.5
Dodge,Charger,2008,petrol,2.7,9.7
Dodge,Charger,2008,petrol,3.5,10.4
Dodge,Charger,2009,petrol,2.7,9.7
Dodge,Charger,2009,petrol,3.5,10.3
Dodge,Charger,2010,petrol,2.7,9.7
Dodge,Charger,2010,petrol,3.5,10.3
Dodge,Charger,2012,petrol,3.6,9.3
Dodge,Charger,2013,petrol,3.6,9.3
Dodge,Charger,2014,petrol,3.6,9.3
Dodge,Charger,2015,petrol,3.6,10.9
Dodge,Charger,2016,petrol,3.6,10.9
Dodge,Charger,2017,petrol,3.6,10.95
Dodge,Charger,2018,petrol,3.6,10.95
Dodge,Charger,2019,petrol,3.6,10.95
Dodge,Charger,2020,petrol,3.6,10.95
Dodge,Charger,2021,petrol,3.6,10.3
Dodge,Charger,2022,petrol,3.6,10.3
Dodge,Charger,2023,petrol,3.6,10.3
Dodge,Charger (FuelSaver MDS),2011,petrol,5.7,11.1
Dodge,Charger (FuelSaver MDS),2012,petrol,5.7,11.1
Dodge,Charger (FuelSaver MDS),2013,petrol,5.7,11.1
Dodge,Charger (MDS),2006,petrol,5.7,11.6
Dodge,Charger (MDS),2007,petrol,5.7,11.6
Dodge,Charger (MDS),2008,petrol,5.7,11.4
Dodge,Charger (MDS),2009,petrol,5.7,11.1
Dodge,Charger (MDS),2010,petrol,5.7,11.1
Dodge,Charger (MDS),2014,petrol,5.7,11.3
Dodge,Charger (MDS),2015,petrol,5.7,12.6
Dodge,Charger (MDS),2016,petrol,5.7,12.6
Dodge,Charger (MDS),2016,petrol,6.4,12.9
Dodge,Charger (MDS),2017,petrol,5.7,12.6
Dodge,Charger (MDS),2017,petrol,6.4,12.9
Dodge,Charger (MDS),2018,petrol,5.7,12.6
Dodge,Charger (MDS),2018,petrol,6.4,12.9
Dodge,Charger (MDS),2019,petrol,5.7,12.6
Dodge,Charger (MDS),2019,petrol,6.4,13.0
Dodge,Charger (MDS),2020,petrol,5.7,12.3
Dodge,Charger (MDS),2020,petrol,6.4,13.0
Dodge,Charger (MDS),2021,petrol,5.7,12.3
Dodge,Charger (MDS),2021,petrol,6.4,13.1
Dodge,Charger (MDS),2022,petrol,5.7,12.3
Dodge,Charger (MDS),2022,petrol,6.4,13.0
Dodge,Charger (MDS),2023,petrol,5.7,12.3
Dodge,Charger (MDS),2023,petrol,6.4,13.1
Dodge,Charger AWD,2007,petrol,3.5,11.7
Dodge,Charger AWD,2008,petrol,3.5,11.7
Dodge,Charger AWD,2009,petrol,3.5,10.8
Dodge,Charger AWD,2010,petrol,3.5,10.8
Dodge,Charger AWD,2012,petrol,3.6,9.5
Dodge,Charger AWD,2013,petrol,3.6,9.5
Dodge,Charger AWD,2014,petrol,3.6,9.5
Dodge,Charger AWD,2015,petrol,3.6,10.9
Dodge,Charger AWD,2016,petrol,3.6,10.9
Dodge,Charger AWD,2017,petrol,3.6,11.0
Dodge,Charger AWD,2017,petrol,5.7,13.3
Dodge,Charger AWD,2018,petrol,3.6,11.0
Dodge,Charger AWD,2019,petrol,3.6,11.0
Dodge,Charger AWD,2020,petrol,3.6,11.0
Dodge,Charger AWD,2021,petrol,3.6,11.0
Dodge,Charger AWD,2022,petrol,3.6,11.0
Dodge,Charger AWD,2023,petrol,3.6,11.0
Dodge,Charger AWD (FuelSaver MDS),2011,petrol,5.7,11.7
Dodge,Charger AWD (FuelSaver MDS),2012,petrol,5.7,11.8
Dodge,Charger AWD (FuelSaver MDS),2013,petrol,5.7,11.7
Dodge,Charger AWD (MDS),2007,petrol,5.7,11.6
Dodge,Charger AWD (MDS),2008,petrol,5.7,11.6
Dodge,Charger AWD (MDS),2009,petrol,5.7,11.3
Dodge,Charger AWD (MDS),2010,petrol,5.7,11.3
Dodge,Charger AWD (MDS),2014,petrol,5.7,11.7
Dodge,Charger AWD (MDS),2015,petrol,5.7,13.4
Dodge,Charger AWD (MDS),2016,petrol,5.7,13.4
Dodge,Charger AWD (MDS),2018,petrol,5.7,13.3
Dodge,Charger AWD (MDS),2019,petrol,5.7,13.3
Dodge,Charger AWD FFV,2012,petrol,3.6,9.5
Dodge,Charger AWD FFV,2013,petrol,3.6,9.5
Dodge,Charger AWD FFV,2014,petrol,3.6,9.5
Dodge,Charger AWD FFV,2015,petrol,3.6,10.9
Dodge,Charger AWD FFV,2016,petrol,3.6,10.9
Dodge,Charger AWD FFV,2017,petrol,3.6,11.0
Dodge,Charger AWD FFV,2018,petrol,3.6,11.0
Dodge,Charger AWD FFV,2019,petrol,3.6,11.0
Dodge,Charger Daytona R/T AWD 245/55ZR18,2026,electric,,24.9
Dodge,Charger Daytona R/T AWD 255/45R20,2026,electric,,22.1
Dodge,Charger Daytona R/T AWD 275/40R20,2026,electric,,25.2
Dodge,"Charger Daytona R/T AWD 2Dr (18"" Nexen Tire)",2024,electric,,24.1
Dodge,"Charger Daytona R/T AWD 2Dr (18"" Nexen Tire)",2025,electric,,24.1
Dodge,"Charger Daytona R/T AWD 2Dr (20"" Goodyear Tire)",2024,electric,,24.6
Dodge,"Charger Daytona R/T AWD 2Dr (20"" Goodyear Tire)",2025,electric,,24.6
Dodge,"Charger Daytona R/T AWD 2Dr (20"" Nexen Tire)",2024,electric,,21.5
Dodge,"Charger Daytona R/T AWD 2Dr (20"" Nexen Tire)",2025,electric,,21.5
Dodge,Charger Daytona R/T AWD 305/35ZR20,2026,electric,,24.3
Dodge,Charger Daytona Scat Pack AWD 305/35ZR20,2026,electric,,24.3
Dodge,Charger Daytona Scat Pack AWD 325/35ZR20 Rear,2026,electric,,27.0
Dodge,Charger Daytona Scat Pack AWD 325/35ZR20 Rear 3S,2026,electric,,29.0
Dodge,Charger Daytona Scat Pack Trk Pack AWD 2Dr 3S Tire,2024,electric,,29.9
Dodge,Charger Daytona Scat Pack Trk Pack AWD 2Dr 3S Tire,2025,electric,,29.9
Dodge,Charger Daytona Scat Pack Trk Pack AWD 2Dr AS Tire,2024,electric,,27.0
Dodge,Charger Daytona Scat Pack Trk Pack AWD 2Dr AS Tire,2025,electric,,27.0
Dodge,Charger FFV,2011,petrol,3.6,9.7
Dodge,Charger FFV,2012,petrol,3.6,9.3
Dodge,Charger FFV,2013,petrol,3.6,9.3
Dodge,Charger FFV,2014,petrol,3.6,9.3
Dodge,Charger FFV,2015,petrol,3.6,10.9
Dodge,Charger FFV,2016,petrol,3.6,10.9
Dodge,Charger FFV,2018,petrol,3.6,10.95
Dodge,Charger FFV,2019,petrol,3.6,10.95
Dodge,Charger R/T,2026,petrol,3.0,11.8
Dodge,Charger SRT (FuelSaver MDS),2013,petrol,6.4,12.2
Dodge,Charger SRT (MDS),2014,petrol,6.4,12.2
Dodge,Charger SRT (MDS),2016,petrol,6.4,12.9
Dodge,Charger SRT (MDS),2017,petrol,6.4,12.9
Dodge,Charger SRT (MDS),2018,petrol,6.4,12.9
Dodge,Charger SRT 392 Hemi,2015,petrol,6.4,12.9
Dodge,Charger SRT Hellcat,2015,petrol,6.2,14.7
Dodge,Charger SRT Hellcat,2016,petrol,6.2,14.5
Dodge,Charger SRT Hellcat,2017,petrol,6.2,14.5
Dodge,Charger SRT Hellcat,2018,petrol,6.2,14.5
Dodge,Charger SRT Hellcat,2019,petrol,6.2,14.5
Dodge,Charger SRT Hellcat Widebody,2020,petrol,6.2,15.6
Dodge,Charger SRT Hellcat Widebody,2021,petrol,6.2,15.6
Dodge,Charger SRT Hellcat Widebody,2022,petrol,6.2,15.6
Dodge,Charger SRT Hellcat Widebody,2023,petrol,6.2,15.6
Dodge,Charger SRT8,2006,petrol,6.1,14.0
Dodge,Charger SRT8,2007,petrol,6.1,14.0
Dodge,Charger SRT8,2008,petrol,6.1,14.0
Dodge,Charger SRT8,2009,petrol,6.1,13.6
Dodge,Charger SRT8,2010,petrol,6.1,13.6
Dodge,Charger SRT8 (FuelSaver MDS),2012,petrol,6.4,12.2
Dodge,Charger Scat Pack,2026,petrol,3.0,12.5
Dodge,Charger Widebody (MDS),2020,petrol,6.4,13.0
Dodge,Charger Widebody (MDS),2021,petrol,6.4,13.1
Dodge,Charger Widebody (MDS),2022,petrol,6.4,13.0
Dodge,Charger Widebody (MDS),2023,petrol,6.4,13.1
Dodge,Dakota,2005,petrol,3.7,12.2
Dodge,Dakota,2005,petrol,4.7,13.8
Dodge,Dakota,2006,petrol,3.7,12.2
Dodge,Dakota,2006,petrol,4.7,13.55
Dodge,Dakota,2007,petrol,3.7,12.2
Dodge,Dakota,2007,petrol,4.7,13.5
Dodge,Dakota,2008,petrol,3.7,12.1
Dodge,Dakota,2009,petrol,3.7,12.1
Dodge,Dakota,2010,petrol,3.7,12.4
Dodge,Dakota,2011,petrol,3.7,12.4
Dodge,Dakota #,2005,petrol,4.7,14.0
Dodge,Dakota #,2006,petrol,4.7,13.5
Dodge,Dakota 4X4,2005,petrol,3.7,13.15
Dodge,Dakota 4X4,2005,petrol,4.7,13.85
Dodge,Dakota 4X4,2006,petrol,3.7,13.15
Dodge,Dakota 4X4,2006,petrol,4.7,13.55
Dodge,Dakota 4X4,2007,petrol,3.7,13.15
Dodge,Dakota 4X4,2007,petrol,4.7,13.4
Dodge,Dakota 4X4,2008,petrol,3.7,13.25
Dodge,Dakota 4X4,2009,petrol,3.7,13.25
Dodge,Dakota 4X4,2010,petrol,3.7,13.7
Dodge,Dakota 4X4,2011,petrol,3.7,13.7
Dodge,Dakota 4X4 #,2005,petrol,4.7,14.0
Dodge,Dakota 4X4 #,2006,petrol,4.7,13.4
Dodge,Dakota 4X4 FFV,2008,petrol,4.7,13.5
Dodge,Dakota 4X4 FFV,2009,petrol,4.7,13.5
Dodge,Dakota FFV,2007,petrol,4.7,13.5
Dodge,Dakota FFV,2008,petrol,4.7,13.3
Dodge,Dakota FFV,2009,petrol,4.7,13.5
Dodge,Dakota FFV,2010,petrol,4.7,13.1
Dodge,Dakota FFV,2011,petrol,4.7,13.2
Dodge,Dakota FFV 4X4,2007,petrol,4.7,13.4
Dodge,Dakota FFV 4X4,2010,petrol,4.7,13.4
Dodge,Dakota FFV 4X4,2011,petrol,4.7,13.4
Dodge,Dart,2013,petrol,2.0,7.1
Dodge,Dart,2013,petrol,2.4,7.65
Dodge,Dart,2014,petrol,2.0,6.9
Dodge,Dart,2014,petrol,2.4,7.45
Dodge,Dart,2015,petrol,2.0,8.1
Dodge,Dart,2015,petrol,2.4,8.7
Dodge,Dart,2016,petrol,2.0,8.1
Dodge,Dart,2016,petrol,2.4,8.7
Dodge,Dart FFV,2013,petrol,2.0,7.3
Dodge,Dart FFV,2014,petrol,2.0,7.3
Dodge,Dart FFV,2015,petrol,2.0,8.6
Dodge,Dart FFV,2016,petrol,2.0,8.6
Dodge,Dart GT,2014,petrol,2.4,7.7
Dodge,Dart GT,2015,petrol,2.4,9.0
Dodge,Dart GT,2016,petrol,2.4,9.0
Dodge,Dart Turbo,2013,petrol,1.4,6.4
Dodge,Dart Turbo Aero,2013,petrol,1.4,6.15
Dodge,Dart Turbo Aero,2014,petrol,1.4,6.15
Dodge,Dart Turbo Aero,2015,petrol,1.4,7.3
Dodge,Dart Turbo Aero,2016,petrol,1.4,7.3
Dodge,Durango 4X4,2005,petrol,4.7,14.9
Dodge,Durango 4X4,2005,petrol,5.7,15.4
Dodge,Durango 4X4,2006,petrol,4.7,14.9
Dodge,Durango 4X4 (MDS),2006,petrol,5.7,14.2
Dodge,Durango 4X4 (MDS),2007,petrol,5.7,14.2
Dodge,Durango 4X4 (MDS),2008,petrol,5.7,14.0
Dodge,Durango 4X4 (MDS),2009,petrol,5.7,13.4
Dodge,Durango 4X4 FFV,2006,petrol,4.7,16.7
Dodge,Durango 4X4 FFV,2007,petrol,4.7,14.9
Dodge,Durango 4X4 FFV,2008,petrol,4.7,13.4
Dodge,Durango 4X4 FFV,2009,petrol,4.7,13.5
Dodge,Durango AWD,2016,petrol,3.6,11.3
Dodge,Durango AWD,2017,petrol,3.6,11.3
Dodge,Durango AWD,2017,petrol,5.7,14.0
Dodge,Durango AWD,2018,petrol,3.6,11.3
Dodge,Durango AWD,2018,petrol,5.7,14.1
Dodge,Durango AWD,2019,petrol,3.6,11.3
Dodge,Durango AWD,2019,petrol,5.7,14.1
Dodge,Durango AWD,2020,petrol,3.6,11.3
Dodge,Durango AWD,2020,petrol,5.7,14.1
Dodge,Durango AWD,2021,petrol,3.6,11.3
Dodge,Durango AWD,2021,petrol,5.7,14.1
Dodge,Durango AWD,2022,petrol,3.6,11.3
Dodge,Durango AWD,2022,petrol,5.7,14.1
Dodge,Durango AWD,2023,petrol,3.6,11.3
Dodge,Durango AWD,2023,petrol,5.7,14.1
Dodge,Durango AWD,2024,petrol,3.6,11.3
Dodge,Durango AWD,2024,petrol,5.7,14.1
Dodge,Durango AWD,2025,petrol,3.6,11.9
Dodge,Durango AWD,2025,petrol,5.7,14.1
Dodge,Durango AWD,2026,petrol,3.6,11.9
Dodge,Durango AWD,2026,petrol,5.7,14.3
Dodge,Durango AWD (FuelSaver MDS),2011,petrol,5.7,13.7
Dodge,Durango AWD (FuelSaver MDS),2012,petrol,5.7,13.7
Dodge,Durango AWD (FuelSaver MDS),2013,petrol,5.7,13.7
Dodge,Durango AWD (MDS),2014,petrol,5.7,12.7
Dodge,Durango AWD (MDS),2015,petrol,5.7,14.7
Dodge,Durango AWD (MDS),2016,petrol,5.7,14.0
Dodge,Durango AWD FFV,2011,petrol,3.6,11.1
Dodge,Durango AWD FFV,2012,petrol,3.6,11.1
Dodge,Durango AWD FFV,2013,petrol,3.6,11.1
Dodge,Durango AWD FFV,2014,petrol,3.6,10.6
Dodge,Durango AWD FFV,2015,petrol,3.6,12.1
Dodge,Durango AWD SRT,2018,petrol,6.4,15.6
Dodge,Durango AWD SRT,2019,petrol,6.4,15.6
Dodge,Durango AWD SRT,2020,petrol,6.4,15.6
Dodge,Durango AWD SRT,2021,petrol,6.4,15.6
Dodge,Durango AWD SRT,2022,petrol,6.4,15.6
Dodge,Durango AWD SRT,2023,petrol,6.4,15.6
Dodge,Durango AWD SRT,2024,petrol,6.4,15.6
Dodge,Durango AWD SRT Hellcat,2021,petrol,6.2,17.4
Dodge,Durango AWD SRT Hellcat,2023,petrol,6.2,17.4
Dodge,Durango AWD SRT Hellcat,2024,petrol,6.2,17.4
Dodge,Durango AWD SRT Hellcat,2025,petrol,6.2,17.4
Dodge,Durango AWD SRT Hellcat,2026,petrol,6.2,17.4
Dodge,Grand Caravan,2005,petrol,3.3,10.9
Dodge,Grand Caravan,2005,petrol,3.8,11.3
Dodge,Grand Caravan,2006,petrol,3.3,10.9
Dodge,Grand Caravan,2006,petrol,3.8,11.3
Dodge,Grand Caravan,2007,petrol,3.3,10.9
Dodge,Grand Caravan,2007,petrol,3.8,11.3
Dodge,Grand Caravan,2008,petrol,3.8,11.2
Dodge,Grand Caravan,2009,petrol,4.0,10.3
Dodge,Grand Caravan,2010,petrol,4.0,10.3
Dodge,Grand Caravan,2020,petrol,3.6,11.8
Dodge,Grand Caravan C/V,2005,petrol,3.3,10.4
Dodge,Grand Caravan C/V,2006,petrol,3.3,10.4
Dodge,Grand Caravan C/V,2007,petrol,3.3,10.4
Dodge,Grand Caravan C/V FFV,2005,petrol,3.3,10.3
Dodge,Grand Caravan C/V FFV,2009,petrol,3.3,10.5
Dodge,Grand Caravan FFV,2005,petrol,3.3,11.1
Dodge,Grand Caravan FFV,2006,petrol,3.3,11.1
Dodge,Grand Caravan FFV,2007,petrol,3.3,10.9
Dodge,Grand Caravan FFV,2008,petrol,3.3,10.7
Dodge,Grand Caravan FFV,2009,petrol,3.3,10.7
Dodge,Grand Caravan FFV,2010,petrol,3.3,10.7
Dodge,Grand Caravan FFV,2011,petrol,3.6,10.3
Dodge,Grand Caravan FFV,2012,petrol,3.6,10.3
Dodge,Grand Caravan FFV,2013,petrol,3.6,10.3
Dodge,Grand Caravan FFV,2014,petrol,3.6,10.3
Dodge,Grand Caravan FFV,2015,petrol,3.6,11.8
Dodge,Grand Caravan FFV,2016,petrol,3.6,11.8
Dodge,Grand Caravan FFV,2017,petrol,3.6,11.8
Dodge,Grand Caravan FFV,2018,petrol,3.6,11.8
Dodge,Grand Caravan FFV,2019,petrol,3.6,11.8
Dodge,Grand Caravan FFV C/V,2006,petrol,3.3,10.3
Dodge,Grand Caravan FFV C/V,2007,petrol,3.3,10.3
Dodge,Grand Caravan FFV C/V,2008,petrol,3.3,10.3
Dodge,Grand Caravan FFV C/V,2010,petrol,3.3,10.5
Dodge,Grand Caravan FFV C/V,2011,petrol,3.6,10.3
Dodge,Hornet AWD,2023,petrol,2.0,9.9
Dodge,Hornet AWD,2024,petrol,2.0,9.9
Dodge,Hornet AWD,2025,petrol,2.0,9.9
Dodge,Hornet R/T PHEV,2024,hybrid,1.3,8.1
Dodge,Hornet R/T PHEV,2025,hybrid,1.3,8.1
Dodge,Journey,2009,petrol,2.4,9.6
Dodge,Journey,2009,petrol,3.5,11.3
Dodge,Journey,2010,petrol,2.4,9.6
Dodge,Journey,2010,petrol,3.5,11.1
Dodge,Journey,2011,petrol,2.4,9.3
Dodge,Journey,2012,petrol,2.4,9.3
Dodge,Journey,2013,petrol,2.4,9.6
Dodge,Journey,2014,petrol,2.4,9.6
Dodge,Journey,2015,petrol,2.4,11.1
Dodge,Journey,2016,petrol,2.4,11.1
Dodge,Journey,2017,petrol,2.4,11.1
Dodge,Journey,2018,petrol,2.4,11.1
Dodge,Journey,2019,petrol,2.4,11.1
Dodge,Journey,2020,petrol,2.4,11.1
Dodge,Journey AWD,2009,petrol,3.5,11.8
Dodge,Journey AWD,2010,petrol,3.5,11.4
Dodge,Journey AWD,2011,petrol,3.6,10.9
Dodge,Journey AWD,2012,petrol,3.6,10.9
Dodge,Journey AWD,2013,petrol,3.6,10.8
Dodge,Journey AWD,2014,petrol,3.6,10.9
Dodge,Journey AWD,2015,petrol,3.6,12.4
Dodge,Journey AWD,2016,petrol,3.6,12.4
Dodge,Journey AWD,2017,petrol,3.6,12.4
Dodge,Journey AWD,2018,petrol,3.6,12.4
Dodge,Journey AWD,2019,petrol,3.6,12.4
Dodge,Journey FFV,2011,petrol,3.6,10.4
Dodge,Journey FFV,2012,petrol,3.6,10.4
Dodge,Journey FFV,2013,petrol,3.6,10.5
Dodge,Journey FFV,2014,petrol,3.6,10.5
Dodge,Journey FFV,2015,petrol,3.6,12.1
Dodge,Journey FFV,2016,petrol,3.6,12.1
Dodge,Journey FFV,2017,petrol,3.6,12.1
Dodge,Journey FFV,2018,petrol,3.6,12.1
Dodge,Journey FFV,2019,petrol,3.6,12.1
Dodge,Magnum,2005,petrol,2.7,9.7
Dodge,Magnum,2005,petrol,3.5,10.3
Dodge,Magnum,2006,petrol,2.7,9.7
Dodge,Magnum,2006,petrol,3.5,10.4
Dodge,Magnum,2007,petrol,2.7,9.7
Dodge,Magnum,2007,petrol,3.5,10.5
Dodge,Magnum,2008,petrol,2.7,9.7
Dodge,Magnum,2008,petrol,3.5,10.4
Dodge,Magnum (MDS),2006,petrol,5.7,11.6
Dodge,Magnum (MDS),2007,petrol,5.7,11.6
Dodge,Magnum (MDS),2008,petrol,5.7,11.4
Dodge,Magnum AWD,2005,petrol,3.5,11.7
Dodge,Magnum AWD,2006,petrol,3.5,11.7
Dodge,Magnum AWD,2007,petrol,3.5,11.7
Dodge,Magnum AWD,2008,petrol,3.5,11.7
Dodge,Magnum AWD (MDS),2006,petrol,5.7,11.6
Dodge,Magnum AWD (MDS),2007,petrol,5.7,11.6
Dodge,Magnum AWD (MDS),2008,petrol,5.7,11.6
Dodge,Magnum RT (MDS),2005,petrol,5.7,11.6
Dodge,Magnum RT AWD (MDS),2005,petrol,5.7,11.6
Dodge,Magnum SRT8,2006,petrol,6.1,14.0
Dodge,Magnum SRT8,2007,petrol,6.1,14.0
Dodge,Magnum SRT8,2008,petrol,6.1,14.0
Dodge,Nitro,2007,petrol,3.7,11.15
Dodge,Nitro,2007,petrol,4.0,11.5
Dodge,Nitro,2008,petrol,3.7,11.15
Dodge,Nitro,2008,petrol,4.0,11.5
Dodge,Nitro,2009,petrol,3.7,11.3
Dodge,Nitro 4X4,2007,petrol,3.7,11.45
Dodge,Nitro 4X4,2007,petrol,4.0,12.0
Dodge,Nitro 4X4,2008,petrol,3.7,11.8
Dodge,Nitro 4X4,2008,petrol,4.0,12.0
Dodge,Nitro 4X4,2009,petrol,3.7,12.1
Dodge,Nitro 4X4,2009,petrol,4.0,11.8
Dodge,Nitro 4X4,2010,petrol,3.7,12.1
Dodge,Nitro 4X4,2010,petrol,4.0,11.8
Dodge,Nitro 4X4,2011,petrol,3.7,12.1
Dodge,Nitro 4X4,2011,petrol,4.0,11.8
Dodge,Ram 1500,2005,petrol,3.7,12.6
Dodge,Ram 1500,2005,petrol,4.7,14.55
Dodge,Ram 1500,2005,petrol,5.7,15.2
Dodge,Ram 1500,2006,petrol,3.7,12.65
Dodge,Ram 1500,2006,petrol,4.7,14.6
Dodge,Ram 1500,2007,petrol,3.7,12.4
Dodge,Ram 1500,2007,petrol,4.7,14.5
Dodge,Ram 1500,2008,petrol,3.7,12.4
Dodge,Ram 1500,2008,petrol,4.7,14.5
Dodge,Ram 1500,2009,petrol,3.7,12.6
Dodge,Ram 1500,2010,petrol,3.7,12.6
Dodge,Ram 1500,2011,petrol,3.7,12.6
Dodge,Ram 1500 (FuelSaver MDS),2011,petrol,5.7,13.1
Dodge,Ram 1500 (MDS),2006,petrol,5.7,13.7
Dodge,Ram 1500 (MDS),2007,petrol,5.7,13.7
Dodge,Ram 1500 (MDS),2008,petrol,5.7,13.8
Dodge,Ram 1500 (MDS),2009,petrol,5.7,13.1
Dodge,Ram 1500 (MDS),2010,petrol,5.7,13.1
Dodge,Ram 1500 4X4,2005,petrol,4.7,15.0
Dodge,Ram 1500 4X4,2005,petrol,5.7,15.4
Dodge,Ram 1500 4X4,2006,petrol,4.7,15.35
Dodge,Ram 1500 4X4,2007,petrol,4.7,14.9
Dodge,Ram 1500 4X4,2008,petrol,4.7,15.0
Dodge,Ram 1500 4X4 (FuelSaver MDS),2011,petrol,5.7,13.6
Dodge,Ram 1500 4X4 (MDS),2006,petrol,5.7,14.2
Dodge,Ram 1500 4X4 (MDS),2007,petrol,5.7,14.2
Dodge,Ram 1500 4X4 (MDS),2008,petrol,5.7,14.6
Dodge,Ram 1500 4X4 (MDS),2009,petrol,5.7,13.8
Dodge,Ram 1500 4X4 (MDS),2010,petrol,5.7,13.8
Dodge,Ram 1500 4X4 FFV,2005,petrol,4.7,16.7
Dodge,Ram 1500 4X4 FFV,2008,petrol,4.7,14.3
Dodge,Ram 1500 4X4 FFV,2009,petrol,4.7,14.3
Dodge,Ram 1500 FFV,2005,petrol,4.7,16.9
Dodge,Ram 1500 FFV,2006,petrol,4.7,16.7
Dodge,Ram 1500 FFV,2007,petrol,4.7,14.8
Dodge,Ram 1500 FFV,2008,petrol,4.7,13.8
Dodge,Ram 1500 FFV,2009,petrol,4.7,13.5
Dodge,Ram 1500 FFV,2010,petrol,4.7,13.5
Dodge,Ram 1500 FFV,2011,petrol,4.7,13.5
Dodge,Ram 1500 FFV 4X4,2006,petrol,4.7,16.7
Dodge,Ram 1500 FFV 4X4,2007,petrol,4.7,14.9
Dodge,Ram 1500 FFV 4X4,2010,petrol,4.7,14.3
Dodge,Ram 1500 FFV 4X4,2011,petrol,4.7,14.0
Dodge,Ram SRT-10,2005,petrol,8.3,21.35
Dodge,Ram SRT-10,2006,petrol,8.3,21.35
Dodge,SRT-4 #,2005,petrol,2.4,9.2
Dodge,SX 2.0,2005,petrol,2.0,7.55
Dodge,Viper,2017,petrol,8.4,16.6
Dodge,Viper SRT,2016,petrol,8.4,15.6
Dodge,Viper SRT Coupe,2015,petrol,8.4,15.8
Dodge,Viper SRT-10,2005,petrol,8.3,15.5
Dodge,Viper SRT-10 Convertible,2006,petrol,8.3,15.5
Dodge,Viper SRT-10 Coupe,2006,petrol,8.3,15.5
Dodge,Viper SRT10 Convertible,2008,petrol,8.4,13.4
Dodge,Viper SRT10 Convertible,2009,petrol,8.4,13.4
Dodge,Viper SRT10 Convertible,2010,petrol,8.4,13.4
Dodge,Viper SRT10 Coupe,2008,petrol,8.4,13.4
Dodge,Viper SRT10 Coupe,2009,petrol,8.4,13.4
Dodge,Viper SRT10 Coupe,2010,petrol,8.4,13.4
FIAT,124 Spider,2017,petrol,1.4,7.95
FIAT,124 Spider,2018,petrol,1.4,7.95
FIAT,124 Spider,2019,petrol,1.4,7.95
FIAT,124 Spider,2020,petrol,1.4,7.95
FIAT,500,2012,petrol,1.4,6.35
FIAT,500,2018,petrol,1.4,8.25
FIAT,500,2019,petrol,1.4,8.3
FIAT,500 Abarth,2012,petrol,1.4,6.5
FIAT,500 Abarth,2013,petrol,1.4,6.5
FIAT,500 Abarth,2018,petrol,1.4,8.25
FIAT,500 Abarth Cabrio,2013,petrol,1.4,6.5
FIAT,500 Abarth Cabrio,2014,petrol,1.4,6.6
FIAT,500 Abarth Cabrio,2015,petrol,1.4,8.2
FIAT,500 Abarth Cabrio,2016,petrol,1.4,8.2
FIAT,500 Abarth Cabrio,2017,petrol,1.4,8.3
FIAT,500 Abarth Hatchback,2014,petrol,1.4,6.6
FIAT,500 Abarth Hatchback,2015,petrol,1.4,8.2
FIAT,500 Abarth Hatchback,2016,petrol,1.4,8.2
FIAT,500 Abarth Hatchback,2017,petrol,1.4,8.3
FIAT,500 Cabrio,2013,petrol,1.4,6.35
FIAT,500 Cabrio,2014,petrol,1.4,6.35
FIAT,500 Cabrio,2015,petrol,1.4,7.55
FIAT,500 Cabrio,2016,petrol,1.4,7.55
FIAT,500 Cabrio,2017,petrol,1.4,7.65
FIAT,500 Cabrio Turbo,2014,petrol,1.4,6.6
FIAT,500 Hatchback,2013,petrol,1.4,6.2
FIAT,500 Hatchback,2014,petrol,1.4,6.2
FIAT,500 Hatchback,2015,petrol,1.4,7.35
FIAT,500 Hatchback,2016,petrol,1.4,7.35
FIAT,500 Hatchback,2017,petrol,1.4,7.5
FIAT,500 Hatchback Turbo,2013,petrol,1.4,6.5
FIAT,500 Hatchback Turbo,2014,petrol,1.4,6.6
FIAT,500 Hatchback Turbo,2015,petrol,1.4,8.2
FIAT,500 Hatchback Turbo,2016,petrol,1.4,8.2
FIAT,500L,2015,petrol,1.4,8.8
FIAT,500L,2016,petrol,1.4,8.8
FIAT,500L,2017,petrol,1.4,9.4
FIAT,500L,2018,petrol,1.4,9.4
FIAT,500L,2019,petrol,1.4,9.4
FIAT,500L,2020,petrol,1.4,9.4
FIAT,500L Turbo,2014,petrol,1.4,7.3
FIAT,500X,2016,petrol,1.4,8.3
FIAT,500X,2016,petrol,2.4,9.3
FIAT,500X,2017,petrol,1.4,8.4
FIAT,500X,2017,petrol,2.4,9.3
FIAT,500X,2018,petrol,1.4,8.4
FIAT,500X,2018,petrol,2.4,9.4
FIAT,500X AWD,2016,petrol,2.4,9.6
FIAT,500X AWD,2017,petrol,2.4,9.7
FIAT,500X AWD,2018,petrol,2.4,9.7
FIAT,500X AWD,2019,petrol,1.3,9.1
FIAT,500X AWD,2020,petrol,1.3,9.1
FIAT,500X AWD,2021,petrol,1.3,9.1
FIAT,500X AWD,2022,petrol,1.3,9.1
FIAT,500X AWD,2023,petrol,1.3,9.1
FIAT,500e,2024,electric,,19.0
FIAT,500e,2025,electric,,19.0
FIAT,500e,2026,electric,,19.0
Ferrari,12Cilindri,2025,petrol,6.5,16.5
Ferrari,12Cilindri,2026,petrol,6.5,16.5
Ferrari,12Cilindri Spider,2025,petrol,6.5,16.8
Ferrari,12Cilindri Spider,2026,petrol,6.5,16.8
Ferrari,296 GTB,2024,hybrid,2.9,13.2
Ferrari,296 GTB,2025,hybrid,2.9,13.2
Ferrari,296 GTB,2026,hybrid,2.9,13.2
Ferrari,296 GTS,2024,hybrid,2.9,13.2
Ferrari,296 GTS,2025,hybrid,2.9,13.4
Ferrari,296 GTS,2026,hybrid,2.9,13.4
Ferrari,296 Speciale,2026,hybrid,2.9,13.0
Ferrari,296 Speciale A,2026,hybrid,2.9,13.0
Ferrari,360 Modena,2005,petrol,3.6,18.3
Ferrari,360 Spider,2005,petrol,3.6,18.3
Ferrari,430 Scuderi,2009,petrol,4.3,16.0
Ferrari,430 Scuderia,2008,petrol,4.3,16.0
Ferrari,430 Scuderia,2009,petrol,4.3,16.0
Ferrari,575M Maranello,2005,petrol,5.7,19.15
Ferrari,599 GTB Fiorano,2007,petrol,6.0,18.2
Ferrari,599 GTB Fiorano,2008,petrol,6.0,16.9
Ferrari,599 GTB Fiorano,2009,petrol,6.0,16.9
Ferrari,599 GTB Fiorano,2010,petrol,6.0,16.9
Ferrari,612 Scaglietti,2005,petrol,5.7,18.2
Ferrari,612 Scaglietti,2006,petrol,5.7,18.2
Ferrari,612 Scaglietti,2007,petrol,5.7,18.2
Ferrari,612 Scaglietti,2008,petrol,5.7,18.2
Ferrari,612 Scaglietti,2009,petrol,5.7,18.2
Ferrari,612 Scaglietti,2010,petrol,5.7,18.2
Ferrari,812 Competizione,2024,petrol,6.5,17.4
Ferrari,812 Competizione A,2024,petrol,6.5,17.3
Ferrari,849 Testarossa,2026,hybrid,3.9,12.9
Ferrari,California,2010,petrol,4.3,14.7
Ferrari,Daytona SP3,2024,petrol,6.5,17.6
Ferrari,Daytona SP3,2025,petrol,6.5,17.6
Ferrari,F430 Coupe,2006,petrol,4.3,15.95
Ferrari,F430 Coupe,2007,petrol,4.3,15.95
Ferrari,F430 Coupe,2008,petrol,4.3,16.0
Ferrari,F430 Coupe,2009,petrol,4.3,16.0
Ferrari,F430 Spider,2006,petrol,4.3,15.95
Ferrari,F430 Spider,2007,petrol,4.3,15.95
Ferrari,F430 Spider,2008,petrol,4.3,16.0
Ferrari,F430 Spider,2009,petrol,4.3,16.0
Ferrari,F80,2026,petrol,2.9,14.1
Ferrari,Purosangue,2024,petrol,6.5,19.0
Ferrari,Purosangue,2025,petrol,6.5,19.0
Ferrari,Purosangue,2026,petrol,6.5,19.0
Ferrari,Roma,2024,petrol,3.9,12.6
Ferrari,Roma Spider,2024,petrol,3.9,12.4
Ferrari,Roma Spider,2025,petrol,3.9,12.4
Ferrari,Roma Spider,2026,petrol,3.9,12.4
Ferrari,SF90 Spider,2024,hybrid,3.9,13.7
Ferrari,SF90 Spider,2025,hybrid,3.9,13.7
Ferrari,SF90 Stradale,2024,hybrid,3.9,13.4
Ferrari,SF90 XX Spider,2024,hybrid,3.9,13.9
Ferrari,SF90 XX Spider,2025,hybrid,3.9,13.9
Ferrari,SF90 XX Stradale,2024,hybrid,3.9,13.9
Ferrari,SF90 XX Stradale,2025,hybrid,3.9,13.9
Ford,Bronco 4WD,2021,petrol,2.3,11.25
Ford,Bronco 4WD,2021,petrol,2.7,12.2
Ford,Bronco 4WD,2022,petrol,2.3,11.75
Ford,Bronco 4WD,2022,petrol,2.7,12.4
Ford,Bronco 4WD,2023,petrol,2.3,11.6
Ford,Bronco 4WD,2023,petrol,2.7,12.0
Ford,Bronco 4WD,2024,petrol,2.3,11.6
Ford,Bronco 4WD,2024,petrol,2.7,11.9
Ford,Bronco 4WD,2025,petrol,2.3,12.05
Ford,Bronco 4WD,2025,petrol,2.7,13.4
Ford,Bronco 4WD,2026,petrol,2.3,12.05
Ford,Bronco 4WD,2026,petrol,2.7,13.8
Ford,Bronco 4WD (With Sport Mode),2025,petrol,2.7,13.3
Ford,Bronco Badlands 4WD,2021,petrol,2.3,13.85
Ford,Bronco Badlands 4WD,2021,petrol,2.7,13.4
Ford,Bronco Badlands 4WD,2022,petrol,2.3,14.0
Ford,Bronco Badlands 4WD,2022,petrol,2.7,14.1
Ford,Bronco Badlands 4WD,2023,petrol,2.3,14.05
Ford,Bronco Badlands 4WD,2023,petrol,2.7,14.1
Ford,Bronco Badlands 4WD,2024,petrol,2.3,14.0
Ford,Bronco Badlands 4WD,2024,petrol,2.7,13.8
Ford,Bronco Badlands 4WD,2025,petrol,2.3,13.4
Ford,Bronco Badlands 4WD,2026,petrol,2.3,13.35
Ford,Bronco Black Diamond 4WD,2021,petrol,2.3,13.15
Ford,Bronco Black Diamond 4WD,2022,petrol,2.3,13.15
Ford,Bronco Black Diamond 4WD,2023,petrol,2.3,13.55
Ford,Bronco Black Diamond 4WD,2023,petrol,2.7,13.1
Ford,Bronco Black Diamond 4WD,2024,petrol,2.3,13.55
Ford,Bronco Black Diamond 4WD,2024,petrol,2.7,13.1
Ford,Bronco Outer Banks 4WD,2025,petrol,2.7,12.0
Ford,Bronco Outer Banks 4WD,2026,petrol,2.7,12.2
Ford,Bronco Raptor 4WD,2022,petrol,3.0,15.3
Ford,Bronco Raptor 4WD,2023,petrol,3.0,15.3
Ford,Bronco Raptor 4WD,2024,petrol,3.0,15.3
Ford,Bronco Raptor 4WD,2025,petrol,3.0,15.3
Ford,Bronco Raptor 4WD,2026,petrol,3.0,15.3
Ford,Bronco Sasquatch 4WD,2021,petrol,2.3,13.1
Ford,Bronco Sasquatch 4WD,2021,petrol,2.7,13.9
Ford,Bronco Sasquatch 4WD,2022,petrol,2.3,13.45
Ford,Bronco Sasquatch 4WD,2022,petrol,2.7,14.1
Ford,Bronco Sasquatch 4WD,2023,petrol,2.3,13.7
Ford,Bronco Sasquatch 4WD,2023,petrol,2.7,14.1
Ford,Bronco Sasquatch 4WD,2024,petrol,2.3,13.7
Ford,Bronco Sasquatch 4WD,2024,petrol,2.7,13.9
Ford,Bronco Sasquatch 4WD,2025,petrol,2.3,13.2
Ford,Bronco Sasquatch 4WD,2026,petrol,2.3,13.2
Ford,Bronco Sport 4WD,2021,petrol,1.5,8.9
Ford,Bronco Sport 4WD,2021,petrol,2.0,10.1
Ford,Bronco Sport 4WD,2022,petrol,1.5,8.9
Ford,Bronco Sport 4WD,2022,petrol,2.0,10.2
Ford,Bronco Sport 4WD,2023,petrol,1.5,8.9
Ford,Bronco Sport 4WD,2023,petrol,2.0,10.2
Ford,Bronco Sport 4WD,2024,petrol,1.5,9.0
Ford,Bronco Sport 4WD,2024,petrol,2.0,10.2
Ford,Bronco Sport 4WD,2025,petrol,1.5,8.7
Ford,Bronco Sport 4WD,2025,petrol,2.0,10.1
Ford,Bronco Sport 4WD,2026,petrol,1.5,8.6
Ford,Bronco Sport 4WD,2026,petrol,2.0,10.1
Ford,Bronco Sport Sasquatch,2025,petrol,1.5,9.7
Ford,Bronco Sport Sasquatch,2026,petrol,1.5,9.7
Ford,C-MAX Energi,2013,hybrid,2.0,6.1
Ford,C-MAX Energi,2014,hybrid,2.0,6.1
Ford,C-MAX Energi,2015,hybrid,2.0,6.1
Ford,C-MAX Energi,2016,hybrid,2.0,6.1
Ford,C-MAX Energi,2017,hybrid,2.0,6.0
Ford,C-MAX Hybrid,2013,hybrid,2.0,4.9
Ford,C-MAX Hybrid,2014,hybrid,2.0,4.9
Ford,C-MAX Hybrid,2015,hybrid,2.0,6.0
Ford,C-MAX Hybrid,2016,hybrid,2.0,6.0
Ford,C-MAX Hybrid,2017,hybrid,2.0,5.9
Ford,C-MAX Hybrid,2018,hybrid,2.0,5.9
Ford,Crown Victoria,2005,petrol,4.6,11.1
Ford,Crown Victoria,2006,petrol,4.6,11.5
Ford,Crown Victoria,2007,petrol,4.6,11.85
Ford,Crown Victoria,2010,petrol,4.6,11.3
Ford,Crown Victoria FFV,2008,petrol,4.6,11.7
Ford,Crown Victoria FFV,2009,petrol,4.6,11.2
Ford,E150 Club Wagon,2005,petrol,4.6,14.1
Ford,E150 Club Wagon,2005,petrol,5.4,15.8
Ford,E150 Club Wagon,2006,petrol,4.6,14.0
Ford,E150 Club Wagon,2006,petrol,5.4,15.8
Ford,E150 Van,2005,petrol,4.6,13.7
Ford,E150 Van,2005,petrol,5.4,14.8
Ford,E150 Van,2006,petrol,4.6,13.8
Ford,E150 Van,2006,petrol,5.4,14.8
Ford,E150 Van FFV,2011,petrol,4.6,14.2
Ford,E150 Van FFV,2011,petrol,5.4,15.3
Ford,E150 Van FFV,2012,petrol,4.6,14.3
Ford,E150 Van FFV,2012,petrol,5.4,15.2
Ford,E150 Van FFV,2013,petrol,4.6,14.3
Ford,E150 Van FFV,2013,petrol,5.4,15.2
Ford,E150 Van FFV,2014,petrol,4.6,14.3
Ford,E150 Van FFV,2014,petrol,5.4,15.2
Ford,E150 Wagon FFV,2011,petrol,4.6,15.0
Ford,E150 Wagon FFV,2011,petrol,5.4,15.9
Ford,E150 Wagon FFV,2012,petrol,4.6,14.8
Ford,E150 Wagon FFV,2012,petrol,5.4,15.7
Ford,E150 Wagon FFV,2013,petrol,4.6,14.8
Ford,E150 Wagon FFV,2013,petrol,5.4,15.7
Ford,E150 Wagon FFV,2014,petrol,4.6,14.8
Ford,E350 Wagon,2011,petrol,6.8,19.2
Ford,E350 Wagon,2012,petrol,6.8,19.1
Ford,E350 Wagon,2014,petrol,6.8,18.9
Ford,E350 Wagon FFV,2011,petrol,5.4,16.4
Ford,E350 Wagon FFV,2012,petrol,5.4,16.3
Ford,E350 Wagon FFV,2013,petrol,5.4,16.3
Ford,E350 Wagon FFV,2014,petrol,5.4,16.3
Ford,EcoSport,2018,petrol,1.0,8.4
Ford,EcoSport,2019,petrol,1.0,8.4
Ford,EcoSport,2020,petrol,1.0,8.4
Ford,EcoSport,2021,petrol,1.0,8.4
Ford,EcoSport AWD,2018,petrol,2.0,9.3
Ford,EcoSport AWD,2019,petrol,2.0,9.3
Ford,EcoSport AWD,2020,petrol,2.0,9.2
Ford,EcoSport AWD,2021,petrol,2.0,9.2
Ford,EcoSport AWD,2022,petrol,2.0,9.3
Ford,Edge,2007,petrol,3.5,11.0
Ford,Edge,2008,petrol,3.5,10.8
Ford,Edge,2009,petrol,3.5,10.8
Ford,Edge,2010,petrol,3.5,10.1
Ford,Edge,2011,petrol,3.5,9.5
Ford,Edge,2012,petrol,2.0,8.4
Ford,Edge,2012,petrol,3.5,9.3
Ford,Edge,2013,petrol,2.0,8.4
Ford,Edge,2013,petrol,3.5,9.3
Ford,Edge,2014,petrol,2.0,8.4
Ford,Edge,2014,petrol,3.5,9.4
Ford,Edge,2015,petrol,2.0,9.8
Ford,Edge,2015,petrol,3.5,11.3
Ford,Edge,2016,petrol,2.0,9.8
Ford,Edge,2016,petrol,3.5,11.4
Ford,Edge,2017,petrol,2.0,9.9
Ford,Edge,2017,petrol,3.5,11.5
Ford,Edge,2018,petrol,2.0,9.9
Ford,Edge,2018,petrol,3.5,11.5
Ford,Edge,2019,petrol,2.0,9.6
Ford,Edge,2020,petrol,2.0,9.8
Ford,Edge,2021,petrol,2.0,9.8
Ford,Edge (Start/Stop),2015,petrol,2.0,9.8
Ford,Edge (Start/Stop),2016,petrol,2.0,9.8
Ford,Edge (Start/Stop),2017,petrol,2.0,9.8
Ford,Edge (Start/Stop),2018,petrol,2.0,9.9
Ford,Edge 4X4,2007,petrol,3.5,11.4
Ford,Edge AWD,2008,petrol,3.5,11.6
Ford,Edge AWD,2009,petrol,3.5,11.6
Ford,Edge AWD,2010,petrol,3.5,10.8
Ford,Edge AWD,2011,petrol,3.5,10.1
Ford,Edge AWD,2011,petrol,3.7,10.6
Ford,Edge AWD,2012,petrol,3.5,10.0
Ford,Edge AWD,2012,petrol,3.7,10.6
Ford,Edge AWD,2013,petrol,3.5,10.0
Ford,Edge AWD,2013,petrol,3.7,10.6
Ford,Edge AWD,2014,petrol,3.5,10.0
Ford,Edge AWD,2014,petrol,3.7,10.6
Ford,Edge AWD,2015,petrol,2.0,10.3
Ford,Edge AWD,2015,petrol,3.5,11.8
Ford,Edge AWD,2016,petrol,2.0,10.3
Ford,Edge AWD,2016,petrol,2.7,11.9
Ford,Edge AWD,2016,petrol,3.5,11.8
Ford,Edge AWD,2017,petrol,2.0,10.4
Ford,Edge AWD,2017,petrol,2.7,12.0
Ford,Edge AWD,2017,petrol,3.5,12.1
Ford,Edge AWD,2018,petrol,2.0,10.5
Ford,Edge AWD,2018,petrol,2.7,12.0
Ford,Edge AWD,2018,petrol,3.5,12.4
Ford,Edge AWD,2019,petrol,2.0,10.0
Ford,Edge AWD,2019,petrol,2.7,11.0
Ford,Edge AWD,2020,petrol,2.0,10.0
Ford,Edge AWD,2020,petrol,2.7,11.0
Ford,Edge AWD,2021,petrol,2.0,10.05
Ford,Edge AWD,2021,petrol,2.7,11.1
Ford,Edge AWD,2022,petrol,2.0,10.15
Ford,Edge AWD,2022,petrol,2.7,11.2
Ford,Edge AWD,2023,petrol,2.0,10.15
Ford,Edge AWD,2023,petrol,2.7,11.2
Ford,Edge AWD,2024,petrol,2.0,10.05
Ford,Edge AWD,2024,petrol,2.7,11.1
Ford,Edge Sport AWD,2015,petrol,2.7,11.9
Ford,Escape,2005,petrol,2.3,9.25
Ford,Escape,2005,petrol,3.0,10.5
Ford,Escape,2006,petrol,2.3,9.15
Ford,Escape,2006,petrol,3.0,10.5
Ford,Escape,2007,petrol,2.3,9.15
Ford,Escape,2007,petrol,3.0,10.5
Ford,Escape,2008,petrol,2.3,9.1
Ford,Escape,2008,petrol,3.0,10.1
Ford,Escape,2009,petrol,2.5,8.55
Ford,Escape,2009,petrol,3.0,9.8
Ford,Escape,2010,petrol,2.5,8.5
Ford,Escape,2011,petrol,2.5,8.45
Ford,Escape,2012,petrol,2.5,8.45
Ford,Escape,2013,petrol,1.6,7.7
Ford,Escape,2013,petrol,2.0,8.2
Ford,Escape,2013,petrol,2.5,8.1
Ford,Escape,2014,petrol,1.6,7.8
Ford,Escape,2014,petrol,2.0,8.2
Ford,Escape,2014,petrol,2.5,8.1
Ford,Escape,2015,petrol,1.6,9.0
Ford,Escape,2015,petrol,2.0,9.6
Ford,Escape,2015,petrol,2.5,9.5
Ford,Escape,2016,petrol,1.6,8.9
Ford,Escape,2016,petrol,2.0,9.6
Ford,Escape,2016,petrol,2.5,9.4
Ford,Escape,2017,petrol,1.5,9.1
Ford,Escape,2017,petrol,2.0,9.5
Ford,Escape,2018,petrol,1.5,9.1
Ford,Escape,2019,petrol,1.5,9.1
Ford,Escape,2020,petrol,1.5,7.9
Ford,Escape,2021,petrol,1.5,7.8
Ford,Escape,2022,petrol,1.5,7.8
Ford,Escape,2023,petrol,1.5,8.0
Ford,Escape,2024,petrol,1.5,8.0
Ford,Escape,2025,petrol,1.5,8.0
Ford,Escape,2026,petrol,1.5,8.0
Ford,Escape 4X4,2005,petrol,2.3,11.4
Ford,Escape 4X4,2005,petrol,3.0,11.8
Ford,Escape 4X4,2006,petrol,2.3,10.3
Ford,Escape 4X4,2006,petrol,3.0,11.1
Ford,Escape 4X4,2007,petrol,2.3,10.2
Ford,Escape 4X4,2007,petrol,3.0,11.1
Ford,Escape 4X4,2010,petrol,2.5,9.1
Ford,Escape 4X4,2011,petrol,2.5,9.1
Ford,Escape 4X4,2012,petrol,2.5,8.9
Ford,Escape 4X4 FFV,2010,petrol,3.0,10.3
Ford,Escape 4X4 FFV,2011,petrol,3.0,10.3
Ford,Escape 4X4 FFV,2012,petrol,3.0,10.2
Ford,Escape AWD,2008,petrol,2.3,9.8
Ford,Escape AWD,2008,petrol,3.0,10.8
Ford,Escape AWD,2009,petrol,2.5,9.6
Ford,Escape AWD,2009,petrol,3.0,10.4
Ford,Escape AWD,2013,petrol,1.6,8.0
Ford,Escape AWD,2013,petrol,2.0,8.5
Ford,Escape AWD,2014,petrol,1.6,8.0
Ford,Escape AWD,2014,petrol,2.0,8.6
Ford,Escape AWD,2015,petrol,1.6,9.4
Ford,Escape AWD,2015,petrol,2.0,10.1
Ford,Escape AWD,2016,petrol,1.6,9.4
Ford,Escape AWD,2016,petrol,2.0,10.0
Ford,Escape AWD,2017,petrol,1.5,9.6
Ford,Escape AWD,2017,petrol,2.0,10.2
Ford,Escape AWD,2018,petrol,1.5,9.6
Ford,Escape AWD,2018,petrol,2.0,10.3
Ford,Escape AWD,2019,petrol,1.5,9.9
Ford,Escape AWD,2019,petrol,2.0,10.2
Ford,Escape AWD,2020,petrol,1.5,8.3
Ford,Escape AWD,2020,petrol,2.0,9.1
Ford,Escape AWD,2021,petrol,1.5,8.4
Ford,Escape AWD,2021,petrol,2.0,9.1
Ford,Escape AWD,2022,petrol,1.5,8.4
Ford,Escape AWD,2022,petrol,2.0,9.2
Ford,Escape AWD,2023,petrol,1.5,8.4
Ford,Escape AWD,2023,petrol,2.0,9.1
Ford,Escape AWD,2024,petrol,1.5,8.4
Ford,Escape AWD,2024,petrol,2.0,9.1
Ford,Escape AWD,2025,petrol,1.5,8.4
Ford,Escape AWD,2025,petrol,2.0,9.1
Ford,Escape AWD,2026,petrol,1.5,8.4
Ford,Escape AWD,2026,petrol,2.0,9.1
Ford,Escape FFV,2010,petrol,3.0,9.6
Ford,Escape FFV,2011,petrol,3.0,9.6
Ford,Escape FFV,2012,petrol,3.0,9.6
Ford,Escape FFV,2017,petrol,2.5,9.7
Ford,Escape FFV,2018,petrol,2.5,9.7
Ford,Escape FFV,2019,petrol,2.5,9.6
Ford,Escape Hybrid,2005,hybrid,2.3,6.8
Ford,Escape Hybrid,2006,hybrid,2.3,6.8
Ford,Escape Hybrid,2007,hybrid,2.3,6.6
Ford,Escape Hybrid,2008,hybrid,2.3,6.1
Ford,Escape Hybrid,2009,hybrid,2.5,6.1
Ford,Escape Hybrid,2010,hybrid,2.5,6.1
Ford,Escape Hybrid,2011,hybrid,2.5,6.1
Ford,Escape Hybrid,2012,hybrid,2.5,6.1
Ford,Escape Hybrid,2020,hybrid,2.5,5.8
Ford,Escape Hybrid,2021,hybrid,2.5,5.8
Ford,Escape Hybrid,2022,hybrid,2.5,5.8
Ford,Escape Hybrid,2023,hybrid,2.5,6.0
Ford,Escape Hybrid,2024,hybrid,2.5,6.0
Ford,Escape Hybrid,2025,hybrid,2.5,6.0
Ford,Escape Hybrid 4X4,2005,hybrid,2.3,7.3
Ford,Escape Hybrid 4X4,2006,hybrid,2.3,7.3
Ford,Escape Hybrid 4X4,2007,hybrid,2.3,7.4
Ford,Escape Hybrid 4X4,2010,hybrid,2.5,6.9
Ford,Escape Hybrid 4X4,2011,hybrid,2.5,6.9
Ford,Escape Hybrid AWD,2008,hybrid,2.3,7.0
Ford,Escape Hybrid AWD,2009,hybrid,2.5,7.2
Ford,Escape Hybrid AWD,2012,hybrid,2.5,6.9
Ford,Escape Hybrid AWD,2020,hybrid,2.5,5.9
Ford,Escape Hybrid AWD,2021,hybrid,2.5,5.9
Ford,Escape Hybrid AWD,2022,hybrid,2.5,5.9
Ford,Escape Hybrid AWD,2023,hybrid,2.5,6.0
Ford,Escape Hybrid AWD,2024,hybrid,2.5,6.0
Ford,Escape Hybrid AWD,2025,hybrid,2.5,6.0
Ford,Escape Hybrid AWD,2026,hybrid,2.5,6.0
Ford,Escape Plug-in Hybrid,2020,hybrid,2.5,5.8
Ford,Escape Plug-in Hybrid,2021,hybrid,2.5,5.8
Ford,Escape Plug-in Hybrid,2022,hybrid,2.5,5.8
Ford,Escape Plug-in Hybrid,2023,hybrid,2.5,5.9
Ford,Escape Plug-in Hybrid,2024,hybrid,2.5,5.9
Ford,Escape Plug-in Hybrid,2025,hybrid,2.5,5.9
Ford,Escape Plug-in Hybrid,2026,hybrid,2.5,5.9
Ford,Expedition 4WD,2025,petrol,3.5,13.3
Ford,Expedition 4WD,2026,petrol,3.5,13.3
Ford,Expedition 4X4,2005,petrol,5.4,14.6
Ford,Expedition 4X4,2006,petrol,5.4,15.0
Ford,Expedition 4X4,2015,petrol,3.5,14.2
Ford,Expedition 4X4,2016,petrol,3.5,14.3
Ford,Expedition 4X4,2017,petrol,3.5,14.2
Ford,Expedition 4X4,2018,petrol,3.5,12.4
Ford,Expedition 4X4,2019,petrol,3.5,12.5
Ford,Expedition 4X4,2020,petrol,3.5,12.5
Ford,Expedition 4X4,2021,petrol,3.5,12.6
Ford,Expedition 4X4,2022,petrol,3.5,12.9
Ford,Expedition 4X4,2023,petrol,3.5,12.9
Ford,Expedition 4X4,2024,petrol,3.5,12.9
Ford,Expedition 4X4 (Without Stop-Start),2022,petrol,3.5,13.5
Ford,Expedition 4X4 (Without Stop-Start),2023,petrol,3.5,13.5
Ford,Expedition 4X4 FFV,2010,petrol,5.4,14.7
Ford,Expedition 4X4 FFV,2011,petrol,5.4,14.3
Ford,Expedition 4X4 FFV,2012,petrol,5.4,14.1
Ford,Expedition 4X4 FFV,2013,petrol,5.4,14.1
Ford,Expedition 4X4 FFV,2014,petrol,5.4,14.1
Ford,Expedition EL 4X4,2016,petrol,3.5,14.4
Ford,Expedition EL 4X4,2017,petrol,3.5,14.3
Ford,Expedition MAX 4X4,2015,petrol,3.5,14.4
Ford,Expedition MAX 4X4,2018,petrol,3.5,13.2
Ford,Expedition MAX 4X4,2019,petrol,3.5,13.1
Ford,Expedition MAX 4X4,2020,petrol,3.5,13.1
Ford,Expedition MAX 4X4,2021,petrol,3.5,13.1
Ford,Expedition Timberline 4X4,2022,petrol,3.5,13.5
Ford,Expedition Timberline 4X4,2023,petrol,3.5,13.5
Ford,Expedition Timberline 4X4,2024,petrol,3.5,13.5
Ford,Expedition Timberline 4X4 (Without Stop-Start),2022,petrol,3.5,13.9
Ford,Expedition Timberline 4X4 (Without Stop-Start),2023,petrol,3.5,13.9
Ford,Explorer,2011,petrol,3.5,10.2
Ford,Explorer,2012,petrol,2.0,8.9
Ford,Explorer,2012,petrol,3.5,9.9
Ford,Explorer,2013,petrol,2.0,8.9
Ford,Explorer,2014,petrol,2.0,8.9
Ford,Explorer,2015,petrol,2.0,10.4
Ford,Explorer,2016,petrol,2.3,10.8
Ford,Explorer,2017,petrol,2.3,10.8
Ford,Explorer,2018,petrol,2.3,10.8
Ford,Explorer 4WD,2011,petrol,3.5,10.8
Ford,Explorer 4WD,2012,petrol,3.5,10.8
Ford,Explorer 4X4,2005,petrol,4.6,14.6
Ford,Explorer 4X4,2006,petrol,4.0,13.6
Ford,Explorer 4X4,2006,petrol,4.6,14.0
Ford,Explorer 4X4,2007,petrol,4.0,14.3
Ford,Explorer 4X4,2007,petrol,4.6,14.2
Ford,Explorer 4X4,2008,petrol,4.0,13.6
Ford,Explorer 4X4,2008,petrol,4.6,13.9
Ford,Explorer 4X4,2009,petrol,4.0,13.9
Ford,Explorer 4X4,2009,petrol,4.6,13.2
Ford,Explorer 4X4,2010,petrol,4.0,13.8
Ford,Explorer 4X4,2010,petrol,4.6,13.0
Ford,Explorer 4X4 FFV,2005,petrol,4.0,13.6
Ford,Explorer AWD,2014,petrol,3.5,11.3
Ford,Explorer AWD,2016,petrol,2.3,11.3
Ford,Explorer AWD,2016,petrol,3.5,13.0
Ford,Explorer AWD,2017,petrol,2.3,11.3
Ford,Explorer AWD,2017,petrol,3.5,13.0
Ford,Explorer AWD,2018,petrol,2.3,11.4
Ford,Explorer AWD,2018,petrol,3.5,13.0
Ford,Explorer AWD,2019,petrol,2.3,11.4
Ford,Explorer AWD,2019,petrol,3.5,13.2
Ford,Explorer AWD,2020,petrol,2.3,10.3
Ford,Explorer AWD,2020,petrol,3.0,11.8
Ford,Explorer AWD,2021,petrol,2.3,10.3
Ford,Explorer AWD,2021,petrol,3.0,11.8
Ford,Explorer AWD,2022,petrol,2.3,10.3
Ford,Explorer AWD,2022,petrol,3.0,11.8
Ford,Explorer AWD,2023,petrol,2.3,10.3
Ford,Explorer AWD,2023,petrol,3.0,11.8
Ford,Explorer AWD,2024,petrol,2.3,10.3
Ford,Explorer AWD,2024,petrol,3.0,11.75
Ford,Explorer AWD,2025,petrol,2.3,10.4
Ford,Explorer AWD,2025,petrol,3.0,11.45
Ford,Explorer AWD,2026,petrol,2.3,10.4
Ford,Explorer AWD,2026,petrol,3.0,11.6
Ford,Explorer AWD (EcoBoost),2015,petrol,3.5,13.0
Ford,Explorer AWD (Without Stop-Start),2022,petrol,2.3,10.7
Ford,Explorer AWD (Without Stop-Start),2023,petrol,2.3,10.7
Ford,Explorer AWD (Without Stop-Start),2023,petrol,3.0,11.95
Ford,Explorer FFV,2013,petrol,3.5,10.4
Ford,Explorer FFV,2014,petrol,3.5,10.4
Ford,Explorer FFV,2015,petrol,3.5,11.9
Ford,Explorer FFV,2016,petrol,3.5,12.0
Ford,Explorer FFV,2017,petrol,3.5,12.0
Ford,Explorer FFV,2018,petrol,3.5,12.1
Ford,Explorer FFV AWD,2013,petrol,3.5,10.9
Ford,Explorer FFV AWD,2014,petrol,3.5,10.9
Ford,Explorer FFV AWD,2015,petrol,3.5,12.5
Ford,Explorer FFV AWD,2016,petrol,3.5,12.6
Ford,Explorer FFV AWD,2017,petrol,3.5,12.6
Ford,Explorer FFV AWD,2018,petrol,3.5,12.7
Ford,Explorer FFV AWD,2019,petrol,3.5,12.7
Ford,Explorer Hybrid AWD,2020,hybrid,3.3,9.6
Ford,Explorer Hybrid AWD,2021,hybrid,3.3,9.6
Ford,Explorer Hybrid AWD,2022,hybrid,3.3,9.6
Ford,Explorer Hybrid AWD,2023,hybrid,3.3,9.6
Ford,Explorer Sport Trac,2007,petrol,4.0,13.4
Ford,Explorer Sport Trac,2007,petrol,4.6,13.9
Ford,Explorer Sport Trac,2008,petrol,4.0,13.4
Ford,Explorer Sport Trac,2008,petrol,4.6,13.7
Ford,Explorer Sport Trac,2009,petrol,4.0,13.6
Ford,Explorer Sport Trac,2009,petrol,4.6,12.4
Ford,Explorer Sport Trac 4X4,2007,petrol,4.0,14.3
Ford,Explorer Sport Trac 4X4,2007,petrol,4.6,14.2
Ford,Explorer Sport Trac 4X4,2008,petrol,4.0,13.6
Ford,Explorer Sport Trac 4X4,2008,petrol,4.6,13.9
Ford,Explorer Sport Trac 4X4,2009,petrol,4.0,13.9
Ford,Explorer Sport Trac 4X4,2009,petrol,4.6,13.2
Ford,Explorer Sport Trac 4X4,2010,petrol,4.0,13.8
Ford,Explorer Sport Trac 4X4,2010,petrol,4.6,13.0
Ford,Explorer Sport Trac 4X4 FFV,2005,petrol,4.0,13.6
Ford,Explorer Sport Trac FFV,2005,petrol,4.0,13.0
Ford,Explorer Timberline AWD,2021,petrol,2.3,11.4
Ford,Explorer Timberline AWD,2022,petrol,2.3,11.5
Ford,Explorer Timberline AWD,2023,petrol,2.3,11.5
Ford,Explorer Timberline AWD,2024,petrol,2.3,11.5
Ford,Explorer Timberline AWD (Without Stop-Start),2022,petrol,2.3,11.8
Ford,Explorer Timberline AWD (Without Stop-Start),2023,petrol,2.3,11.8
Ford,Explorer Tremor AWD,2026,petrol,2.3,11.2
Ford,Explorer Tremor AWD,2026,petrol,3.0,12.4
Ford,F-150,2005,petrol,4.2,13.8
Ford,F-150,2005,petrol,4.6,13.9
Ford,F-150,2005,petrol,5.4,13.8
Ford,F-150,2006,petrol,4.2,13.2
Ford,F-150,2006,petrol,4.6,13.9
Ford,F-150,2006,petrol,5.4,14.3
Ford,F-150,2007,petrol,4.2,13.05
Ford,F-150,2007,petrol,4.6,13.6
Ford,F-150,2007,petrol,5.4,14.1
Ford,F-150,2008,petrol,4.2,12.8
Ford,F-150,2008,petrol,4.6,13.4
Ford,F-150,2008,petrol,5.4,14.4
Ford,F-150,2009,petrol,4.6,12.65
Ford,F-150,2010,petrol,4.6,12.4
Ford,F-150,2011,petrol,3.5,11.15
Ford,F-150,2011,petrol,6.2,14.4
Ford,F-150,2012,petrol,3.5,11.15
Ford,F-150,2012,petrol,6.2,14.4
Ford,F-150,2013,petrol,3.5,11.15
Ford,F-150,2013,petrol,6.2,14.1
Ford,F-150,2014,petrol,3.5,11.15
Ford,F-150,2014,petrol,6.2,14.1
Ford,F-150,2015,petrol,2.7,10.8
Ford,F-150,2015,petrol,3.5,12.0
Ford,F-150,2016,petrol,2.7,10.9
Ford,F-150,2016,petrol,3.5,11.9
Ford,F-150,2017,petrol,2.7,10.9
Ford,F-150,2017,petrol,3.5,11.3
Ford,F-150,2018,diesel,3.0,9.5
Ford,F-150,2018,petrol,2.7,10.6
Ford,F-150,2018,petrol,3.3,11.0
Ford,F-150,2018,petrol,3.5,12.0
Ford,F-150,2018,petrol,5.0,12.4
Ford,F-150,2019,diesel,3.0,9.5
Ford,F-150,2019,petrol,2.7,10.6
Ford,F-150,2019,petrol,3.5,12.0
Ford,F-150,2020,diesel,3.0,9.8
Ford,F-150,2020,petrol,2.7,10.6
Ford,F-150,2020,petrol,3.5,12.7
Ford,F-150,2021,petrol,2.7,10.8
Ford,F-150,2021,petrol,3.5,11.7
Ford,F-150,2022,petrol,2.7,10.9
Ford,F-150,2022,petrol,3.5,11.7
Ford,F-150,2023,petrol,2.7,10.7
Ford,F-150,2023,petrol,3.5,12.0
Ford,F-150,2024,petrol,2.7,11.3
Ford,F-150,2024,petrol,3.5,12.0
Ford,F-150,2024,petrol,5.0,12.5
Ford,F-150,2025,petrol,2.7,11.3
Ford,F-150,2025,petrol,3.5,12.2
Ford,F-150,2025,petrol,5.0,12.6
Ford,F-150,2026,petrol,2.7,11.2
Ford,F-150,2026,petrol,3.5,12.2
Ford,F-150,2026,petrol,5.0,12.4
Ford,F-150 (LT Tire Pkg),2017,petrol,2.7,11.2
Ford,F-150 (LT Tire Pkg),2017,petrol,3.5,11.7
Ford,F-150 (LT Tire Pkg),2018,diesel,3.0,9.7
Ford,F-150 (LT Tire Pkg),2018,petrol,2.7,10.8
Ford,F-150 (LT Tire Pkg),2018,petrol,3.3,11.2
Ford,F-150 (LT Tire Pkg),2018,petrol,3.5,12.3
Ford,F-150 (LT Tire Pkg),2018,petrol,5.0,13.1
Ford,F-150 (LT Tire Pkg),2019,diesel,3.0,9.7
Ford,F-150 (LT Tire Pkg),2019,petrol,2.7,11.1
Ford,F-150 (LT Tire Pkg),2019,petrol,3.5,12.4
Ford,F-150 (LT Tire Pkg),2020,diesel,3.0,9.8
Ford,F-150 (Payload Pkg),2016,petrol,2.7,11.2
Ford,F-150 (Payload Pkg),2016,petrol,3.5,12.9
Ford,F-150 (Payload Pkg),2017,petrol,2.7,11.6
Ford,F-150 (Payload Pkg),2017,petrol,3.5,12.4
Ford,F-150 (Payload Pkg),2018,petrol,2.7,11.0
Ford,F-150 (Payload Pkg),2018,petrol,3.5,12.5
Ford,F-150 (Payload Pkg),2018,petrol,5.0,13.8
Ford,F-150 (Payload Pkg),2019,petrol,2.7,11.1
Ford,F-150 (Payload Pkg),2019,petrol,3.5,12.7
Ford,F-150 (Without Stop-Start),2022,petrol,2.7,12.0
Ford,F-150 (Without Stop-Start),2022,petrol,3.5,12.0
Ford,F-150 (Without Stop-Start),2023,petrol,2.7,11.5
Ford,F-150 4X4,2005,petrol,4.6,15.1
Ford,F-150 4X4,2005,petrol,5.4,14.6
Ford,F-150 4X4,2006,petrol,4.6,14.7
Ford,F-150 4X4,2006,petrol,5.4,14.9
Ford,F-150 4X4,2007,petrol,4.6,14.2
Ford,F-150 4X4,2007,petrol,5.4,15.0
Ford,F-150 4X4,2008,petrol,4.6,14.3
Ford,F-150 4X4,2008,petrol,5.4,14.8
Ford,F-150 4X4,2009,petrol,4.6,13.4
Ford,F-150 4X4,2010,petrol,4.6,12.8
Ford,F-150 4X4,2011,petrol,3.5,11.9
Ford,F-150 4X4,2011,petrol,6.2,15.8
Ford,F-150 4X4,2012,petrol,3.5,12.0
Ford,F-150 4X4,2012,petrol,6.2,15.9
Ford,F-150 4X4,2013,petrol,3.5,12.1
Ford,F-150 4X4,2013,petrol,6.2,15.5
Ford,F-150 4X4,2014,petrol,3.5,11.95
Ford,F-150 4X4,2014,petrol,6.2,15.5
Ford,F-150 4X4,2015,petrol,2.7,12.0
Ford,F-150 4X4,2015,petrol,3.5,12.5
Ford,F-150 4X4,2016,petrol,2.7,11.7
Ford,F-150 4X4,2016,petrol,3.5,12.9
Ford,F-150 4X4,2017,petrol,2.7,11.8
Ford,F-150 4X4,2017,petrol,3.5,12.1
Ford,F-150 4X4,2018,diesel,3.0,10.7
Ford,F-150 4X4,2018,petrol,2.7,11.3
Ford,F-150 4X4,2018,petrol,3.3,11.8
Ford,F-150 4X4,2018,petrol,3.5,12.6
Ford,F-150 4X4,2018,petrol,5.0,13.0
Ford,F-150 4X4,2019,diesel,3.0,10.7
Ford,F-150 4X4,2019,petrol,2.7,11.4
Ford,F-150 4X4,2019,petrol,3.5,12.5
Ford,F-150 4X4,2020,diesel,3.0,10.8
Ford,F-150 4X4,2020,petrol,2.7,11.8
Ford,F-150 4X4,2020,petrol,3.5,13.0
Ford,F-150 4X4,2021,diesel,3.0,10.7
Ford,F-150 4X4,2021,petrol,2.7,11.5
Ford,F-150 4X4,2021,petrol,3.5,12.0
Ford,F-150 4X4,2022,petrol,2.7,11.7
Ford,F-150 4X4,2022,petrol,3.5,12.1
Ford,F-150 4X4,2023,petrol,2.7,11.5
Ford,F-150 4X4,2023,petrol,3.5,12.1
Ford,F-150 4X4,2024,petrol,2.7,11.8
Ford,F-150 4X4,2024,petrol,3.5,12.3
Ford,F-150 4X4,2024,petrol,5.0,12.8
Ford,F-150 4X4,2025,petrol,2.7,11.8
Ford,F-150 4X4,2025,petrol,3.5,12.4
Ford,F-150 4X4,2025,petrol,5.0,12.8
Ford,F-150 4X4,2026,petrol,2.7,11.8
Ford,F-150 4X4,2026,petrol,3.5,12.3
Ford,F-150 4X4,2026,petrol,5.0,12.8
Ford,F-150 4X4 (LT Tire Pkg),2017,petrol,2.7,12.5
Ford,F-150 4X4 (LT Tire Pkg),2017,petrol,3.5,12.3
Ford,F-150 4X4 (LT Tire Pkg),2018,diesel,3.0,10.7
Ford,F-150 4X4 (LT Tire Pkg),2018,petrol,2.7,11.8
Ford,F-150 4X4 (LT Tire Pkg),2018,petrol,3.3,12.4
Ford,F-150 4X4 (LT Tire Pkg),2018,petrol,3.5,12.7
Ford,F-150 4X4 (LT Tire Pkg),2018,petrol,5.0,13.8
Ford,F-150 4X4 (LT Tire Pkg),2019,diesel,3.0,10.7
Ford,F-150 4X4 (LT Tire Pkg),2019,petrol,2.7,11.8
Ford,F-150 4X4 (LT Tire Pkg),2019,petrol,3.5,12.9
Ford,F-150 4X4 (Payload Pkg),2016,petrol,2.7,12.3
Ford,F-150 4X4 (Payload Pkg),2016,petrol,3.5,13.8
Ford,F-150 4X4 (Payload Pkg),2017,petrol,2.7,12.3
Ford,F-150 4X4 (Payload Pkg),2017,petrol,3.5,12.7
Ford,F-150 4X4 (Payload Pkg),2018,petrol,2.7,11.6
Ford,F-150 4X4 (Payload Pkg),2018,petrol,3.5,13.0
Ford,F-150 4X4 (Payload Pkg),2018,petrol,5.0,14.2
Ford,F-150 4X4 (Payload Pkg),2019,petrol,2.7,11.8
Ford,F-150 4X4 (Payload Pkg),2019,petrol,3.5,13.1
Ford,F-150 4X4 (Without Stop-Start),2021,petrol,2.7,11.9
Ford,F-150 4X4 (Without Stop-Start),2022,petrol,3.5,13.0
Ford,F-150 4X4 (Without Stop-Start),2023,petrol,2.7,12.0
Ford,F-150 4X4 (Without Stop-Start),2023,petrol,3.5,13.0
Ford,F-150 4X4 FFV,2009,petrol,5.4,13.7
Ford,F-150 4X4 FFV,2022,petrol,3.3,11.8
Ford,F-150 4X4 FFV,2022,petrol,5.0,12.9
Ford,F-150 4X4 FFV,2023,petrol,3.3,11.8
Ford,F-150 4X4 FFV,2023,petrol,5.0,12.7
Ford,F-150 4X4 FFV (Without Stop-Start),2022,petrol,5.0,13.1
Ford,F-150 4X4 FFV (Without Stop-Start),2023,petrol,5.0,13.2
Ford,F-150 4X4 Limited,2019,petrol,3.5,12.6
Ford,F-150 4X4 Limited,2020,petrol,3.5,12.6
Ford,F-150 4X4 XL/XLT,2018,diesel,3.0,9.9
Ford,F-150 4X4 XL/XLT,2019,diesel,3.0,9.9
Ford,F-150 4X4 XL/XLT,2020,diesel,3.0,10.0
Ford,F-150 FFV,2007,petrol,5.4,13.9
Ford,F-150 FFV,2008,petrol,5.4,14.1
Ford,F-150 FFV,2009,petrol,5.4,13.0
Ford,F-150 FFV,2010,petrol,5.4,12.8
Ford,F-150 FFV,2011,petrol,3.7,11.05
Ford,F-150 FFV,2011,petrol,5.0,12.05
Ford,F-150 FFV,2012,petrol,3.7,11.0
Ford,F-150 FFV,2012,petrol,5.0,12.05
Ford,F-150 FFV,2013,petrol,3.7,10.8
Ford,F-150 FFV,2013,petrol,5.0,12.2
Ford,F-150 FFV,2014,petrol,3.7,10.8
Ford,F-150 FFV,2014,petrol,5.0,12.8
Ford,F-150 FFV,2015,petrol,3.5,11.5
Ford,F-150 FFV,2015,petrol,5.0,13.3
Ford,F-150 FFV,2016,petrol,3.5,11.6
Ford,F-150 FFV,2016,petrol,5.0,13.2
Ford,F-150 FFV,2017,petrol,3.5,11.6
Ford,F-150 FFV,2017,petrol,5.0,13.2
Ford,F-150 FFV,2018,petrol,3.3,10.9
Ford,F-150 FFV,2018,petrol,5.0,12.2
Ford,F-150 FFV,2019,petrol,3.3,10.9
Ford,F-150 FFV,2019,petrol,5.0,12.2
Ford,F-150 FFV,2020,petrol,3.3,10.8
Ford,F-150 FFV,2020,petrol,5.0,12.6
Ford,F-150 FFV,2021,petrol,3.3,11.0
Ford,F-150 FFV,2021,petrol,5.0,12.2
Ford,F-150 FFV,2022,petrol,3.3,11.1
Ford,F-150 FFV,2022,petrol,5.0,12.8
Ford,F-150 FFV,2023,petrol,3.3,11.1
Ford,F-150 FFV,2023,petrol,5.0,12.4
Ford,F-150 FFV (LT Tire Pkg),2018,petrol,3.3,11.2
Ford,F-150 FFV (LT Tire Pkg),2018,petrol,5.0,13.1
Ford,F-150 FFV (LT Tire Pkg),2019,petrol,3.3,11.2
Ford,F-150 FFV (LT Tire Pkg),2019,petrol,5.0,13.1
Ford,F-150 FFV (LT Tire Pkg),2020,petrol,5.0,13.0
Ford,F-150 FFV (Payload Pkg),2016,petrol,5.0,14.5
Ford,F-150 FFV (Payload Pkg),2017,petrol,5.0,14.5
Ford,F-150 FFV (Payload Pkg),2018,petrol,5.0,13.8
Ford,F-150 FFV (Payload Pkg),2019,petrol,5.0,13.9
Ford,F-150 FFV (Payload Pkg),2020,petrol,5.0,13.6
Ford,F-150 FFV (Without Stop-Start),2021,petrol,5.0,12.6
Ford,F-150 FFV (Without Stop-Start),2022,petrol,5.0,12.9
Ford,F-150 FFV (Without Stop-Start),2023,petrol,3.3,11.5
Ford,F-150 FFV (Without Stop-Start),2023,petrol,5.0,12.7
Ford,F-150 FFV 4X4,2007,petrol,5.4,14.9
Ford,F-150 FFV 4X4,2008,petrol,5.4,14.3
Ford,F-150 FFV 4X4,2010,petrol,5.4,13.8
Ford,F-150 FFV 4X4,2011,petrol,3.7,11.8
Ford,F-150 FFV 4X4,2011,petrol,5.0,13.0
Ford,F-150 FFV 4X4,2012,petrol,3.7,11.8
Ford,F-150 FFV 4X4,2012,petrol,5.0,12.95
Ford,F-150 FFV 4X4,2013,petrol,3.7,11.6
Ford,F-150 FFV 4X4,2013,petrol,5.0,13.05
Ford,F-150 FFV 4X4,2014,petrol,3.7,11.7
Ford,F-150 FFV 4X4,2014,petrol,5.0,13.1
Ford,F-150 FFV 4X4,2015,petrol,3.5,12.4
Ford,F-150 FFV 4X4,2015,petrol,5.0,13.9
Ford,F-150 FFV 4X4,2016,petrol,3.5,12.5
Ford,F-150 FFV 4X4,2016,petrol,5.0,13.8
Ford,F-150 FFV 4X4,2017,petrol,3.5,12.5
Ford,F-150 FFV 4X4,2017,petrol,5.0,13.8
Ford,F-150 FFV 4X4,2018,petrol,3.3,11.7
Ford,F-150 FFV 4X4,2018,petrol,5.0,13.3
Ford,F-150 FFV 4X4,2019,petrol,3.3,11.6
Ford,F-150 FFV 4X4,2019,petrol,5.0,13.3
Ford,F-150 FFV 4X4,2020,petrol,3.3,11.7
Ford,F-150 FFV 4X4,2020,petrol,5.0,13.5
Ford,F-150 FFV 4X4,2021,petrol,3.3,11.7
Ford,F-150 FFV 4X4,2021,petrol,5.0,13.1
Ford,F-150 FFV 4X4 (LT Tire Pkg),2017,petrol,5.0,14.1
Ford,F-150 FFV 4X4 (LT Tire Pkg),2018,petrol,3.3,12.4
Ford,F-150 FFV 4X4 (LT Tire Pkg),2018,petrol,5.0,13.8
Ford,F-150 FFV 4X4 (LT Tire Pkg),2019,petrol,3.3,12.4
Ford,F-150 FFV 4X4 (LT Tire Pkg),2019,petrol,5.0,13.9
Ford,F-150 FFV 4X4 (Payload Pkg),2016,petrol,5.0,14.8
Ford,F-150 FFV 4X4 (Payload Pkg),2017,petrol,5.0,14.8
Ford,F-150 FFV 4X4 (Payload Pkg),2018,petrol,5.0,14.5
Ford,F-150 FFV 4X4 (Payload Pkg),2019,petrol,5.0,14.8
Ford,F-150 FFV 4X4 (Without Stop-Start),2021,petrol,5.0,13.4
Ford,F-150 Hybrid,2021,hybrid,3.5,9.3
Ford,F-150 Hybrid,2022,hybrid,3.5,9.7
Ford,F-150 Hybrid,2023,hybrid,3.5,10.1
Ford,F-150 Hybrid 4X4,2021,hybrid,3.5,9.8
Ford,F-150 Hybrid 4X4,2022,hybrid,3.5,10.2
Ford,F-150 Hybrid 4X4,2023,hybrid,3.5,10.4
Ford,F-150 Hybrid 4X4,2024,hybrid,3.5,10.8
Ford,F-150 Hybrid 4X4,2025,hybrid,3.5,10.7
Ford,F-150 Hybrid 4X4,2026,hybrid,3.5,10.7
Ford,F-150 Lightning Extended Range,2022,electric,,29.8
Ford,F-150 Lightning Extended Range,2023,electric,,29.8
Ford,F-150 Lightning Extended Range,2024,electric,,29.8
Ford,F-150 Lightning Extended Range (123 kWh),2025,electric,,29.2
Ford,F-150 Lightning Extended Range (131 kWh),2025,electric,,29.8
Ford,F-150 Lightning PRO Extended Range (131 kWh),2025,electric,,29.8
Ford,F-150 Lightning Platinum,2022,electric,,31.5
Ford,F-150 Lightning Platinum,2023,electric,,31.5
Ford,F-150 Lightning Platinum,2024,electric,,31.5
Ford,F-150 Lightning Platinum,2025,electric,,31.5
Ford,F-150 Lightning Pro,2024,electric,,29.8
Ford,F-150 Lightning Standard Range,2022,electric,,30.6
Ford,F-150 Lightning Standard Range,2023,electric,,30.6
Ford,F-150 Lightning Standard Range,2024,electric,,30.6
Ford,F-150 Lightning Standard Range,2025,electric,,30.6
Ford,F-150 Raptor 37 4X4,2021,petrol,3.5,15.3
Ford,F-150 Raptor 37 4X4,2022,petrol,3.5,15.3
Ford,F-150 Raptor 37 4X4,2023,petrol,3.5,15.3
Ford,F-150 Raptor 37 4X4 (Without Stop-Start),2021,petrol,3.5,15.8
Ford,F-150 Raptor 37 4X4 (Without Stop-Start),2022,petrol,3.5,15.8
Ford,F-150 Raptor 37 4X4 (Without Stop-Start),2023,petrol,3.5,15.8
Ford,F-150 Raptor 4X4,2011,petrol,6.2,16.9
Ford,F-150 Raptor 4X4,2012,petrol,6.2,16.0
Ford,F-150 Raptor 4X4,2014,petrol,6.2,16.0
Ford,F-150 Raptor 4X4,2017,petrol,3.5,14.5
Ford,F-150 Raptor 4X4,2018,petrol,3.5,14.5
Ford,F-150 Raptor 4X4,2019,petrol,3.5,14.3
Ford,F-150 Raptor 4X4,2020,petrol,3.5,14.3
Ford,F-150 Raptor 4X4,2021,petrol,3.5,14.6
Ford,F-150 Raptor 4X4,2022,petrol,3.5,14.6
Ford,F-150 Raptor 4X4,2023,petrol,3.5,14.6
Ford,F-150 Raptor 4X4,2024,petrol,3.5,15.0
Ford,F-150 Raptor 4X4,2025,petrol,3.5,15.0
Ford,F-150 Raptor 4X4,2026,petrol,3.5,15.0
Ford,F-150 Raptor 4X4 (Without Stop-Start),2021,petrol,3.5,15.2
Ford,F-150 Raptor 4X4 (Without Stop-Start),2022,petrol,3.5,15.2
Ford,F-150 Raptor 4X4 (Without Stop-Start),2023,petrol,3.5,15.2
Ford,F-150 Raptor R 4X4,2023,petrol,5.2,19.7
Ford,F-150 Raptor R 4X4,2024,petrol,5.2,19.7
Ford,F-150 Raptor R 4X4,2025,petrol,5.2,19.7
Ford,F-150 Raptor R 4X4,2026,petrol,5.2,19.7
Ford,F-150 SFE,2009,petrol,4.6,12.2
Ford,F-150 Tremor 4X4,2021,petrol,3.5,13.2
Ford,F-150 Tremor 4X4,2022,petrol,3.5,13.2
Ford,F-150 Tremor 4X4,2023,petrol,3.5,13.1
Ford,F-150 Tremor 4X4,2024,petrol,3.5,12.9
Ford,F-150 Tremor 4X4,2024,petrol,5.0,13.7
Ford,F-150 Tremor 4X4,2025,petrol,3.5,12.9
Ford,F-150 Tremor 4X4,2025,petrol,5.0,13.7
Ford,F-150 Tremor 4X4,2026,petrol,3.5,12.9
Ford,F-150 Tremor 4X4,2026,petrol,5.0,13.7
Ford,F-150 Tremor 4X4 (Without Stop-Start),2021,petrol,3.5,13.3
Ford,F-150 Tremor 4X4 (Without Stop-Start),2022,petrol,3.5,13.3
Ford,F-150 Tremor 4X4 (Without Stop-Start),2023,petrol,3.5,13.3
Ford,F-150 Tremor 4X4 FFV,2023,petrol,5.0,13.7
Ford,F-150 Tremor 4X4 FFV (Without Stop-Start),2023,petrol,5.0,13.8
Ford,Fiesta,2011,petrol,1.6,6.2
Ford,Fiesta,2012,petrol,1.6,6.1
Ford,Fiesta,2013,petrol,1.6,6.1
Ford,Fiesta,2014,petrol,1.6,6.5
Ford,Fiesta,2015,petrol,1.6,7.6
Ford,Fiesta,2016,petrol,1.6,7.6
Ford,Fiesta,2017,petrol,1.6,7.7
Ford,Fiesta,2018,petrol,1.6,7.7
Ford,Fiesta,2019,petrol,1.6,7.75
Ford,Fiesta SFE,2011,petrol,1.6,6.0
Ford,Fiesta SFE,2012,petrol,1.6,6.0
Ford,Fiesta SFE,2013,petrol,1.6,6.0
Ford,Fiesta SFE,2014,petrol,1.0,5.5
Ford,Fiesta SFE,2014,petrol,1.6,5.9
Ford,Fiesta SFE,2015,petrol,1.0,6.6
Ford,Fiesta SFE,2015,petrol,1.6,7.4
Ford,Fiesta SFE,2016,petrol,1.0,6.6
Ford,Fiesta SFE,2017,petrol,1.0,6.8
Ford,Fiesta ST,2014,petrol,1.6,6.8
Ford,Fiesta ST,2015,petrol,1.6,8.0
Ford,Fiesta ST,2016,petrol,1.6,8.1
Ford,Fiesta ST,2017,petrol,1.6,8.2
Ford,Fiesta ST,2018,petrol,1.6,8.2
Ford,Fiesta ST,2019,petrol,1.6,8.4
Ford,Five Hundred,2005,petrol,3.0,9.8
Ford,Five Hundred,2006,petrol,3.0,9.75
Ford,Five Hundred,2007,petrol,3.0,9.5
Ford,Five Hundred AWD,2005,petrol,3.0,10.6
Ford,Five Hundred AWD,2006,petrol,3.0,10.6
Ford,Five Hundred AWD,2007,petrol,3.0,10.8
Ford,Flex,2009,petrol,3.5,10.8
Ford,Flex,2010,petrol,3.5,10.1
Ford,Flex,2011,petrol,3.5,10.7
Ford,Flex,2012,petrol,3.5,10.6
Ford,Flex,2013,petrol,3.5,10.1
Ford,Flex,2014,petrol,3.5,10.0
Ford,Flex,2015,petrol,3.5,11.6
Ford,Flex,2016,petrol,3.5,12.7
Ford,Flex,2017,petrol,3.5,12.7
Ford,Flex,2018,petrol,3.5,12.7
Ford,Flex,2019,petrol,3.5,12.7
Ford,Flex AWD,2009,petrol,3.5,11.6
Ford,Flex AWD,2010,petrol,3.5,11.4
Ford,Flex AWD,2011,petrol,3.5,11.35
Ford,Flex AWD,2012,petrol,3.5,11.25
Ford,Flex AWD,2014,petrol,3.5,10.6
Ford,Flex AWD,2015,petrol,3.5,12.1
Ford,Flex AWD,2016,petrol,3.5,12.9
Ford,Flex AWD,2017,petrol,3.5,12.9
Ford,Flex AWD,2018,petrol,3.5,12.9
Ford,Flex AWD,2019,petrol,3.5,12.9
Ford,Flex AWD (EcoBoost),2014,petrol,3.5,11.2
Ford,Flex AWD (EcoBoost),2015,petrol,3.5,12.8
Ford,Flex AWD GTDI,2016,petrol,3.5,13.7
Ford,Flex AWD GTDI,2017,petrol,3.5,13.7
Ford,Flex AWD GTDI,2018,petrol,3.5,13.7
Ford,Flex AWD GTDI,2019,petrol,3.5,13.7
Ford,Flex AWD NA,2013,petrol,3.5,10.6
Ford,Flex AWD TC,2013,petrol,3.5,11.2
Ford,Focus,2005,petrol,2.0,8.0
Ford,Focus,2005,petrol,2.3,8.9
Ford,Focus,2006,petrol,2.0,7.95
Ford,Focus,2006,petrol,2.3,9.0
Ford,Focus,2007,petrol,2.0,7.6
Ford,Focus,2007,petrol,2.3,8.8
Ford,Focus,2008,petrol,2.0,7.25
Ford,Focus,2009,petrol,2.0,7.3
Ford,Focus,2010,petrol,2.0,7.2
Ford,Focus,2011,petrol,2.0,7.0
Ford,Focus,2012,petrol,2.0,6.5
Ford,Focus,2013,petrol,2.0,7.6
Ford,Focus,2014,petrol,2.0,7.6
Ford,Focus,2015,petrol,1.0,7.1
Ford,Focus,2015,petrol,2.0,8.9
Ford,Focus,2016,petrol,1.0,7.05
Ford,Focus,2018,petrol,1.0,7.25
Ford,Focus,2018,petrol,2.0,8.17
Ford,Focus (Start/Stop),2017,petrol,1.0,7.25
Ford,Focus Electric,2013,electric,,20.0
Ford,Focus Electric,2014,electric,,20.0
Ford,Focus Electric,2015,electric,,20.0
Ford,Focus Electric,2016,electric,,20.0
Ford,Focus Electric,2017,electric,,19.6
Ford,Focus Electric,2018,electric,,19.6
Ford,Focus FFV,2013,petrol,2.0,6.53
Ford,Focus FFV,2014,petrol,2.0,6.67
Ford,Focus FFV,2015,petrol,2.0,7.87
Ford,Focus FFV,2016,petrol,2.0,7.8
Ford,Focus FFV,2017,petrol,2.0,8.07
Ford,Focus RS AWD,2016,petrol,2.3,10.9
Ford,Focus RS AWD,2017,petrol,2.3,10.9
Ford,Focus RS AWD,2018,petrol,2.3,10.8
Ford,Focus SFE,2012,petrol,2.0,6.1
Ford,Focus SFE FFV,2013,petrol,2.0,6.1
Ford,Focus SFE FFV,2014,petrol,2.0,6.1
Ford,Focus ST,2016,petrol,2.0,9.2
Ford,Focus ST,2017,petrol,2.0,9.3
Ford,Focus ST,2018,petrol,2.0,9.3
Ford,Focus Wagon,2005,petrol,2.0,8.0
Ford,Focus Wagon,2006,petrol,2.0,7.95
Ford,Focus Wagon,2007,petrol,2.0,7.6
Ford,Freestar Van,2005,petrol,3.9,11.4
Ford,Freestar Van,2007,petrol,4.2,12.0
Ford,Freestar Wagon,2005,petrol,4.2,11.8
Ford,Freestar Wagon,2006,petrol,4.2,12.1
Ford,Freestar Wagon,2007,petrol,4.2,12.0
Ford,Freestyle,2005,petrol,3.0,10.1
Ford,Freestyle,2006,petrol,3.0,10.1
Ford,Freestyle,2007,petrol,3.0,10.1
Ford,Freestyle 4X4,2007,petrol,3.0,11.0
Ford,Freestyle AWD,2005,petrol,3.0,10.9
Ford,Freestyle AWD,2006,petrol,3.0,10.9
Ford,Fusion,2006,petrol,2.3,8.6
Ford,Fusion,2006,petrol,3.0,9.6
Ford,Fusion,2007,petrol,2.3,8.75
Ford,Fusion,2007,petrol,3.0,9.9
Ford,Fusion,2008,petrol,2.3,8.7
Ford,Fusion,2008,petrol,3.0,9.9
Ford,Fusion,2009,petrol,2.3,8.7
Ford,Fusion,2009,petrol,3.0,9.9
Ford,Fusion,2010,petrol,2.5,8.2
Ford,Fusion,2010,petrol,3.0,9.4
Ford,Fusion,2011,petrol,2.5,7.95
Ford,Fusion,2012,petrol,2.5,8.03
Ford,Fusion,2013,petrol,1.6,7.05
Ford,Fusion,2013,petrol,2.0,7.7
Ford,Fusion,2013,petrol,2.5,7.7
Ford,Fusion,2014,petrol,1.5,7.3
Ford,Fusion,2014,petrol,1.6,6.9
Ford,Fusion,2014,petrol,2.0,7.7
Ford,Fusion,2014,petrol,2.5,7.7
Ford,Fusion,2015,petrol,1.5,8.4
Ford,Fusion,2015,petrol,2.0,8.9
Ford,Fusion,2015,petrol,2.5,8.9
Ford,Fusion,2016,petrol,1.5,8.4
Ford,Fusion,2016,petrol,2.0,8.9
Ford,Fusion,2016,petrol,2.5,8.9
Ford,Fusion,2017,petrol,1.5,8.7
Ford,Fusion,2017,petrol,2.0,9.6
Ford,Fusion,2017,petrol,2.5,9.6
Ford,Fusion,2018,petrol,1.5,8.7
Ford,Fusion,2018,petrol,2.0,9.6
Ford,Fusion,2018,petrol,2.5,9.5
Ford,Fusion,2019,petrol,1.5,8.7
Ford,Fusion,2020,petrol,1.5,8.7
Ford,Fusion (Start-Stop),2013,petrol,1.6,7.1
Ford,Fusion (Start/Stop),2014,petrol,1.5,6.8
Ford,Fusion (Start/Stop),2015,petrol,1.5,8.0
Ford,Fusion (Start/Stop),2016,petrol,1.5,8.0
Ford,Fusion AWD,2007,petrol,3.0,10.6
Ford,Fusion AWD,2008,petrol,3.0,10.5
Ford,Fusion AWD,2009,petrol,3.0,10.4
Ford,Fusion AWD,2010,petrol,3.0,10.0
Ford,Fusion AWD,2010,petrol,3.5,10.7
Ford,Fusion AWD,2011,petrol,3.5,10.7
Ford,Fusion AWD,2012,petrol,3.5,10.4
Ford,Fusion AWD,2013,petrol,2.0,8.0
Ford,Fusion AWD,2014,petrol,2.0,8.0
Ford,Fusion AWD,2015,petrol,2.0,9.3
Ford,Fusion AWD,2016,petrol,2.0,9.3
Ford,Fusion AWD,2017,petrol,2.0,10.1
Ford,Fusion AWD,2017,petrol,2.7,11.5
Ford,Fusion AWD,2018,petrol,2.0,10.2
Ford,Fusion AWD,2018,petrol,2.7,11.8
Ford,Fusion Energi,2013,hybrid,2.0,6.1
Ford,Fusion Energi,2014,hybrid,2.0,6.1
Ford,Fusion Energi,2015,hybrid,2.0,6.1
Ford,Fusion Energi,2016,hybrid,2.0,6.1
Ford,Fusion Energi,2017,hybrid,2.0,5.6
Ford,Fusion Energi,2018,hybrid,2.0,5.6
Ford,Fusion Energi,2019,hybrid,2.0,5.6
Ford,Fusion Energi,2020,hybrid,2.0,5.6
Ford,Fusion FFV,2011,petrol,3.0,9.0
Ford,Fusion FFV,2012,petrol,3.0,9.0
Ford,Fusion FFV AWD,2011,petrol,3.0,10.0
Ford,Fusion FFV AWD,2012,petrol,3.0,10.0
Ford,Fusion Hybrid,2010,hybrid,2.5,5.0
Ford,Fusion Hybrid,2011,hybrid,2.5,5.0
Ford,Fusion Hybrid,2012,hybrid,2.5,5.0
Ford,Fusion Hybrid,2013,hybrid,2.0,4.5
Ford,Fusion Hybrid,2014,hybrid,2.0,4.5
Ford,Fusion Hybrid,2015,hybrid,2.0,5.5
Ford,Fusion Hybrid,2016,hybrid,2.0,5.5
Ford,Fusion Hybrid,2017,hybrid,2.0,5.6
Ford,Fusion Hybrid,2018,hybrid,2.0,5.6
Ford,Fusion Hybrid,2019,hybrid,2.0,5.6
Ford,Fusion Hybrid,2020,hybrid,2.0,5.6
Ford,Fusion S,2010,petrol,2.5,7.75
Ford,Fusion S,2011,petrol,2.5,8.0
Ford,Fusion S,2012,petrol,2.5,8.0
Ford,GT,2017,petrol,3.5,17.3
Ford,GT,2018,petrol,3.5,17.1
Ford,GT,2019,petrol,3.5,17.1
Ford,GT,2020,petrol,3.5,16.6
Ford,GT,2021,petrol,3.5,16.6
Ford,GT,2022,petrol,3.5,16.7
Ford,Grand Marquis,2005,petrol,4.6,11.1
Ford,Grand Marquis,2006,petrol,4.6,11.5
Ford,Grand Marquis,2007,petrol,4.6,11.85
Ford,Grand Marquis FFV,2008,petrol,4.6,11.7
Ford,Grand Marquis FFV,2009,petrol,4.6,11.2
Ford,Maverick AWD,2022,petrol,2.0,9.6
Ford,Maverick AWD,2023,petrol,2.0,9.8
Ford,Maverick AWD,2024,petrol,2.0,9.6
Ford,Maverick AWD,2025,petrol,2.0,9.4
Ford,Maverick AWD,2026,petrol,2.0,9.4
Ford,Maverick Hybrid,2022,hybrid,2.5,6.3
Ford,Maverick Hybrid,2023,hybrid,2.5,6.4
Ford,Maverick Hybrid,2024,hybrid,2.5,6.3
Ford,Maverick Hybrid,2025,hybrid,2.5,6.2
Ford,Maverick Hybrid,2026,hybrid,2.5,6.2
Ford,Maverick Hybrid AWD,2025,hybrid,2.5,6.3
Ford,Maverick Hybrid AWD,2026,hybrid,2.5,6.4
Ford,Maverick Lariat Hybrid AWD,2026,hybrid,2.5,6.6
Ford,Maverick Lobo,2025,petrol,2.0,9.7
Ford,Maverick Lobo AWD,2026,petrol,2.0,9.7
Ford,Maverick Tremor AWD,2023,petrol,2.0,11.0
Ford,Maverick Tremor AWD,2024,petrol,2.0,11.0
Ford,Maverick Tremor AWD,2025,petrol,2.0,10.1
Ford,Maverick Tremor AWD,2026,petrol,2.0,10.1
Ford,Mustang,2005,petrol,4.0,10.45
Ford,Mustang,2005,petrol,4.6,11.5
Ford,Mustang,2006,petrol,4.0,10.5
Ford,Mustang,2006,petrol,4.6,11.7
Ford,Mustang,2007,petrol,4.0,10.55
Ford,Mustang,2007,petrol,4.6,11.6
Ford,Mustang,2007,petrol,5.4,13.0
Ford,Mustang,2008,petrol,4.0,10.55
Ford,Mustang,2008,petrol,4.6,11.55
Ford,Mustang,2008,petrol,5.4,13.1
Ford,Mustang,2009,petrol,4.0,10.6
Ford,Mustang,2009,petrol,4.6,11.7
Ford,Mustang,2009,petrol,5.4,13.0
Ford,Mustang,2010,petrol,4.0,10.4
Ford,Mustang,2010,petrol,4.6,10.8
Ford,Mustang,2010,petrol,5.4,12.2
Ford,Mustang,2011,petrol,3.7,9.0
Ford,Mustang,2011,petrol,5.0,10.15
Ford,Mustang,2011,petrol,5.4,11.9
Ford,Mustang,2012,petrol,3.7,9.45
Ford,Mustang,2012,petrol,5.0,10.05
Ford,Mustang,2012,petrol,5.4,11.9
Ford,Mustang,2013,petrol,3.7,9.0
Ford,Mustang,2013,petrol,5.0,10.55
Ford,Mustang,2013,petrol,5.8,11.7
Ford,Mustang,2014,petrol,3.7,9.0
Ford,Mustang,2014,petrol,5.0,10.55
Ford,Mustang,2014,petrol,5.8,11.6
Ford,Mustang,2015,petrol,2.3,9.3
Ford,Mustang,2015,petrol,3.7,10.95
Ford,Mustang,2015,petrol,5.0,12.45
Ford,Mustang,2016,petrol,2.3,9.3
Ford,Mustang,2016,petrol,3.7,10.95
Ford,Mustang,2016,petrol,5.0,12.55
Ford,Mustang,2017,petrol,2.3,9.7
Ford,Mustang,2017,petrol,3.7,11.3
Ford,Mustang,2017,petrol,5.0,13.0
Ford,Mustang,2018,petrol,2.3,9.45
Ford,Mustang,2018,petrol,5.0,12.65
Ford,Mustang,2019,petrol,2.3,9.55
Ford,Mustang,2019,petrol,5.0,12.8
Ford,Mustang,2020,petrol,2.3,9.55
Ford,Mustang,2020,petrol,5.0,12.8
Ford,Mustang,2021,petrol,2.3,9.57
Ford,Mustang,2021,petrol,5.0,13.1
Ford,Mustang,2022,petrol,2.3,9.7
Ford,Mustang,2022,petrol,5.0,13.05
Ford,Mustang,2023,petrol,2.3,9.8
Ford,Mustang,2023,petrol,5.0,13.1
Ford,Mustang,2024,petrol,2.3,9.2
Ford,Mustang,2024,petrol,5.0,13.45
Ford,Mustang,2025,petrol,2.3,9.2
Ford,Mustang,2025,petrol,5.0,13.5
Ford,Mustang,2026,petrol,2.3,9.1
Ford,Mustang,2026,petrol,5.0,13.2
Ford,Mustang (High Performance),2021,petrol,2.3,10.4
Ford,Mustang (High Performance),2022,petrol,2.3,10.4
Ford,Mustang (High Performance),2023,petrol,2.3,10.4
Ford,Mustang (Performance Pack),2024,petrol,2.3,9.8
Ford,Mustang (Performance Pkg),2017,petrol,2.3,10.0
Ford,Mustang (Performance Pkg),2017,petrol,5.0,13.8
Ford,Mustang (Performance Pkg),2018,petrol,2.3,10.2
Ford,Mustang (Performance Pkg),2019,petrol,2.3,10.35
Ford,Mustang (Performance Pkg),2020,petrol,2.3,10.35
Ford,Mustang (Stop-Start),2024,petrol,5.0,12.8
Ford,Mustang Bullitt,2019,petrol,5.0,13.3
Ford,Mustang Bullitt,2020,petrol,5.0,13.6
Ford,Mustang Convertible,2011,petrol,3.7,10.1
Ford,Mustang Convertible,2012,petrol,3.7,10.1
Ford,Mustang Convertible,2013,petrol,3.7,9.1
Ford,Mustang Convertible,2014,petrol,3.7,9.1
Ford,Mustang Convertible,2015,petrol,2.3,9.9
Ford,Mustang Convertible,2015,petrol,5.0,13.0
Ford,Mustang Convertible,2016,petrol,2.3,10.0
Ford,Mustang Convertible,2016,petrol,5.0,13.0
Ford,Mustang Convertible,2017,petrol,2.3,10.15
Ford,Mustang Convertible,2017,petrol,5.0,13.5
Ford,Mustang Convertible,2018,petrol,2.3,10.25
Ford,Mustang Convertible,2018,petrol,5.0,13.1
Ford,Mustang Convertible,2019,petrol,2.3,10.35
Ford,Mustang Convertible,2019,petrol,5.0,12.9
Ford,Mustang Convertible,2020,petrol,2.3,10.3
Ford,Mustang Convertible,2020,petrol,5.0,12.9
Ford,Mustang Convertible,2021,petrol,2.3,10.37
Ford,Mustang Convertible,2021,petrol,5.0,13.3
Ford,Mustang Convertible,2022,petrol,2.3,10.3
Ford,Mustang Convertible,2022,petrol,5.0,13.4
Ford,Mustang Convertible,2023,petrol,2.3,10.33
Ford,Mustang Convertible,2023,petrol,5.0,13.4
Ford,Mustang Convertible (High Performance),2021,petrol,2.3,10.85
Ford,Mustang Convertible (High Performance),2022,petrol,2.3,10.8
Ford,Mustang Convertible (High Performance),2023,petrol,2.3,10.8
Ford,Mustang Convertible (Performance Pkg),2020,petrol,2.3,10.55
Ford,Mustang Dark Horse,2024,petrol,5.0,14.05
Ford,Mustang Dark Horse,2025,petrol,5.0,14.2
Ford,Mustang Dark Horse,2026,petrol,5.0,14.05
Ford,Mustang GTD,2025,petrol,5.2,19.2
Ford,Mustang GTD,2026,petrol,5.2,19.2
Ford,Mustang Mach 1,2021,petrol,5.0,13.4
Ford,Mustang Mach 1,2022,petrol,5.0,13.7
Ford,Mustang Mach 1,2023,petrol,5.0,13.75
Ford,Mustang Mach-E California Route 1,2021,electric,,20.7
Ford,Mustang Mach-E California Route 1,2022,electric,,20.7
Ford,Mustang Mach-E California Route 1 AWD,2022,electric,,21.3
Ford,Mustang Mach-E California Route 1 AWD,2023,electric,,21.3
Ford,Mustang Mach-E Extended Range,2022,electric,,21.5
Ford,Mustang Mach-E Extended Range,2023,electric,,21.1
Ford,Mustang Mach-E Extended Range,2024,electric,,19.8
Ford,Mustang Mach-E Extended Range,2025,electric,,19.1
Ford,Mustang Mach-E Extended Range,2026,electric,,19.1
Ford,"Mustang Mach-E Extended Range (19"" Wheels)",2021,electric,,21.5
Ford,Mustang Mach-E Extended Range AWD,2021,electric,,23.2
Ford,Mustang Mach-E Extended Range AWD,2022,electric,,23.1
Ford,Mustang Mach-E Extended Range AWD,2023,electric,,22.9
Ford,Mustang Mach-E Extended Range AWD,2024,electric,,21.2
Ford,Mustang Mach-E Extended Range AWD,2025,electric,,20.0
Ford,Mustang Mach-E Extended Range AWD,2026,electric,,20.0
Ford,Mustang Mach-E GT,2024,electric,,23.2
Ford,Mustang Mach-E GT,2025,electric,,23.8
Ford,Mustang Mach-E GT,2026,electric,,23.2
Ford,Mustang Mach-E GT Performance Edition,2021,electric,,25.6
Ford,Mustang Mach-E GT Performance Edition,2022,electric,,25.6
Ford,Mustang Mach-E GT Performance Edition,2023,electric,,25.6
Ford,Mustang Mach-E Rally,2024,electric,,24.5
Ford,Mustang Mach-E Rally,2025,electric,,24.5
Ford,Mustang Mach-E Rally,2026,electric,,25.0
Ford,Mustang Mach-E Standard Range,2021,electric,,21.0
Ford,Mustang Mach-E Standard Range,2022,electric,,20.3
Ford,Mustang Mach-E Standard Range,2023,electric,,20.3
Ford,Mustang Mach-E Standard Range,2024,electric,,20.5
Ford,Mustang Mach-E Standard Range,2025,electric,,20.1
Ford,Mustang Mach-E Standard Range,2026,electric,,20.4
Ford,Mustang Mach-E Standard Range (LFP),2023,electric,,20.7
Ford,Mustang Mach-E Standard Range AWD,2021,electric,,22.6
Ford,Mustang Mach-E Standard Range AWD,2022,electric,,22.6
Ford,Mustang Mach-E Standard Range AWD,2023,electric,,22.6
Ford,Mustang Mach-E Standard Range AWD,2024,electric,,22.9
Ford,Mustang Mach-E Standard Range AWD,2025,electric,,22.2
Ford,Mustang Mach-E Standard Range AWD,2026,electric,,22.3
Ford,Mustang Mach-E Standard Range AWD (LFP),2023,electric,,22.6
Ford,Ranger,2005,petrol,2.3,9.25
Ford,Ranger,2005,petrol,3.0,11.6
Ford,Ranger,2005,petrol,4.0,11.95
Ford,Ranger,2006,petrol,2.3,9.25
Ford,Ranger,2006,petrol,3.0,11.75
Ford,Ranger,2006,petrol,4.0,12.05
Ford,Ranger,2007,petrol,2.3,9.35
Ford,Ranger,2007,petrol,3.0,12.0
Ford,Ranger,2007,petrol,4.0,12.25
Ford,Ranger,2008,petrol,2.3,9.35
Ford,Ranger,2008,petrol,3.0,11.9
Ford,Ranger,2008,petrol,4.0,12.25
Ford,Ranger,2009,petrol,2.3,9.2
Ford,Ranger,2009,petrol,4.0,11.9
Ford,Ranger,2010,petrol,2.3,9.2
Ford,Ranger,2010,petrol,4.0,11.85
Ford,Ranger,2011,petrol,2.3,9.65
Ford,Ranger,2011,petrol,4.0,12.0
Ford,Ranger 4WD,2019,petrol,2.3,10.9
Ford,Ranger 4WD,2020,petrol,2.3,10.9
Ford,Ranger 4WD,2021,petrol,2.3,10.9
Ford,Ranger 4WD,2022,petrol,2.3,10.9
Ford,Ranger 4WD,2023,petrol,2.3,10.8
Ford,Ranger 4WD,2024,petrol,2.3,11.0
Ford,Ranger 4WD,2024,petrol,2.7,11.5
Ford,Ranger 4WD,2025,petrol,2.3,10.7
Ford,Ranger 4WD,2025,petrol,2.7,11.5
Ford,Ranger 4WD,2026,petrol,2.3,11.2
Ford,Ranger 4WD,2026,petrol,2.7,11.6
Ford,Ranger 4WD (Without Stop-Start),2022,petrol,2.3,11.2
Ford,Ranger 4WD (Without Stop-Start),2023,petrol,2.3,11.1
Ford,Ranger 4WD Tremor,2021,petrol,2.3,12.2
Ford,Ranger 4WD Tremor,2022,petrol,2.3,12.4
Ford,Ranger 4X4,2005,petrol,4.0,13.35
Ford,Ranger 4X4,2006,petrol,4.0,13.3
Ford,Ranger 4X4,2007,petrol,4.0,13.25
Ford,Ranger 4X4,2008,petrol,3.0,12.7
Ford,Ranger 4X4,2008,petrol,4.0,13.35
Ford,Ranger 4X4,2009,petrol,4.0,13.05
Ford,Ranger 4X4,2010,petrol,4.0,12.9
Ford,Ranger 4X4,2011,petrol,4.0,12.8
Ford,Ranger Raptor 4WD,2024,petrol,3.0,14.0
Ford,Ranger Raptor 4WD,2025,petrol,3.0,14.0
Ford,Ranger Raptor 4WD,2026,petrol,3.0,14.0
Ford,Ranger Tremor 4WD,2023,petrol,2.3,12.4
Ford,Shelby GT350 Mustang,2016,petrol,5.2,14.2
Ford,Shelby GT350 Mustang,2017,petrol,5.2,14.6
Ford,Shelby GT350 Mustang,2018,petrol,5.2,14.6
Ford,Shelby GT350 Mustang,2019,petrol,5.2,14.6
Ford,Shelby GT350 Mustang,2020,petrol,5.2,14.5
Ford,Shelby GT500 Mustang,2020,petrol,5.2,16.7
Ford,Shelby GT500 Mustang,2021,petrol,5.2,16.7
Ford,Shelby GT500 Mustang,2022,petrol,5.2,16.7
Ford,T-150 Wagon,2015,petrol,3.5,14.7
Ford,T-150 Wagon,2016,petrol,3.5,14.6
Ford,T-150 Wagon,2017,petrol,3.5,14.6
Ford,T-150 Wagon,2018,petrol,3.5,14.7
Ford,T-150 Wagon,2018,petrol,3.7,15.1
Ford,T-150 Wagon,2019,petrol,3.5,14.7
Ford,T-150 Wagon,2019,petrol,3.7,15.2
Ford,T-150 Wagon FFV,2015,petrol,3.7,14.8
Ford,T-150 Wagon FFV,2016,petrol,3.7,15.2
Ford,T-150 Wagon FFV,2017,petrol,3.7,15.1
Ford,T-150 Wagon FFV,2020,petrol,3.5,14.5
Ford,T-150 Wagon FFV,2021,petrol,3.5,14.5
Ford,T-150 Wagon FFV 4WD,2020,petrol,3.5,15.0
Ford,T-150 Wagon FFV 4WD,2021,petrol,3.5,15.1
Ford,Taurus,2005,petrol,3.0,10.1
Ford,Taurus,2006,petrol,3.0,10.1
Ford,Taurus,2007,petrol,3.0,10.1
Ford,Taurus,2008,petrol,3.5,9.5
Ford,Taurus,2009,petrol,3.5,9.7
Ford,Taurus,2010,petrol,3.5,9.65
Ford,Taurus,2011,petrol,3.5,9.65
Ford,Taurus,2012,petrol,3.5,9.75
Ford,Taurus,2013,petrol,2.0,7.9
Ford,Taurus,2014,petrol,2.0,7.8
Ford,Taurus,2015,petrol,2.0,9.1
Ford,Taurus,2016,petrol,2.0,10.1
Ford,Taurus,2017,petrol,2.0,10.1
Ford,Taurus #,2005,petrol,3.0,10.1
Ford,Taurus AWD,2008,petrol,3.5,10.7
Ford,Taurus AWD,2009,petrol,3.5,10.7
Ford,Taurus AWD,2010,petrol,3.5,10.35
Ford,Taurus AWD,2011,petrol,3.5,10.3
Ford,Taurus AWD,2012,petrol,3.5,10.2
Ford,Taurus AWD,2013,petrol,3.5,10.2
Ford,Taurus AWD,2014,petrol,3.5,10.3
Ford,Taurus AWD,2015,petrol,3.5,11.9
Ford,Taurus AWD,2016,petrol,3.5,12.5
Ford,Taurus AWD,2017,petrol,3.5,12.5
Ford,Taurus AWD,2018,petrol,3.5,12.5
Ford,Taurus AWD,2019,petrol,3.5,12.5
Ford,Taurus AWD Turbo,2011,petrol,3.5,10.5
Ford,Taurus AWD Turbo,2012,petrol,3.5,10.5
Ford,Taurus FFV,2005,petrol,3.0,10.3
Ford,Taurus FFV,2013,petrol,3.5,9.0
Ford,Taurus FFV,2014,petrol,3.5,9.0
Ford,Taurus FFV,2015,petrol,3.5,10.4
Ford,Taurus FFV,2016,petrol,3.5,11.1
Ford,Taurus FFV,2017,petrol,3.5,11.1
Ford,Taurus FFV,2018,petrol,3.5,11.1
Ford,Taurus FFV,2019,petrol,3.5,11.5
Ford,Taurus FFV AWD,2013,petrol,3.5,9.8
Ford,Taurus FFV AWD,2014,petrol,3.5,9.8
Ford,Taurus FFV AWD,2015,petrol,3.5,11.3
Ford,Taurus FFV AWD,2016,petrol,3.5,12.4
Ford,Taurus FFV AWD,2017,petrol,3.5,12.4
Ford,Taurus FFV AWD,2018,petrol,3.5,12.4
Ford,Taurus FFV AWD,2019,petrol,3.5,12.4
Ford,Taurus Wagon,2005,petrol,3.0,10.6
Ford,Taurus Wagon #,2005,petrol,3.0,10.6
Ford,Taurus Wagon FFV,2005,petrol,3.0,10.7
Ford,Taurus X,2008,petrol,3.5,10.8
Ford,Taurus X,2009,petrol,3.5,10.8
Ford,Taurus X AWD,2008,petrol,3.5,11.6
Ford,Taurus X AWD,2009,petrol,3.5,11.6
Ford,Thunderbird,2005,petrol,3.9,11.3
Ford,Thunderbird SST,2005,petrol,3.9,11.4
Ford,Transit Connect,2010,petrol,2.0,8.8
Ford,Transit Connect,2011,petrol,2.0,9.0
Ford,Transit Connect,2014,petrol,1.6,8.2
Ford,Transit Connect,2014,petrol,2.5,8.6
Ford,Transit Connect Taxi,2014,petrol,1.6,8.7
Ford,Transit Connect Van,2012,petrol,2.0,8.8
Ford,Transit Connect Van,2013,petrol,2.0,8.8
Ford,Transit Connect Van,2015,petrol,1.6,9.4
Ford,Transit Connect Van,2015,petrol,2.5,9.9
Ford,Transit Connect Van,2016,petrol,1.6,9.5
Ford,Transit Connect Van,2016,petrol,2.5,10.4
Ford,Transit Connect Van,2019,petrol,2.0,9.3
Ford,Transit Connect Van,2019,petrol,2.5,10.6
Ford,Transit Connect Van,2021,petrol,2.0,9.3
Ford,Transit Connect Van,2021,petrol,2.5,10.6
Ford,Transit Connect Van,2022,petrol,2.0,9.4
Ford,Transit Connect Van,2022,petrol,2.5,10.6
Ford,Transit Connect Van,2023,petrol,2.0,9.4
Ford,Transit Connect Van FFV,2016,petrol,2.5,10.4
Ford,Transit Connect Van FFV,2017,petrol,2.5,10.4
Ford,Transit Connect Van FFV,2018,petrol,2.5,10.4
Ford,Transit Connect Van FFV,2019,petrol,2.0,9.3
Ford,Transit Connect Van FFV,2020,petrol,2.0,9.3
Ford,Transit Connect Van FFV,2021,petrol,2.0,9.3
Ford,Transit Connect Van FFV,2022,petrol,2.0,9.4
Ford,Transit Connect Van LWB,2020,petrol,2.0,9.3
Ford,Transit Connect Van LWB,2020,petrol,2.5,10.6
Ford,Transit Connect Wagon,2012,petrol,2.0,8.6
Ford,Transit Connect Wagon,2013,petrol,2.0,8.6
Ford,Transit Connect Wagon,2014,petrol,2.5,9.0
Ford,Transit Connect Wagon,2015,petrol,2.5,10.2
Ford,Transit Connect Wagon,2016,petrol,2.5,10.7
Ford,Transit Connect Wagon FFV,2016,petrol,2.5,10.7
Ford,Transit Connect Wagon LWB,2016,petrol,2.5,10.7
Ford,Transit Connect Wagon LWB,2019,petrol,2.0,9.2
Ford,Transit Connect Wagon LWB,2019,petrol,2.5,10.7
Ford,Transit Connect Wagon LWB,2020,petrol,2.0,9.2
Ford,Transit Connect Wagon LWB,2020,petrol,2.5,10.7
Ford,Transit Connect Wagon LWB,2021,petrol,2.0,9.2
Ford,Transit Connect Wagon LWB,2021,petrol,2.5,10.7
Ford,Transit Connect Wagon LWB,2022,petrol,2.0,9.2
Ford,Transit Connect Wagon LWB,2022,petrol,2.5,10.6
Ford,Transit Connect Wagon LWB,2023,petrol,2.0,9.2
Ford,Transit Connect Wagon LWB FFV,2016,petrol,2.5,10.7
Ford,Transit Connect Wagon LWB FFV,2017,petrol,2.5,10.8
Ford,Transit Connect Wagon LWB FFV,2018,petrol,2.5,10.7
Ford,Transit Connect Wagon LWB FFV,2019,petrol,2.0,9.2
Ford,Transit Connect Wagon LWB FFV,2020,petrol,2.0,9.2
Ford,Transit Connect Wagon LWB FFV,2021,petrol,2.0,9.2
Ford,Transit Connect Wagon LWB FFV,2022,petrol,2.0,9.2
Ford,Transit Connect Wagon Taxi,2015,petrol,2.5,10.4
GMC,Acadia,2007,petrol,3.6,10.9
GMC,Acadia,2008,petrol,3.6,10.9
GMC,Acadia,2009,petrol,3.6,10.8
GMC,Acadia,2010,petrol,3.6,10.8
GMC,Acadia,2011,petrol,3.6,10.8
GMC,Acadia,2012,petrol,3.6,10.8
GMC,Acadia,2013,petrol,3.6,10.8
GMC,Acadia,2014,petrol,3.6,10.8
GMC,Acadia,2015,petrol,3.6,12.3
GMC,Acadia,2016,petrol,3.6,13.4
GMC,Acadia,2017,petrol,2.5,10.2
GMC,Acadia,2017,petrol,3.6,11.3
GMC,Acadia,2018,petrol,2.5,10.2
GMC,Acadia,2018,petrol,3.6,11.4
GMC,Acadia,2019,petrol,2.5,10.2
GMC,Acadia,2019,petrol,3.6,11.4
GMC,Acadia,2020,petrol,2.0,9.8
GMC,Acadia,2020,petrol,2.5,10.2
GMC,Acadia,2020,petrol,3.6,10.9
GMC,Acadia,2021,petrol,2.0,9.4
GMC,Acadia,2021,petrol,2.5,10.2
GMC,Acadia,2021,petrol,3.6,10.7
GMC,Acadia,2022,petrol,2.0,9.4
GMC,Acadia,2022,petrol,3.6,10.7
GMC,Acadia AWD,2007,petrol,3.6,11.5
GMC,Acadia AWD,2008,petrol,3.6,11.5
GMC,Acadia AWD,2009,petrol,3.6,11.1
GMC,Acadia AWD,2010,petrol,3.6,11.1
GMC,Acadia AWD,2011,petrol,3.6,11.1
GMC,Acadia AWD,2012,petrol,3.6,11.1
GMC,Acadia AWD,2013,petrol,3.6,11.2
GMC,Acadia AWD,2014,petrol,3.6,11.2
GMC,Acadia AWD,2015,petrol,3.6,12.6
GMC,Acadia AWD,2016,petrol,3.6,13.7
GMC,Acadia AWD,2017,petrol,2.5,10.4
GMC,Acadia AWD,2017,petrol,3.6,11.6
GMC,Acadia AWD,2018,petrol,2.5,10.4
GMC,Acadia AWD,2018,petrol,3.6,11.7
GMC,Acadia AWD,2019,petrol,2.5,10.5
GMC,Acadia AWD,2019,petrol,3.6,11.7
GMC,Acadia AWD,2020,petrol,2.0,10.1
GMC,Acadia AWD,2020,petrol,3.6,11.4
GMC,Acadia AWD,2021,petrol,2.0,9.7
GMC,Acadia AWD,2021,petrol,3.6,10.9
GMC,Acadia AWD,2022,petrol,2.0,9.9
GMC,Acadia AWD,2022,petrol,3.6,11.0
GMC,Acadia AWD,2023,petrol,2.0,9.9
GMC,Acadia AWD,2023,petrol,3.6,11.0
GMC,Acadia AWD,2024,petrol,2.5,11.3
GMC,Acadia AWD,2025,petrol,2.5,11.2
GMC,Acadia AWD,2026,petrol,2.5,11.2
GMC,C1500 Sierra,2005,petrol,4.3,13.0
GMC,C1500 Sierra,2005,petrol,4.8,12.7
GMC,C1500 Sierra,2005,petrol,5.3,13.0
GMC,C1500 Sierra,2005,petrol,6.0,14.5
GMC,C1500 Sierra,2006,petrol,4.3,12.85
GMC,C1500 Sierra,2006,petrol,4.8,12.5
GMC,C1500 Sierra,2006,petrol,5.3,13.0
GMC,C1500 Sierra,2006,petrol,6.0,13.6
GMC,C1500 Sierra FFV,2005,petrol,5.3,12.7
GMC,C1500 Sierra FFV,2006,petrol,5.3,12.7
GMC,C1500 Sierra Hybrid,2005,hybrid,5.3,11.9
GMC,C1500 Sierra Hybrid,2006,hybrid,5.3,12.0
GMC,C1500 Yukon,2005,petrol,4.8,13.2
GMC,C1500 Yukon,2005,petrol,5.3,14.4
GMC,C1500 Yukon,2006,petrol,4.8,13.2
GMC,C1500 Yukon,2006,petrol,5.3,13.7
GMC,C1500 Yukon FFV,2005,petrol,5.3,15.8
GMC,C1500 Yukon FFV,2006,petrol,5.3,14.4
GMC,C1500 Yukon XL,2005,petrol,5.3,14.2
GMC,C1500 Yukon XL,2006,petrol,5.3,14.3
GMC,C1500 Yukon XL FFV,2005,petrol,5.3,14.1
GMC,C1500 Yukon XL FFV,2006,petrol,5.3,14.3
GMC,Canyon,2005,petrol,2.8,10.8
GMC,Canyon,2005,petrol,3.5,11.15
GMC,Canyon,2006,petrol,2.8,11.0
GMC,Canyon,2006,petrol,3.5,10.95
GMC,Canyon,2007,petrol,2.9,11.05
GMC,Canyon,2007,petrol,3.7,11.7
GMC,Canyon,2008,petrol,2.9,10.35
GMC,Canyon,2008,petrol,3.7,11.7
GMC,Canyon,2009,petrol,2.9,10.1
GMC,Canyon,2009,petrol,3.7,10.8
GMC,Canyon,2009,petrol,5.3,11.8
GMC,Canyon,2010,petrol,2.9,9.9
GMC,Canyon,2010,petrol,3.7,10.8
GMC,Canyon,2010,petrol,5.3,12.4
GMC,Canyon,2011,petrol,2.9,9.8
GMC,Canyon,2011,petrol,3.7,10.8
GMC,Canyon,2011,petrol,5.3,12.4
GMC,Canyon,2012,petrol,2.9,9.85
GMC,Canyon,2012,petrol,3.7,10.8
GMC,Canyon,2012,petrol,5.3,12.4
GMC,Canyon,2015,petrol,2.5,10.65
GMC,Canyon,2015,petrol,3.6,11.3
GMC,Canyon,2016,diesel,2.8,9.4
GMC,Canyon,2016,petrol,2.5,10.65
GMC,Canyon,2016,petrol,3.6,11.3
GMC,Canyon,2017,diesel,2.8,9.5
GMC,Canyon,2017,petrol,2.5,10.8
GMC,Canyon,2017,petrol,3.6,11.7
GMC,Canyon,2018,diesel,2.8,9.6
GMC,Canyon,2018,petrol,2.5,10.75
GMC,Canyon,2018,petrol,3.6,11.7
GMC,Canyon,2019,diesel,2.8,10.1
GMC,Canyon,2019,petrol,2.5,10.75
GMC,Canyon,2019,petrol,3.6,11.7
GMC,Canyon,2020,diesel,2.8,10.1
GMC,Canyon,2020,petrol,2.5,10.8
GMC,Canyon,2020,petrol,3.6,11.7
GMC,Canyon,2021,diesel,2.8,10.1
GMC,Canyon,2021,petrol,2.5,10.9
GMC,Canyon,2021,petrol,3.6,11.3
GMC,Canyon,2022,diesel,2.8,10.1
GMC,Canyon,2022,petrol,2.5,10.9
GMC,Canyon,2022,petrol,3.6,11.3
GMC,Canyon,2023,petrol,2.7,11.8
GMC,Canyon,2024,petrol,2.7,11.5
GMC,Canyon,2025,petrol,2.7,11.5
GMC,Canyon,2026,petrol,2.7,11.4
GMC,Canyon 4WD,2010,petrol,2.9,10.3
GMC,Canyon 4WD,2010,petrol,3.7,11.1
GMC,Canyon 4WD,2010,petrol,5.3,13.1
GMC,Canyon 4WD,2011,petrol,2.9,10.3
GMC,Canyon 4WD,2011,petrol,3.7,11.2
GMC,Canyon 4WD,2011,petrol,5.3,13.1
GMC,Canyon 4WD,2012,petrol,2.9,10.3
GMC,Canyon 4WD,2012,petrol,3.7,11.2
GMC,Canyon 4WD,2012,petrol,5.3,13.0
GMC,Canyon 4WD,2015,petrol,2.5,11.3
GMC,Canyon 4WD,2015,petrol,3.6,11.8
GMC,Canyon 4WD,2016,diesel,2.8,10.3
GMC,Canyon 4WD,2016,petrol,2.5,11.3
GMC,Canyon 4WD,2016,petrol,3.6,11.9
GMC,Canyon 4WD,2017,diesel,2.8,10.4
GMC,Canyon 4WD,2017,petrol,2.5,11.3
GMC,Canyon 4WD,2017,petrol,3.6,12.2
GMC,Canyon 4WD,2018,diesel,2.8,10.4
GMC,Canyon 4WD,2018,petrol,2.5,11.3
GMC,Canyon 4WD,2018,petrol,3.6,12.2
GMC,Canyon 4WD,2019,diesel,2.8,10.5
GMC,Canyon 4WD,2019,petrol,2.5,11.4
GMC,Canyon 4WD,2019,petrol,3.6,12.2
GMC,Canyon 4WD,2020,diesel,2.8,10.6
GMC,Canyon 4WD,2020,petrol,2.5,11.3
GMC,Canyon 4WD,2020,petrol,3.6,12.2
GMC,Canyon 4WD,2021,diesel,2.8,10.5
GMC,Canyon 4WD,2021,petrol,2.5,11.4
GMC,Canyon 4WD,2021,petrol,3.6,13.1
GMC,Canyon 4WD,2022,diesel,2.8,10.5
GMC,Canyon 4WD,2022,petrol,2.5,11.4
GMC,Canyon 4WD,2022,petrol,3.6,12.1
GMC,Canyon 4WD,2023,petrol,2.7,12.4
GMC,Canyon 4WD,2024,petrol,2.7,12.2
GMC,Canyon 4WD,2025,petrol,2.7,12.4
GMC,Canyon 4WD,2026,petrol,2.7,12.3
GMC,Canyon 4WD Mud Terrain Tire,2023,petrol,2.7,13.1
GMC,Canyon 4WD Mud Terrain Tire,2024,petrol,2.7,13.1
GMC,Canyon 4X4,2005,petrol,2.8,11.6
GMC,Canyon 4X4,2005,petrol,3.5,11.7
GMC,Canyon 4X4,2006,petrol,2.8,11.95
GMC,Canyon 4X4,2006,petrol,3.5,11.65
GMC,Canyon 4X4,2007,petrol,2.9,11.85
GMC,Canyon 4X4,2007,petrol,3.7,12.2
GMC,Canyon 4X4,2008,petrol,2.9,11.05
GMC,Canyon 4X4,2008,petrol,3.7,12.2
GMC,Canyon 4X4,2009,petrol,2.9,10.45
GMC,Canyon 4X4,2009,petrol,3.7,11.0
GMC,Canyon 4X4,2009,petrol,5.3,12.9
GMC,Canyon AT4X 4WD,2023,petrol,2.7,14.3
GMC,Canyon AT4X 4WD,2024,petrol,2.7,14.0
GMC,Canyon AT4X 4WD,2025,petrol,2.7,14.0
GMC,Canyon AT4X 4WD,2026,petrol,2.7,14.0
GMC,Canyon AT4X AEV 4WD,2024,petrol,2.7,14.9
GMC,Canyon AT4X AEV 4WD,2025,petrol,2.7,14.9
GMC,Canyon AT4X AEV 4WD,2026,petrol,2.7,14.9
GMC,Canyon Chassis Cab,2006,petrol,3.5,12.1
GMC,Canyon Chassis Cab,2007,petrol,3.7,13.3
GMC,Canyon Chassis Cab,2008,petrol,3.7,13.8
GMC,Canyon Chassis Cab,2009,petrol,3.7,12.1
GMC,Canyon Chassis Cab,2010,petrol,3.7,12.3
GMC,Canyon Chassis Cab,2011,petrol,3.7,12.1
GMC,Canyon Chassis Cab,2012,petrol,3.7,12.1
GMC,Canyon Chassis Cab 4WD,2010,petrol,3.7,11.5
GMC,Canyon Chassis Cab 4WD,2011,petrol,3.7,11.5
GMC,Canyon Chassis Cab 4WD,2012,petrol,3.7,11.5
GMC,Canyon Chassis Cab 4X4,2008,petrol,3.7,12.4
GMC,Canyon Chassis Cab 4X4,2009,petrol,3.7,11.6
GMC,Canyon Crew Cab,2006,petrol,2.8,11.0
GMC,Canyon Crew Cab,2006,petrol,3.5,10.9
GMC,Canyon Crew Cab,2007,petrol,2.9,11.05
GMC,Canyon Crew Cab,2007,petrol,3.7,11.7
GMC,Canyon Crew Cab,2008,petrol,2.9,10.35
GMC,Canyon Crew Cab,2008,petrol,3.7,11.7
GMC,Canyon Crew Cab,2009,petrol,2.9,10.1
GMC,Canyon Crew Cab,2009,petrol,3.7,10.9
GMC,Canyon Crew Cab,2009,petrol,5.3,11.8
GMC,Canyon Crew Cab,2010,petrol,2.9,9.9
GMC,Canyon Crew Cab,2010,petrol,3.7,10.9
GMC,Canyon Crew Cab,2010,petrol,5.3,12.4
GMC,Canyon Crew Cab,2011,petrol,2.9,9.85
GMC,Canyon Crew Cab,2011,petrol,3.7,10.9
GMC,Canyon Crew Cab,2011,petrol,5.3,12.4
GMC,Canyon Crew Cab,2012,petrol,2.9,9.85
GMC,Canyon Crew Cab,2012,petrol,3.7,10.9
GMC,Canyon Crew Cab,2012,petrol,5.3,12.4
GMC,Canyon Crew Cab 4WD,2010,petrol,3.7,11.5
GMC,Canyon Crew Cab 4WD,2010,petrol,5.3,13.1
GMC,Canyon Crew Cab 4WD,2011,petrol,3.7,11.5
GMC,Canyon Crew Cab 4WD,2011,petrol,5.3,13.1
GMC,Canyon Crew Cab 4WD,2012,petrol,3.7,11.5
GMC,Canyon Crew Cab 4WD,2012,petrol,5.3,13.0
GMC,Canyon Crew Cab 4X4,2006,petrol,2.8,11.95
GMC,Canyon Crew Cab 4X4,2006,petrol,3.5,12.1
GMC,Canyon Crew Cab 4X4,2007,petrol,3.7,12.4
GMC,Canyon Crew Cab 4X4,2008,petrol,3.7,12.4
GMC,Canyon Crew Cab 4X4,2009,petrol,3.7,11.6
GMC,Canyon Crew Cab 4X4,2009,petrol,5.3,12.9
GMC,Envoy,2005,petrol,4.2,13.0
GMC,Envoy,2005,petrol,5.3,13.5
GMC,Envoy,2006,petrol,4.2,12.6
GMC,Envoy,2006,petrol,5.3,12.5
GMC,Envoy,2007,petrol,4.2,12.6
GMC,Envoy,2007,petrol,5.3,12.5
GMC,Envoy,2008,petrol,5.3,12.5
GMC,Envoy 4X4,2005,petrol,4.2,13.3
GMC,Envoy 4X4,2006,petrol,4.2,13.7
GMC,Envoy 4X4,2006,petrol,5.3,13.0
GMC,Envoy 4X4,2007,petrol,4.2,12.9
GMC,Envoy 4X4,2007,petrol,5.3,13.0
GMC,Envoy 4X4,2008,petrol,4.2,13.0
GMC,Envoy 4X4,2008,petrol,5.3,12.8
GMC,Envoy 4X4,2009,petrol,4.2,12.9
GMC,Envoy 4X4,2009,petrol,5.3,12.6
GMC,Envoy XL,2005,petrol,4.2,13.9
GMC,Envoy XL,2005,petrol,5.3,13.5
GMC,Envoy XL,2006,petrol,4.2,13.5
GMC,Envoy XL,2006,petrol,5.3,12.5
GMC,Envoy XL 4X4,2005,petrol,4.2,14.8
GMC,Envoy XL 4X4,2005,petrol,5.3,14.3
GMC,Envoy XL 4X4,2006,petrol,4.2,14.1
GMC,Envoy XL 4X4,2006,petrol,5.3,13.8
GMC,Envoy XUV,2005,petrol,4.2,13.9
GMC,Envoy XUV,2005,petrol,5.3,13.1
GMC,Envoy XUV 4X4,2005,petrol,4.2,14.8
GMC,Envoy XUV 4X4,2005,petrol,5.3,14.3
GMC,G15 Savana Cargo,2006,petrol,4.3,14.3
GMC,G15 Savana Cargo,2006,petrol,5.3,13.0
GMC,G15 Savana Cargo Conv,2006,petrol,4.3,14.4
GMC,G15 Savana Cargo Conv,2006,petrol,5.3,14.3
GMC,G15 Savana Passenger,2005,petrol,4.3,14.6
GMC,G15 Savana Passenger,2005,petrol,5.3,14.2
GMC,G15 Savana Passenger,2006,petrol,4.3,13.7
GMC,G15 Savana Passenger,2006,petrol,5.3,14.3
GMC,G15/25 Savana Cargo,2005,petrol,4.3,14.3
GMC,G15/25 Savana Cargo,2005,petrol,5.3,14.1
GMC,H15 Savana Cargo AWD,2006,petrol,5.3,13.7
GMC,H15 Savana Cargo AWD Conv,2006,petrol,5.3,15.2
GMC,H15 Savana Passenger AWD,2005,petrol,5.3,15.2
GMC,H15 Savana Passenger AWD,2006,petrol,5.3,15.2
GMC,H15/25 Savana Cargo AWD,2005,petrol,5.3,14.5
GMC,HUMMER EV2X Pickup,2024,electric,,40.4
GMC,HUMMER EV2X Pickup,2025,electric,,39.7
GMC,HUMMER EV2X Pickup Mud Terrain Tire,2024,electric,,44.6
GMC,HUMMER EV2X Pickup Mud Terrain Tire,2025,electric,,44.6
GMC,HUMMER EV2X SUV,2024,electric,,41.0
GMC,HUMMER EV2X SUV,2025,electric,,39.7
GMC,HUMMER EV2X SUV Mud Terrain Tire,2024,electric,,44.6
GMC,HUMMER EV2X SUV Mud Terrain Tire,2025,electric,,44.6
GMC,HUMMER EV3X Pickup (20M Battery),2025,electric,,40.5
GMC,HUMMER EV3X Pickup Mud Terrain Tire (20M Battery),2025,electric,,43.7
GMC,HUMMER EV3X SUV,2024,electric,,39.4
GMC,HUMMER EV3X SUV,2025,electric,,40.5
GMC,HUMMER EV3X SUV Mud Terrain Tire,2024,electric,,41.6
GMC,HUMMER EV3X SUV Mud Terrain Tire,2025,electric,,43.7
GMC,Jimmy 4X4,2005,petrol,4.3,14.3
GMC,K1500 Sierra 4X4,2005,petrol,4.3,14.45
GMC,K1500 Sierra 4X4,2005,petrol,4.8,13.7
GMC,K1500 Sierra 4X4,2005,petrol,5.3,13.9
GMC,K1500 Sierra 4X4,2006,petrol,4.3,13.9
GMC,K1500 Sierra 4X4,2006,petrol,4.8,13.8
GMC,K1500 Sierra 4X4,2006,petrol,5.3,13.7
GMC,K1500 Sierra 4X4,2006,petrol,6.0,15.1
GMC,K1500 Sierra 4X4 FFV,2005,petrol,5.3,14.5
GMC,K1500 Sierra Denali AWD,2005,petrol,6.0,17.6
GMC,K1500 Sierra Denali AWD,2006,petrol,6.0,15.2
GMC,K1500 Sierra FFV 4X4,2006,petrol,5.3,13.6
GMC,K1500 Sierra Hybrid 4X4,2005,hybrid,5.3,13.0
GMC,K1500 Sierra Hybrid 4X4,2006,hybrid,5.3,13.0
GMC,K1500 Yukon 4X4,2005,petrol,4.8,13.4
GMC,K1500 Yukon 4X4,2005,petrol,5.3,15.0
GMC,K1500 Yukon 4X4,2006,petrol,5.3,15.2
GMC,K1500 Yukon 4X4 FFV,2005,petrol,5.3,15.8
GMC,K1500 Yukon AWD,2005,petrol,5.3,15.2
GMC,K1500 Yukon AWD FFV,2005,petrol,5.3,15.8
GMC,K1500 Yukon Denali AWD,2005,petrol,6.0,17.6
GMC,K1500 Yukon Denali AWD,2006,petrol,6.0,15.2
GMC,K1500 Yukon Denali XL AWD,2005,petrol,6.0,17.6
GMC,K1500 Yukon Denali XL AWD,2006,petrol,6.0,15.2
GMC,K1500 Yukon FFV 4X4,2006,petrol,5.3,15.1
GMC,K1500 Yukon XL 4X4,2005,petrol,5.3,15.2
GMC,K1500 Yukon XL 4X4,2006,petrol,5.3,15.2
GMC,K1500 Yukon XL 4X4 FFV,2005,petrol,5.3,15.8
GMC,K1500 Yukon XL AWD,2005,petrol,5.3,15.2
GMC,K1500 Yukon XL AWD FFV,2005,petrol,5.3,15.8
GMC,K1500 Yukon XL FFV 4X4,2006,petrol,5.3,15.1
GMC,Safari Cargo,2005,petrol,4.3,12.7
GMC,Safari Cargo AWD,2005,petrol,4.3,15.2
GMC,Safari Passenger,2005,petrol,4.3,12.6
GMC,Safari Passenger AWD,2005,petrol,4.3,15.2
GMC,Savana 1500 Cargo,2012,petrol,4.3,12.3
GMC,Savana 1500 Cargo,2012,petrol,5.3,14.1
GMC,Savana 1500 Cargo,2013,petrol,4.3,12.3
GMC,Savana 1500 Cargo,2013,petrol,5.3,14.1
GMC,Savana 1500 Cargo,2014,petrol,4.3,13.3
GMC,Savana 1500 Cargo,2014,petrol,5.3,14.1
GMC,Savana 1500 Cargo AWD,2012,petrol,5.3,14.5
GMC,Savana 1500 Cargo AWD,2013,petrol,5.3,14.5
GMC,Savana 1500 Cargo AWD,2014,petrol,5.3,14.5
GMC,Savana 1500 Cargo Conv,2012,petrol,5.3,14.6
GMC,Savana 1500 Cargo Conv,2013,petrol,5.3,14.6
GMC,Savana 1500 Cargo Conv,2014,petrol,5.3,14.6
GMC,Savana 1500 Cargo Conv AWD,2012,petrol,5.3,14.5
GMC,Savana 1500 Cargo Conv AWD,2013,petrol,5.3,14.5
GMC,Savana 1500 Cargo Conv AWD,2014,petrol,5.3,14.5
GMC,Savana 1500 Passenger,2012,petrol,5.3,14.6
GMC,Savana 1500 Passenger,2013,petrol,5.3,14.6
GMC,Savana 1500 Passenger,2014,petrol,5.3,14.6
GMC,Savana 1500 Passenger AWD,2012,petrol,5.3,14.5
GMC,Savana 1500 Passenger AWD,2013,petrol,5.3,14.5
GMC,Savana 1500 Passenger AWD,2014,petrol,5.3,14.5
GMC,Savana 2500 Passenger,2011,petrol,4.8,16.0
GMC,Savana 2500 Passenger,2011,petrol,6.0,16.7
GMC,Savana 2500 Passenger,2012,petrol,4.8,16.0
GMC,Savana 2500 Passenger,2012,petrol,6.0,16.7
GMC,Savana 2500 Passenger,2013,petrol,4.8,16.0
GMC,Savana 2500 Passenger,2013,petrol,6.0,16.7
GMC,Savana 2500 Passenger,2014,petrol,4.8,16.0
GMC,Savana 2500 Passenger,2014,petrol,6.0,16.7
GMC,Savana 2500 Passenger,2015,petrol,4.8,18.0
GMC,Savana 2500 Passenger,2015,petrol,6.0,18.8
GMC,Savana 2500 Passenger,2016,petrol,6.0,18.8
GMC,Savana 2500 Passenger,2017,petrol,6.0,18.6
GMC,Savana 2500 Passenger FFV,2015,petrol,6.0,18.8
GMC,Savana 3500 Passenger,2011,petrol,6.0,16.9
GMC,Savana 3500 Passenger,2012,petrol,4.8,16.0
GMC,Savana 3500 Passenger,2012,petrol,6.0,17.0
GMC,Savana 3500 Passenger,2013,petrol,4.8,16.0
GMC,Savana 3500 Passenger,2013,petrol,6.0,17.0
GMC,Savana 3500 Passenger,2014,petrol,4.8,16.1
GMC,Savana 3500 Passenger,2014,petrol,6.0,16.8
GMC,Savana 3500 Passenger,2015,petrol,4.8,18.1
GMC,Savana 3500 Passenger,2015,petrol,6.0,19.0
GMC,Savana 3500 Passenger,2016,petrol,6.0,19.8
GMC,Savana 3500 Passenger,2017,petrol,6.0,19.0
GMC,Savana 3500 Passenger FFV,2015,petrol,6.0,19.0
GMC,Savana Cargo,2007,petrol,4.3,14.0
GMC,Savana Cargo,2007,petrol,5.3,12.8
GMC,Savana Cargo,2008,petrol,4.3,12.3
GMC,Savana Cargo,2008,petrol,5.3,13.6
GMC,Savana Cargo,2009,petrol,4.3,12.3
GMC,Savana Cargo,2009,petrol,5.3,13.5
GMC,Savana Cargo,2010,petrol,4.3,12.3
GMC,Savana Cargo,2010,petrol,5.3,14.1
GMC,Savana Cargo,2011,petrol,4.3,12.3
GMC,Savana Cargo,2011,petrol,5.3,14.1
GMC,Savana Cargo AWD,2007,petrol,5.3,13.9
GMC,Savana Cargo AWD,2008,petrol,5.3,14.0
GMC,Savana Cargo AWD,2009,petrol,5.3,13.9
GMC,Savana Cargo AWD,2010,petrol,5.3,14.5
GMC,Savana Cargo AWD,2011,petrol,5.3,14.5
GMC,Savana Cargo AWD FFV,2007,petrol,5.3,14.3
GMC,Savana Cargo AWD FFV,2008,petrol,5.3,14.0
GMC,Savana Cargo AWD FFV,2009,petrol,5.3,13.9
GMC,Savana Cargo Conv,2007,petrol,5.3,14.2
GMC,Savana Cargo Conv,2008,petrol,5.3,14.3
GMC,Savana Cargo Conv,2009,petrol,5.3,14.2
GMC,Savana Cargo Conv,2010,petrol,5.3,14.6
GMC,Savana Cargo Conv,2011,petrol,5.3,14.6
GMC,Savana Cargo Conv AWD,2007,petrol,5.3,15.2
GMC,Savana Cargo Conv AWD,2008,petrol,5.3,14.8
GMC,Savana Cargo Conv AWD,2009,petrol,5.3,14.6
GMC,Savana Cargo Conv AWD,2010,petrol,5.3,14.5
GMC,Savana Cargo Conv AWD,2011,petrol,5.3,14.5
GMC,Savana Cargo Conv AWD FFV,2007,petrol,5.3,15.2
GMC,Savana Cargo Conv AWD FFV,2008,petrol,5.3,14.8
GMC,Savana Cargo Conv AWD FFV,2009,petrol,5.3,14.6
GMC,Savana Cargo Conv FFV,2007,petrol,5.3,14.7
GMC,Savana Cargo Conv FFV,2008,petrol,5.3,14.3
GMC,Savana Cargo Conv FFV,2009,petrol,5.3,14.2
GMC,Savana Cargo FFV,2007,petrol,5.3,13.1
GMC,Savana Cargo FFV,2008,petrol,5.3,13.6
GMC,Savana Cargo FFV,2009,petrol,5.3,13.5
GMC,Savana Passenger,2007,petrol,5.3,14.2
GMC,Savana Passenger,2008,petrol,5.3,14.3
GMC,Savana Passenger,2009,petrol,5.3,14.2
GMC,Savana Passenger,2010,petrol,5.3,14.6
GMC,Savana Passenger,2011,petrol,5.3,14.6
GMC,Savana Passenger AWD,2007,petrol,5.3,15.2
GMC,Savana Passenger AWD,2008,petrol,5.3,14.8
GMC,Savana Passenger AWD,2009,petrol,5.3,14.6
GMC,Savana Passenger AWD,2010,petrol,5.3,14.5
GMC,Savana Passenger AWD,2011,petrol,5.3,14.5
GMC,Savana Passenger AWD FFV,2007,petrol,5.3,15.2
GMC,Savana Passenger AWD FFV,2008,petrol,5.3,14.8
GMC,Savana Passenger AWD FFV,2009,petrol,5.3,14.6
GMC,Savana Passenger FFV,2007,petrol,5.3,14.7
GMC,Savana Passenger FFV,2008,petrol,5.3,14.3
GMC,Savana Passenger FFV,2009,petrol,5.3,14.2
GMC,Sierra,2007,petrol,4.3,12.3
GMC,Sierra,2007,petrol,4.8,12.9
GMC,Sierra,2007,petrol,5.3,12.3
GMC,Sierra,2007,petrol,6.0,13.7
GMC,Sierra,2008,petrol,4.3,12.2
GMC,Sierra,2008,petrol,4.8,13.1
GMC,Sierra,2008,petrol,5.3,12.3
GMC,Sierra,2008,petrol,6.0,14.2
GMC,Sierra,2009,petrol,4.3,12.2
GMC,Sierra,2009,petrol,4.8,12.9
GMC,Sierra,2009,petrol,5.3,12.45
GMC,Sierra,2009,petrol,6.0,12.9
GMC,Sierra,2010,petrol,4.3,12.3
GMC,Sierra,2010,petrol,4.8,13.1
GMC,Sierra,2010,petrol,5.3,12.0
GMC,Sierra,2010,petrol,6.2,14.1
GMC,Sierra,2011,petrol,4.3,12.3
GMC,Sierra,2011,petrol,4.8,13.1
GMC,Sierra,2011,petrol,5.3,12.1
GMC,Sierra,2011,petrol,6.2,14.3
GMC,Sierra,2012,petrol,4.3,12.2
GMC,Sierra,2012,petrol,4.8,13.1
GMC,Sierra,2012,petrol,5.3,12.1
GMC,Sierra,2012,petrol,6.2,14.3
GMC,Sierra,2013,petrol,4.3,12.2
GMC,Sierra,2013,petrol,4.8,13.1
GMC,Sierra,2013,petrol,5.3,12.1
GMC,Sierra,2013,petrol,6.2,14.3
GMC,Sierra,2014,petrol,4.3,10.4
GMC,Sierra,2014,petrol,5.3,11.0
GMC,Sierra,2014,petrol,6.2,12.4
GMC,Sierra,2015,petrol,4.3,11.9
GMC,Sierra,2015,petrol,5.3,12.7
GMC,Sierra,2015,petrol,6.2,14.0
GMC,Sierra,2016,petrol,5.3,12.7
GMC,Sierra,2016,petrol,6.2,14.0
GMC,Sierra,2017,petrol,5.3,12.9
GMC,Sierra,2017,petrol,6.2,13.8
GMC,Sierra,2018,petrol,5.3,12.9
GMC,Sierra,2018,petrol,6.2,13.8
GMC,Sierra,2019,petrol,2.7,11.1
GMC,Sierra,2019,petrol,4.3,13.5
GMC,Sierra,2019,petrol,5.3,13.2
GMC,Sierra,2020,diesel,3.0,9.1
GMC,Sierra,2020,petrol,2.7,11.1
GMC,Sierra,2020,petrol,4.3,13.5
GMC,Sierra,2020,petrol,5.3,13.05
GMC,Sierra,2021,diesel,3.0,9.1
GMC,Sierra,2021,petrol,2.7,11.2
GMC,Sierra,2021,petrol,4.3,13.5
GMC,Sierra,2021,petrol,5.3,13.05
GMC,Sierra,2022,diesel,3.0,9.1
GMC,Sierra,2022,petrol,2.7,11.6
GMC,Sierra,2022,petrol,5.3,13.2
GMC,Sierra,2023,diesel,3.0,9.2
GMC,Sierra,2023,petrol,2.7,12.0
GMC,Sierra,2023,petrol,5.3,12.9
GMC,Sierra,2024,diesel,3.0,9.2
GMC,Sierra,2024,petrol,2.7,12.0
GMC,Sierra,2024,petrol,5.3,13.4
GMC,Sierra,2025,diesel,3.0,9.3
GMC,Sierra,2025,petrol,2.7,12.5
GMC,Sierra,2025,petrol,5.3,13.5
GMC,Sierra,2026,diesel,3.0,9.3
GMC,Sierra,2026,petrol,2.7,12.5
GMC,Sierra,2026,petrol,5.3,13.6
GMC,Sierra (With Sport Mode),2024,petrol,2.7,12.5
GMC,Sierra (Without AFM),2021,petrol,5.3,14.3
GMC,Sierra (Without DFM),2021,petrol,5.3,13.7
GMC,Sierra 4WD,2010,petrol,4.3,13.3
GMC,Sierra 4WD,2010,petrol,4.8,13.9
GMC,Sierra 4WD,2010,petrol,5.3,12.2
GMC,Sierra 4WD,2010,petrol,6.2,14.5
GMC,Sierra 4WD,2011,petrol,4.3,13.3
GMC,Sierra 4WD,2011,petrol,4.8,13.9
GMC,Sierra 4WD,2011,petrol,5.3,12.2
GMC,Sierra 4WD,2011,petrol,6.2,14.9
GMC,Sierra 4WD,2012,petrol,4.3,13.4
GMC,Sierra 4WD,2012,petrol,4.8,13.8
GMC,Sierra 4WD,2012,petrol,5.3,12.1
GMC,Sierra 4WD,2012,petrol,6.2,14.9
GMC,Sierra 4WD,2013,petrol,4.3,13.4
GMC,Sierra 4WD,2013,petrol,4.8,13.8
GMC,Sierra 4WD,2013,petrol,5.3,12.1
GMC,Sierra 4WD,2013,petrol,6.2,14.9
GMC,Sierra 4WD,2014,petrol,4.3,11.0
GMC,Sierra 4WD,2014,petrol,5.3,11.4
GMC,Sierra 4WD,2014,petrol,6.2,12.5
GMC,Sierra 4WD,2015,petrol,4.3,12.5
GMC,Sierra 4WD,2015,petrol,5.3,13.0
GMC,Sierra 4WD,2015,petrol,6.2,14.2
GMC,Sierra 4WD,2016,petrol,5.3,13.1
GMC,Sierra 4WD,2016,petrol,6.2,14.2
GMC,Sierra 4WD,2017,petrol,5.3,13.5
GMC,Sierra 4WD,2017,petrol,6.2,14.1
GMC,Sierra 4WD,2018,petrol,5.3,13.45
GMC,Sierra 4WD,2018,petrol,6.2,14.1
GMC,Sierra 4WD,2019,petrol,2.7,11.8
GMC,Sierra 4WD,2019,petrol,4.3,14.0
GMC,Sierra 4WD,2019,petrol,5.3,13.75
GMC,Sierra 4WD,2019,petrol,6.2,13.9
GMC,Sierra 4WD,2020,diesel,3.0,9.9
GMC,Sierra 4WD,2020,petrol,2.7,11.7
GMC,Sierra 4WD,2020,petrol,4.3,14.1
GMC,Sierra 4WD,2020,petrol,5.3,13.27
GMC,Sierra 4WD,2020,petrol,6.2,13.9
GMC,Sierra 4WD,2021,diesel,3.0,10.0
GMC,Sierra 4WD,2021,petrol,2.7,12.3
GMC,Sierra 4WD,2021,petrol,4.3,14.0
GMC,Sierra 4WD,2021,petrol,5.3,13.37
GMC,Sierra 4WD,2021,petrol,6.2,13.5
GMC,Sierra 4WD,2022,diesel,3.0,9.9
GMC,Sierra 4WD,2022,petrol,2.7,13.1
GMC,Sierra 4WD,2022,petrol,5.3,13.75
GMC,Sierra 4WD,2022,petrol,6.2,14.0
GMC,Sierra 4WD,2023,diesel,3.0,9.8
GMC,Sierra 4WD,2023,petrol,2.7,12.4
GMC,Sierra 4WD,2023,petrol,5.3,13.5
GMC,Sierra 4WD,2023,petrol,6.2,14.0
GMC,Sierra 4WD,2024,diesel,3.0,9.6
GMC,Sierra 4WD,2024,petrol,2.7,12.9
GMC,Sierra 4WD,2024,petrol,5.3,14.1
GMC,Sierra 4WD,2024,petrol,6.2,14.3
GMC,Sierra 4WD,2025,diesel,3.0,9.9
GMC,Sierra 4WD,2025,petrol,2.7,13.5
GMC,Sierra 4WD,2025,petrol,5.3,14.2
GMC,Sierra 4WD,2025,petrol,6.2,14.3
GMC,Sierra 4WD,2026,diesel,3.0,10.1
GMC,Sierra 4WD,2026,petrol,2.7,13.6
GMC,Sierra 4WD,2026,petrol,5.3,14.6
GMC,Sierra 4WD,2026,petrol,6.2,14.3
GMC,Sierra 4WD (No DFM),2022,petrol,5.3,14.8
GMC,Sierra 4WD (No Stop-Start),2022,petrol,5.3,14.4
GMC,Sierra 4WD (No Stop-Start),2022,petrol,6.2,14.7
GMC,Sierra 4WD (With Sport Mode),2022,petrol,5.3,14.0
GMC,Sierra 4WD (With Sport Mode),2024,petrol,2.7,13.6
GMC,Sierra 4WD (With Sport Mode),2025,petrol,2.7,13.6
GMC,Sierra 4WD (Without AFM),2021,petrol,5.3,14.8
GMC,Sierra 4WD (Without DFM),2021,petrol,5.3,14.8
GMC,Sierra 4WD (Without Stop-Start),2021,petrol,5.3,13.3
GMC,Sierra 4WD (Without Stop-Start),2021,petrol,6.2,14.3
GMC,Sierra 4WD AT4,2019,petrol,5.3,13.7
GMC,Sierra 4WD AT4,2019,petrol,6.2,14.2
GMC,Sierra 4WD AT4,2020,diesel,3.0,9.9
GMC,Sierra 4WD AT4,2020,petrol,5.3,13.87
GMC,Sierra 4WD AT4,2020,petrol,6.2,14.2
GMC,Sierra 4WD AT4,2021,diesel,3.0,10.0
GMC,Sierra 4WD AT4,2021,petrol,5.3,13.83
GMC,Sierra 4WD AT4,2021,petrol,6.2,14.2
GMC,Sierra 4WD AT4 (Without DFM),2021,petrol,5.3,14.8
GMC,Sierra 4WD AT4 (Without Stop-Start),2021,petrol,5.3,13.7
GMC,Sierra 4WD AT4 (Without Stop-Start),2021,petrol,6.2,15.0
GMC,Sierra 4WD AT4X,2023,petrol,6.2,15.5
GMC,Sierra 4WD AT4X,2024,diesel,3.0,12.1
GMC,Sierra 4WD AT4X,2024,petrol,6.2,15.9
GMC,Sierra 4WD AT4X,2025,diesel,3.0,12.1
GMC,Sierra 4WD AT4X,2025,petrol,6.2,16.0
GMC,Sierra 4WD AT4X,2026,diesel,3.0,12.1
GMC,Sierra 4WD AT4X,2026,petrol,6.2,16.0
GMC,Sierra 4WD FFV,2016,petrol,4.3,12.6
GMC,Sierra 4WD FFV,2016,petrol,5.3,13.1
GMC,Sierra 4WD FFV,2017,petrol,4.3,12.5
GMC,Sierra 4WD FFV,2017,petrol,5.3,13.1
GMC,Sierra 4WD FFV,2018,petrol,4.3,12.5
GMC,Sierra 4WD FFV,2018,petrol,5.3,13.1
GMC,Sierra 4WD FFV,2019,petrol,5.3,14.4
GMC,Sierra 4WD FFV,2020,petrol,5.3,14.7
GMC,Sierra 4WD FFV,2021,petrol,5.3,14.8
GMC,Sierra 4WD FFV,2022,petrol,5.3,14.8
GMC,Sierra 4WD FFV,2023,petrol,5.3,13.9
GMC,Sierra 4WD FFV,2024,petrol,5.3,13.9
GMC,Sierra 4WD FFV,2025,petrol,5.3,13.9
GMC,Sierra 4WD FFV,2026,petrol,5.3,13.9
GMC,Sierra 4WD Mud Terrain Tire,2022,diesel,3.0,11.2
GMC,Sierra 4WD Mud Terrain Tire,2022,petrol,2.7,14.0
GMC,Sierra 4WD Mud Terrain Tire,2022,petrol,5.3,15.35
GMC,Sierra 4WD Mud Terrain Tire,2022,petrol,6.2,15.0
GMC,Sierra 4WD Mud Terrain Tire,2023,diesel,3.0,10.7
GMC,Sierra 4WD Mud Terrain Tire,2023,petrol,2.7,13.6
GMC,Sierra 4WD Mud Terrain Tire,2023,petrol,5.3,14.8
GMC,Sierra 4WD Mud Terrain Tire,2023,petrol,6.2,15.5
GMC,Sierra 4WD Mud Terrain Tire,2024,diesel,3.0,10.9
GMC,Sierra 4WD Mud Terrain Tire,2024,petrol,2.7,14.4
GMC,Sierra 4WD Mud Terrain Tire,2024,petrol,5.3,14.8
GMC,Sierra 4WD Mud Terrain Tire,2024,petrol,6.2,15.7
GMC,Sierra 4WD Mud Terrain Tire,2025,diesel,3.0,10.6
GMC,Sierra 4WD Mud Terrain Tire,2025,petrol,2.7,14.3
GMC,Sierra 4WD Mud Terrain Tire,2025,petrol,5.3,14.6
GMC,Sierra 4WD Mud Terrain Tire,2025,petrol,6.2,15.7
GMC,Sierra 4WD Mud Terrain Tire,2026,diesel,3.0,10.5
GMC,Sierra 4WD Mud Terrain Tire,2026,petrol,2.7,14.2
GMC,Sierra 4WD Mud Terrain Tire,2026,petrol,5.3,15.1
GMC,Sierra 4WD Mud Terrain Tire,2026,petrol,6.2,15.7
GMC,Sierra 4WD Mud Terrain Tire (No DFM),2022,petrol,5.3,16.2
GMC,Sierra 4WD Mud Terrain Tire (No Stop-Start),2022,petrol,6.2,16.4
GMC,Sierra 4WD Mud Terrain Tire FFV,2022,petrol,5.3,16.2
GMC,Sierra 4WD Mud Terrain Tire FFV,2023,petrol,5.3,13.9
GMC,Sierra 4WD Mud Terrain Tire FFV,2024,petrol,5.3,13.9
GMC,Sierra 4WD WT,2021,petrol,2.7,12.6
GMC,Sierra 4X4,2007,petrol,4.3,13.3
GMC,Sierra 4X4,2007,petrol,4.8,13.8
GMC,Sierra 4X4,2007,petrol,5.3,13.0
GMC,Sierra 4X4,2007,petrol,6.0,14.2
GMC,Sierra 4X4,2008,petrol,4.3,13.3
GMC,Sierra 4X4,2008,petrol,4.8,13.3
GMC,Sierra 4X4,2008,petrol,5.3,12.9
GMC,Sierra 4X4,2008,petrol,6.0,14.4
GMC,Sierra 4X4,2009,petrol,4.3,13.3
GMC,Sierra 4X4,2009,petrol,4.8,13.5
GMC,Sierra 4X4,2009,petrol,5.3,12.7
GMC,Sierra 4X4,2009,petrol,6.0,13.2
GMC,Sierra 4X4 FFV,2007,petrol,5.3,13.1
GMC,Sierra 4X4 FFV,2008,petrol,5.3,13.0
GMC,Sierra 4X4 FFV,2009,petrol,5.3,12.85
GMC,Sierra 4X4 FFV,2009,petrol,6.2,14.6
GMC,Sierra 4X4 Hybrid,2009,hybrid,6.0,10.2
GMC,Sierra Classic,2007,petrol,4.3,12.2
GMC,Sierra Classic,2007,petrol,4.8,12.5
GMC,Sierra Classic,2007,petrol,5.3,12.7
GMC,Sierra Classic,2007,petrol,6.0,14.1
GMC,Sierra Classic 4X4,2007,petrol,4.3,13.35
GMC,Sierra Classic 4X4,2007,petrol,4.8,13.6
GMC,Sierra Classic 4X4,2007,petrol,5.3,13.9
GMC,Sierra Classic 4X4,2007,petrol,6.0,15.1
GMC,Sierra Classic 4X4 FFV,2007,petrol,5.3,14.0
GMC,Sierra Classic FFV,2007,petrol,5.3,13.0
GMC,Sierra Denali 4X4 FFV,2009,petrol,6.2,14.6
GMC,Sierra Denali AWD,2007,petrol,6.2,14.6
GMC,Sierra Denali AWD,2008,petrol,6.2,14.6
GMC,Sierra Denali AWD,2010,petrol,6.2,14.6
GMC,Sierra Denali AWD,2011,petrol,6.2,14.6
GMC,Sierra Denali AWD,2012,petrol,6.2,14.6
GMC,Sierra Denali AWD,2013,petrol,6.2,14.6
GMC,Sierra Denali Classic AWD,2007,petrol,6.0,15.1
GMC,Sierra EV Denali Ext Range (11.5 kW Charger),2026,electric,,30.8
GMC,Sierra EV Denali Ext Range (19.2 kW Charger),2026,electric,,32.6
GMC,Sierra EV Elevation Ext Range (11.5 kW Charger),2026,electric,,30.8
GMC,Sierra EV Elevation Ext Range (19.2 kW Charger),2026,electric,,32.6
GMC,Sierra EV Extended Range,2025,electric,,32.5
GMC,Sierra EV Std Range,2026,electric,,31.2
GMC,Sierra FFV,2007,petrol,5.3,12.3
GMC,Sierra FFV,2008,petrol,5.3,12.4
GMC,Sierra FFV,2009,petrol,5.3,12.45
GMC,Sierra FFV,2009,petrol,6.2,14.1
GMC,Sierra FFV,2016,petrol,4.3,11.9
GMC,Sierra FFV,2016,petrol,5.3,12.7
GMC,Sierra FFV,2017,petrol,4.3,11.9
GMC,Sierra FFV,2017,petrol,5.3,12.7
GMC,Sierra FFV,2018,petrol,4.3,11.8
GMC,Sierra FFV,2018,petrol,5.3,12.7
GMC,Sierra FFV,2019,petrol,5.3,14.0
GMC,Sierra FFV,2020,petrol,5.3,14.4
GMC,Sierra FFV,2021,petrol,5.3,14.5
GMC,Sierra FFV,2022,petrol,5.3,14.5
GMC,Sierra FFV,2023,petrol,5.3,13.1
GMC,Sierra FFV,2024,petrol,5.3,13.1
GMC,Sierra Hybrid,2009,hybrid,6.0,9.5
GMC,Sierra Hybrid,2010,hybrid,6.0,9.4
GMC,Sierra Hybrid,2011,hybrid,6.0,9.4
GMC,Sierra Hybrid,2012,hybrid,6.0,9.4
GMC,Sierra Hybrid,2013,hybrid,6.0,9.4
GMC,Sierra Hybrid 4WD,2010,hybrid,6.0,9.5
GMC,Sierra Hybrid 4WD,2011,hybrid,6.0,9.4
GMC,Sierra Hybrid 4WD,2012,hybrid,6.0,9.4
GMC,Sierra Hybrid 4WD,2013,hybrid,6.0,9.4
GMC,Sierra Hybrid Classic,2007,hybrid,5.3,12.0
GMC,Sierra Hybrid Classic 4X4,2007,hybrid,5.3,13.0
GMC,Sierra LTD,2019,petrol,5.3,13.5
GMC,Sierra LTD 4WD,2019,petrol,5.3,13.8
GMC,Sierra WT,2020,petrol,2.7,11.7
GMC,Sierra WT,2021,petrol,2.7,11.2
GMC,Sierra WT 4WD,2020,petrol,2.7,12.0
GMC,Sierra XFE,2010,petrol,5.3,11.6
GMC,Sierra XFE,2011,petrol,5.3,11.6
GMC,Sierra XFE,2012,petrol,5.3,11.6
GMC,Sierra XFE,2013,petrol,5.3,11.6
GMC,Sierra XFE FFV,2009,petrol,5.3,12.3
GMC,Sierra eAssist,2018,petrol,5.3,11.8
GMC,Sierra eAssist 4WD,2016,petrol,5.3,13.0
GMC,Sierra eAssist 4WD,2017,petrol,5.3,13.0
GMC,Sierra eAssist 4WD,2018,petrol,5.3,13.0
GMC,Terrain,2010,petrol,2.4,7.8
GMC,Terrain,2010,petrol,3.0,10.4
GMC,Terrain,2011,petrol,2.4,7.8
GMC,Terrain,2011,petrol,3.0,10.5
GMC,Terrain,2012,petrol,2.4,7.8
GMC,Terrain,2012,petrol,3.0,10.5
GMC,Terrain,2013,petrol,2.4,7.8
GMC,Terrain,2013,petrol,3.6,10.5
GMC,Terrain,2014,petrol,2.4,7.8
GMC,Terrain,2014,petrol,3.6,10.5
GMC,Terrain,2015,petrol,2.4,9.1
GMC,Terrain,2015,petrol,3.6,12.1
GMC,Terrain,2016,petrol,2.4,9.1
GMC,Terrain,2016,petrol,3.6,12.1
GMC,Terrain,2017,petrol,2.4,9.4
GMC,Terrain,2017,petrol,3.6,12.1
GMC,Terrain,2018,diesel,1.6,7.4
GMC,Terrain,2018,petrol,1.5,8.6
GMC,Terrain,2019,diesel,1.6,7.4
GMC,Terrain,2019,petrol,1.5,8.6
GMC,Terrain,2020,petrol,1.5,8.6
GMC,Terrain,2021,petrol,1.5,8.6
GMC,Terrain,2022,petrol,1.5,8.6
GMC,Terrain,2023,petrol,1.5,9.0
GMC,Terrain,2024,petrol,1.5,9.0
GMC,Terrain,2025,petrol,1.5,8.8
GMC,Terrain,2026,petrol,1.5,8.8
GMC,Terrain AWD,2010,petrol,2.4,8.7
GMC,Terrain AWD,2010,petrol,3.0,10.5
GMC,Terrain AWD,2011,petrol,2.4,8.7
GMC,Terrain AWD,2011,petrol,3.0,10.9
GMC,Terrain AWD,2012,petrol,2.4,8.7
GMC,Terrain AWD,2012,petrol,3.0,10.9
GMC,Terrain AWD,2013,petrol,2.4,8.7
GMC,Terrain AWD,2013,petrol,3.6,11.0
GMC,Terrain AWD,2014,petrol,2.4,8.7
GMC,Terrain AWD,2014,petrol,3.6,11.0
GMC,Terrain AWD,2015,petrol,2.4,10.0
GMC,Terrain AWD,2015,petrol,3.6,12.6
GMC,Terrain AWD,2016,petrol,2.4,10.0
GMC,Terrain AWD,2016,petrol,3.6,12.8
GMC,Terrain AWD,2017,petrol,2.4,10.1
GMC,Terrain AWD,2017,petrol,3.6,13.0
GMC,Terrain AWD,2018,diesel,1.6,7.4
GMC,Terrain AWD,2018,petrol,1.5,9.0
GMC,Terrain AWD,2018,petrol,2.0,10.2
GMC,Terrain AWD,2019,diesel,1.6,7.4
GMC,Terrain AWD,2019,petrol,1.5,9.0
GMC,Terrain AWD,2019,petrol,2.0,10.2
GMC,Terrain AWD,2020,petrol,1.5,9.0
GMC,Terrain AWD,2020,petrol,2.0,10.2
GMC,Terrain AWD,2021,petrol,1.5,9.0
GMC,Terrain AWD,2022,petrol,1.5,9.0
GMC,Terrain AWD,2023,petrol,1.5,9.2
GMC,Terrain AWD,2024,petrol,1.5,9.3
GMC,Terrain AWD,2025,petrol,1.5,9.3
GMC,Terrain AWD,2026,petrol,1.5,9.3
GMC,Terrain AWD AT4/Denali,2026,petrol,1.5,9.5
GMC,Terrain FFV,2015,petrol,2.4,9.1
GMC,Terrain FFV,2016,petrol,2.4,9.1
GMC,Terrain FFV,2017,petrol,2.4,9.4
GMC,Yukon,2007,petrol,4.8,13.3
GMC,Yukon,2007,petrol,5.3,12.5
GMC,Yukon,2008,petrol,5.3,12.5
GMC,Yukon,2008,petrol,6.2,14.4
GMC,Yukon,2009,petrol,5.3,12.7
GMC,Yukon,2010,petrol,5.3,12.2
GMC,Yukon,2011,petrol,5.3,12.2
GMC,Yukon,2012,petrol,5.3,12.1
GMC,Yukon,2013,petrol,5.3,12.1
GMC,Yukon,2014,petrol,5.3,12.1
GMC,Yukon,2015,petrol,5.3,12.7
GMC,Yukon,2016,petrol,5.3,13.0
GMC,Yukon,2017,petrol,5.3,13.0
GMC,Yukon,2018,petrol,5.3,13.0
GMC,Yukon,2019,petrol,5.3,13.4
GMC,Yukon,2020,petrol,5.3,13.4
GMC,Yukon,2021,diesel,3.0,10.1
GMC,Yukon,2021,petrol,5.3,13.2
GMC,Yukon,2022,diesel,3.0,10.1
GMC,Yukon,2022,petrol,5.3,14.0
GMC,Yukon,2023,diesel,3.0,10.1
GMC,Yukon,2023,petrol,5.3,14.0
GMC,Yukon,2024,diesel,3.0,10.1
GMC,Yukon,2024,petrol,5.3,14.0
GMC,Yukon,2025,petrol,5.3,14.0
GMC,Yukon,2026,diesel,3.0,10.2
GMC,Yukon,2026,petrol,5.3,14.0
GMC,Yukon (No Stop-Start),2022,petrol,5.3,14.1
GMC,Yukon (Without Stop-Start),2021,petrol,5.3,13.8
GMC,Yukon 4WD,2010,petrol,5.3,12.2
GMC,Yukon 4WD,2011,petrol,5.3,12.2
GMC,Yukon 4WD,2012,petrol,5.3,12.2
GMC,Yukon 4WD,2013,petrol,5.3,12.1
GMC,Yukon 4WD,2014,petrol,5.3,12.1
GMC,Yukon 4WD,2015,petrol,5.3,13.0
GMC,Yukon 4WD,2016,petrol,5.3,13.2
GMC,Yukon 4WD,2016,petrol,6.2,13.8
GMC,Yukon 4WD,2017,petrol,5.3,13.2
GMC,Yukon 4WD,2018,petrol,5.3,13.2
GMC,Yukon 4WD,2018,petrol,6.2,13.8
GMC,Yukon 4WD,2019,petrol,5.3,13.7
GMC,Yukon 4WD,2019,petrol,6.2,13.8
GMC,Yukon 4WD,2020,petrol,5.3,13.8
GMC,Yukon 4WD,2020,petrol,6.2,13.9
GMC,Yukon 4WD,2021,diesel,3.0,10.6
GMC,Yukon 4WD,2021,petrol,5.3,13.5
GMC,Yukon 4WD,2021,petrol,6.2,14.8
GMC,Yukon 4WD,2022,diesel,3.0,10.5
GMC,Yukon 4WD,2022,petrol,5.3,14.0
GMC,Yukon 4WD,2022,petrol,6.2,14.7
GMC,Yukon 4WD,2023,diesel,3.0,10.5
GMC,Yukon 4WD,2023,petrol,5.3,14.0
GMC,Yukon 4WD,2023,petrol,6.2,15.0
GMC,Yukon 4WD,2024,diesel,3.0,10.5
GMC,Yukon 4WD,2024,petrol,5.3,14.0
GMC,Yukon 4WD,2024,petrol,6.2,15.0
GMC,Yukon 4WD,2025,diesel,3.0,10.7
GMC,Yukon 4WD,2025,petrol,5.3,14.4
GMC,Yukon 4WD,2025,petrol,6.2,15.0
GMC,Yukon 4WD,2026,diesel,3.0,10.7
GMC,Yukon 4WD,2026,petrol,5.3,14.2
GMC,Yukon 4WD,2026,petrol,6.2,15.0
GMC,Yukon 4WD (No Stop-Start),2022,petrol,5.3,15.1
GMC,Yukon 4WD (No Stop-Start),2022,petrol,6.2,15.1
GMC,Yukon 4WD (Without Stop-Start),2021,petrol,5.3,13.9
GMC,Yukon 4WD (Without Stop-Start),2021,petrol,6.2,15.3
GMC,Yukon 4WD FFV,2016,petrol,5.3,13.2
GMC,Yukon 4WD FFV,2017,petrol,5.3,13.2
GMC,Yukon 4WD FFV,2018,petrol,5.3,13.2
GMC,Yukon 4WD FFV,2019,petrol,5.3,13.7
GMC,Yukon 4WD FFV,2020,petrol,5.3,13.8
GMC,Yukon 4X4 FFV,2007,petrol,5.3,13.1
GMC,Yukon 4X4 FFV,2008,petrol,5.3,13.1
GMC,Yukon 4X4 FFV,2009,petrol,5.3,12.8
GMC,Yukon 4X4 Hybrid,2008,hybrid,6.0,10.2
GMC,Yukon Denali 4WD,2015,petrol,6.2,13.9
GMC,Yukon Denali 4WD,2017,petrol,6.2,14.1
GMC,Yukon Denali AWD,2007,petrol,6.2,14.6
GMC,Yukon Denali AWD,2008,petrol,6.2,14.6
GMC,Yukon Denali AWD,2010,petrol,6.2,13.0
GMC,Yukon Denali AWD,2011,petrol,6.2,12.9
GMC,Yukon Denali AWD,2012,petrol,6.2,12.9
GMC,Yukon Denali AWD,2013,petrol,6.2,12.9
GMC,Yukon Denali AWD,2014,petrol,6.2,12.9
GMC,Yukon Denali AWD FFV,2009,petrol,6.2,14.6
GMC,Yukon Denali Hybrid 4WD,2011,hybrid,6.0,9.5
GMC,Yukon Denali Hybrid 4WD,2012,hybrid,6.0,9.5
GMC,Yukon Denali Hybrid 4WD,2013,hybrid,6.0,9.5
GMC,Yukon Denali XL AWD,2013,petrol,6.2,14.5
GMC,Yukon Denali XL AWD,2014,petrol,6.2,14.5
GMC,Yukon FFV,2007,petrol,5.3,12.8
GMC,Yukon FFV,2008,petrol,5.3,12.7
GMC,Yukon FFV,2009,petrol,5.3,12.7
GMC,Yukon FFV,2016,petrol,5.3,13.0
GMC,Yukon FFV,2017,petrol,5.3,13.0
GMC,Yukon FFV,2018,petrol,5.3,13.0
GMC,Yukon FFV,2019,petrol,5.3,13.4
GMC,Yukon FFV,2020,petrol,5.3,13.4
GMC,Yukon Hybrid,2008,hybrid,6.0,9.5
GMC,Yukon Hybrid,2009,hybrid,6.0,9.5
GMC,Yukon Hybrid,2010,hybrid,6.0,9.4
GMC,Yukon Hybrid,2011,hybrid,6.0,9.4
GMC,Yukon Hybrid,2012,hybrid,6.0,9.4
GMC,Yukon Hybrid,2013,hybrid,6.0,9.4
GMC,Yukon Hybrid 4WD,2010,hybrid,6.0,9.5
GMC,Yukon Hybrid 4WD,2011,hybrid,6.0,9.4
GMC,Yukon Hybrid 4WD,2012,hybrid,6.0,9.4
GMC,Yukon Hybrid 4WD,2013,hybrid,6.0,9.5
GMC,Yukon Hybrid 4X4,2009,hybrid,6.0,10.2
GMC,Yukon XFE FFV,2009,petrol,5.3,12.0
GMC,Yukon XL,2007,petrol,5.3,12.5
GMC,Yukon XL,2007,petrol,6.0,14.1
GMC,Yukon XL,2008,petrol,5.3,12.5
GMC,Yukon XL,2008,petrol,6.0,14.5
GMC,Yukon XL,2009,petrol,5.3,12.7
GMC,Yukon XL,2009,petrol,6.0,13.1
GMC,Yukon XL,2010,petrol,5.3,12.2
GMC,Yukon XL,2010,petrol,6.2,14.4
GMC,Yukon XL,2011,petrol,5.3,12.2
GMC,Yukon XL,2012,petrol,5.3,12.1
GMC,Yukon XL,2013,petrol,5.3,12.1
GMC,Yukon XL,2014,petrol,5.3,12.1
GMC,Yukon XL,2015,petrol,5.3,12.7
GMC,Yukon XL,2016,petrol,5.3,13.0
GMC,Yukon XL,2017,petrol,5.3,13.0
GMC,Yukon XL,2018,petrol,5.3,13.0
GMC,Yukon XL,2019,petrol,5.3,13.4
GMC,Yukon XL,2020,petrol,5.3,13.4
GMC,Yukon XL,2021,diesel,3.0,10.1
GMC,Yukon XL,2021,petrol,5.3,13.2
GMC,Yukon XL,2022,diesel,3.0,10.1
GMC,Yukon XL,2022,petrol,5.3,14.0
GMC,Yukon XL,2023,diesel,3.0,10.1
GMC,Yukon XL,2023,petrol,5.3,14.0
GMC,Yukon XL,2024,diesel,3.0,10.1
GMC,Yukon XL,2024,petrol,5.3,14.0
GMC,Yukon XL,2025,petrol,5.3,14.0
GMC,Yukon XL,2026,diesel,3.0,10.2
GMC,Yukon XL,2026,petrol,5.3,14.0
GMC,Yukon XL (No Stop-Start),2022,petrol,5.3,14.1
GMC,Yukon XL (Without Stop-Start),2021,petrol,5.3,13.8
GMC,Yukon XL 4WD,2011,petrol,5.3,12.2
GMC,Yukon XL 4WD,2012,petrol,5.3,12.2
GMC,Yukon XL 4WD,2013,petrol,5.3,12.1
GMC,Yukon XL 4WD,2014,petrol,5.3,12.1
GMC,Yukon XL 4WD,2015,petrol,5.3,13.3
GMC,Yukon XL 4WD,2016,petrol,5.3,13.3
GMC,Yukon XL 4WD,2016,petrol,6.2,14.3
GMC,Yukon XL 4WD,2017,petrol,5.3,13.3
GMC,Yukon XL 4WD,2018,petrol,5.3,13.3
GMC,Yukon XL 4WD,2018,petrol,6.2,14.5
GMC,Yukon XL 4WD,2019,petrol,5.3,14.3
GMC,Yukon XL 4WD,2019,petrol,6.2,14.5
GMC,Yukon XL 4WD,2020,petrol,5.3,14.4
GMC,Yukon XL 4WD,2020,petrol,6.2,14.6
GMC,Yukon XL 4WD,2021,diesel,3.0,10.6
GMC,Yukon XL 4WD,2021,petrol,5.3,14.0
GMC,Yukon XL 4WD,2021,petrol,6.2,14.8
GMC,Yukon XL 4WD,2022,diesel,3.0,10.5
GMC,Yukon XL 4WD,2022,petrol,5.3,14.3
GMC,Yukon XL 4WD,2022,petrol,6.2,14.7
GMC,Yukon XL 4WD,2023,diesel,3.0,10.5
GMC,Yukon XL 4WD,2023,petrol,5.3,14.5
GMC,Yukon XL 4WD,2023,petrol,6.2,15.0
GMC,Yukon XL 4WD,2024,diesel,3.0,10.5
GMC,Yukon XL 4WD,2024,petrol,5.3,14.8
GMC,Yukon XL 4WD,2024,petrol,6.2,15.0
GMC,Yukon XL 4WD,2025,diesel,3.0,10.7
GMC,Yukon XL 4WD,2025,petrol,5.3,15.1
GMC,Yukon XL 4WD,2025,petrol,6.2,15.0
GMC,Yukon XL 4WD,2026,diesel,3.0,10.7
GMC,Yukon XL 4WD,2026,petrol,5.3,15.1
GMC,Yukon XL 4WD,2026,petrol,6.2,15.0
GMC,Yukon XL 4WD (No Stop-Start),2022,petrol,5.3,15.1
GMC,Yukon XL 4WD (No Stop-Start),2022,petrol,6.2,15.1
GMC,Yukon XL 4WD (Without Stop-Start),2021,petrol,5.3,14.5
GMC,Yukon XL 4WD (Without Stop-Start),2021,petrol,6.2,15.3
GMC,Yukon XL 4WD FFV,2016,petrol,5.3,13.3
GMC,Yukon XL 4WD FFV,2017,petrol,5.3,13.3
GMC,Yukon XL 4WD FFV,2018,petrol,5.3,13.3
GMC,Yukon XL 4WD FFV,2019,petrol,5.3,14.3
GMC,Yukon XL 4WD FFV,2020,petrol,5.3,14.4
GMC,Yukon XL 4WD HD,2011,petrol,6.0,17.3
GMC,Yukon XL 4WD HD,2012,petrol,6.0,17.3
GMC,Yukon XL 4WD HD,2013,petrol,6.0,17.3
GMC,Yukon XL 4X4,2007,petrol,6.0,14.3
GMC,Yukon XL 4X4,2008,petrol,6.0,14.8
GMC,Yukon XL 4X4 FFV,2007,petrol,5.3,13.1
GMC,Yukon XL 4X4 FFV,2008,petrol,5.3,13.1
GMC,Yukon XL Denali 4WD,2015,petrol,6.2,14.4
GMC,Yukon XL Denali 4WD,2017,petrol,6.2,14.2
GMC,Yukon XL Denali AWD,2011,petrol,6.2,14.5
GMC,Yukon XL Denali AWD,2012,petrol,6.2,14.5
GMC,Yukon XL FFV,2007,petrol,5.3,12.8
GMC,Yukon XL FFV,2008,petrol,5.3,12.7
GMC,Yukon XL FFV,2009,petrol,5.3,12.7
GMC,Yukon XL FFV,2016,petrol,5.3,13.0
GMC,Yukon XL FFV,2017,petrol,5.3,13.0
GMC,Yukon XL FFV,2018,petrol,5.3,13.0
GMC,Yukon XL FFV,2019,petrol,5.3,13.4
GMC,Yukon XL FFV,2020,petrol,5.3,13.4
GMC,Yukon XL HD,2011,petrol,6.0,17.1
GMC,Yukon XL HD,2012,petrol,6.0,17.1
GMC,Yukon XL HD,2013,petrol,6.0,17.1
Genesis,Electrified G80,2023,electric,,21.7
Genesis,Electrified G80,2024,electric,,21.7
Genesis,Electrified G80,2025,electric,,21.7
Genesis,Electrified GV70,2023,electric,,23.0
Genesis,Electrified GV70,2024,electric,,23.1
Genesis,Electrified GV70,2025,electric,,23.1
Genesis,Electrified GV70,2026,electric,,23.2
Genesis,G70,2019,petrol,2.0,10.9
Genesis,G70,2020,petrol,2.0,10.9
Genesis,G70,2021,petrol,2.0,10.9
Genesis,G70 AWD,2019,petrol,2.0,10.3
Genesis,G70 AWD,2019,petrol,3.3,12.0
Genesis,G70 AWD,2020,petrol,2.0,10.2
Genesis,G70 AWD,2020,petrol,3.3,12.0
Genesis,G70 AWD,2021,petrol,2.0,10.1
Genesis,G70 AWD,2021,petrol,3.3,12.0
Genesis,G70 AWD,2022,petrol,2.0,10.0
Genesis,G70 AWD,2022,petrol,3.3,11.5
Genesis,G70 AWD,2023,petrol,2.0,10.0
Genesis,G70 AWD,2023,petrol,3.3,11.5
Genesis,G70 AWD,2024,petrol,2.5,10.2
Genesis,G70 AWD,2024,petrol,3.3,11.9
Genesis,G70 AWD,2025,petrol,2.5,10.2
Genesis,G70 AWD,2025,petrol,3.3,12.7
Genesis,G70 AWD,2026,petrol,2.5,10.2
Genesis,G70 AWD,2026,petrol,3.3,12.7
Genesis,G80 AWD,2017,petrol,3.8,12.1
Genesis,G80 AWD,2017,petrol,5.0,14.2
Genesis,G80 AWD,2018,petrol,3.3,11.9
Genesis,G80 AWD,2018,petrol,3.8,11.7
Genesis,G80 AWD,2018,petrol,5.0,13.2
Genesis,G80 AWD,2019,petrol,3.3,11.9
Genesis,G80 AWD,2019,petrol,3.8,11.7
Genesis,G80 AWD,2019,petrol,5.0,13.2
Genesis,G80 AWD,2020,petrol,3.3,11.9
Genesis,G80 AWD,2020,petrol,3.8,11.7
Genesis,G80 AWD,2020,petrol,5.0,13.2
Genesis,G80 AWD,2021,petrol,2.5,9.5
Genesis,G80 AWD,2021,petrol,3.5,11.2
Genesis,G80 AWD,2022,petrol,2.5,9.5
Genesis,G80 AWD,2022,petrol,3.5,12.6
Genesis,G80 AWD,2023,petrol,2.5,9.5
Genesis,G80 AWD,2023,petrol,3.5,12.6
Genesis,G80 AWD,2024,petrol,2.5,9.5
Genesis,G80 AWD,2024,petrol,3.5,12.6
Genesis,G80 AWD,2025,petrol,2.5,10.0
Genesis,G80 AWD,2025,petrol,3.5,13.1
Genesis,G80 AWD,2026,petrol,2.5,10.4
Genesis,G80 AWD,2026,petrol,3.5,12.9
Genesis,G90,2023,petrol,3.5,11.8
Genesis,G90,2024,petrol,3.5,11.8
Genesis,G90,2025,petrol,3.5,11.8
Genesis,G90,2026,petrol,3.5,11.8
Genesis,G90 AWD,2017,petrol,3.3,11.9
Genesis,G90 AWD,2017,petrol,5.0,13.0
Genesis,G90 AWD,2018,petrol,3.3,11.9
Genesis,G90 AWD,2018,petrol,5.0,13.0
Genesis,G90 AWD,2019,petrol,3.3,11.9
Genesis,G90 AWD,2019,petrol,5.0,13.0
Genesis,G90 AWD,2020,petrol,3.3,11.8
Genesis,G90 AWD,2020,petrol,5.0,13.1
Genesis,G90 AWD,2021,petrol,5.0,12.8
Genesis,G90 AWD,2022,petrol,5.0,12.8
Genesis,GV60 Advanced AWD,2023,electric,,22.1
Genesis,GV60 Advanced AWD,2024,electric,,22.1
Genesis,GV60 Advanced AWD,2025,electric,,22.1
Genesis,GV60 Advanced AWD,2026,electric,,22.0
Genesis,GV60 Performance AWD,2023,electric,,23.0
Genesis,GV60 Performance AWD,2024,electric,,23.0
Genesis,GV60 Performance AWD,2025,electric,,23.0
Genesis,GV60 Performance AWD,2026,electric,,23.3
Genesis,GV70 AWD,2022,petrol,2.5,9.7
Genesis,GV70 AWD,2022,petrol,3.5,11.6
Genesis,GV70 AWD,2023,petrol,2.5,9.7
Genesis,GV70 AWD,2023,petrol,3.5,11.6
Genesis,GV70 AWD,2024,petrol,2.5,10.5
Genesis,GV70 AWD,2024,petrol,3.5,11.6
Genesis,GV70 AWD,2025,petrol,2.5,10.6
Genesis,GV70 AWD,2025,petrol,3.5,11.6
Genesis,GV70 AWD,2026,petrol,2.5,10.6
Genesis,GV70 AWD,2026,petrol,3.5,11.5
Genesis,GV80,2025,petrol,3.5,12.0
Genesis,GV80,2026,petrol,3.5,12.4
Genesis,GV80 AWD,2021,petrol,2.5,10.5
Genesis,GV80 AWD,2021,petrol,3.5,11.8
Genesis,GV80 AWD,2022,petrol,2.5,10.5
Genesis,GV80 AWD,2022,petrol,3.5,11.8
Genesis,GV80 AWD,2023,petrol,2.5,10.5
Genesis,GV80 AWD,2023,petrol,3.5,11.8
Genesis,GV80 AWD,2024,petrol,2.5,10.5
Genesis,GV80 AWD,2024,petrol,3.5,11.8
Genesis,GV80 AWD,2025,petrol,2.5,11.3
Genesis,GV80 AWD,2025,petrol,3.5,12.7
Genesis,GV80 AWD,2026,petrol,2.5,11.3
Genesis,GV80 AWD,2026,petrol,3.5,12.6
Holden,Acadia,2007,petrol,3.6,11.2
Holden,Acadia,2008,petrol,3.6,11.2
Holden,Acadia,2009,petrol,3.6,10.95
Holden,Acadia,2010,petrol,3.6,10.95
Holden,Acadia,2011,petrol,3.6,10.95
Holden,Acadia,2012,petrol,3.6,10.95
Holden,Acadia,2013,petrol,3.6,11.0
Holden,Acadia,2014,petrol,3.6,11.0
Holden,Acadia,2015,petrol,3.6,12.45
Holden,Acadia,2016,petrol,3.6,13.55
Holden,Acadia,2017,petrol,2.5,10.3
Holden,Acadia,2017,petrol,3.6,11.45
Holden,Acadia,2018,petrol,2.5,10.3
Holden,Acadia,2018,petrol,3.6,11.55
Holden,Acadia,2019,petrol,2.5,10.35
Holden,Acadia,2019,petrol,3.6,11.55
Holden,Acadia,2020,petrol,2.0,9.95
Holden,Acadia,2020,petrol,2.5,10.2
Holden,Acadia,2020,petrol,3.6,11.15
Holden,Acadia,2021,petrol,2.0,9.55
Holden,Acadia,2021,petrol,2.5,10.2
Holden,Acadia,2021,petrol,3.6,10.8
Holden,Acadia,2022,petrol,2.0,9.65
Holden,Acadia,2022,petrol,3.6,10.85
Holden,Acadia,2023,petrol,2.0,9.9
Holden,Acadia,2023,petrol,3.6,11.0
Holden,Acadia,2024,petrol,2.5,11.3
Holden,Acadia,2025,petrol,2.5,11.2
Holden,Acadia,2026,petrol,2.5,11.2
Holden,Barina,2012,petrol,1.4,6.3
Holden,Barina,2012,petrol,1.8,6.95
Holden,Barina,2013,petrol,1.4,6.65
Holden,Barina,2013,petrol,1.8,6.95
Holden,Barina,2014,petrol,1.4,6.75
Holden,Barina,2014,petrol,1.8,6.95
Holden,Barina,2015,petrol,1.4,7.95
Holden,Barina,2015,petrol,1.8,8.15
Holden,Barina,2016,petrol,1.4,7.98
Holden,Barina,2016,petrol,1.8,8.15
Holden,Barina,2017,petrol,1.4,7.6
Holden,Barina,2017,petrol,1.8,8.35
Holden,Barina,2018,petrol,1.4,7.6
Holden,Barina,2018,petrol,1.8,8.2
Holden,Barina Spark,2013,petrol,1.2,6.0
Holden,Barina Spark,2014,electric,,17.8
Holden,Barina Spark,2014,petrol,1.2,5.8
Holden,Barina Spark,2015,electric,,17.8
Holden,Barina Spark,2015,petrol,1.2,6.9
Holden,Barina Spark,2016,electric,,17.8
Holden,Barina Spark,2016,petrol,1.4,6.8
Holden,Barina Spark,2017,petrol,1.4,7.15
Holden,Barina Spark,2018,petrol,1.4,7.1
Holden,Barina Spark,2019,petrol,1.4,7.15
Holden,Barina Spark,2020,petrol,1.4,7.15
Holden,Barina Spark,2021,petrol,1.4,7.1
Holden,Barina Spark,2022,petrol,1.4,7.1
Holden,Colorado,2005,petrol,2.8,11.22
Holden,Colorado,2005,petrol,3.5,11.42
Holden,Colorado,2006,petrol,2.8,11.48
Holden,Colorado,2006,petrol,3.5,11.47
Holden,Colorado,2007,petrol,2.9,11.32
Holden,Colorado,2007,petrol,3.7,12.26
Holden,Colorado,2008,petrol,2.9,10.58
Holden,Colorado,2008,petrol,3.7,12.4
Holden,Colorado,2009,petrol,2.9,10.22
Holden,Colorado,2009,petrol,3.7,11.33
Holden,Colorado,2009,petrol,5.3,12.35
Holden,Colorado,2010,petrol,2.9,10.03
Holden,Colorado,2010,petrol,3.7,11.35
Holden,Colorado,2010,petrol,5.3,12.75
Holden,Colorado,2011,petrol,2.9,9.98
Holden,Colorado,2011,petrol,3.7,11.33
Holden,Colorado,2011,petrol,5.3,12.75
Holden,Colorado,2012,petrol,2.9,10.0
Holden,Colorado,2012,petrol,3.7,11.33
Holden,Colorado,2012,petrol,5.3,12.7
Holden,Colorado,2015,petrol,2.5,10.87
Holden,Colorado,2015,petrol,3.6,11.55
Holden,Colorado,2016,diesel,2.8,9.85
Holden,Colorado,2016,petrol,2.5,10.87
Holden,Colorado,2016,petrol,3.6,11.6
Holden,Colorado,2017,diesel,2.8,10.53
Holden,Colorado,2017,petrol,2.5,10.97
Holden,Colorado,2017,petrol,3.6,12.67
Holden,Colorado,2018,diesel,2.8,10.57
Holden,Colorado,2018,petrol,2.5,10.93
Holden,Colorado,2018,petrol,3.6,12.67
Holden,Colorado,2019,diesel,2.8,10.9
Holden,Colorado,2019,petrol,2.5,10.97
Holden,Colorado,2019,petrol,3.6,12.67
Holden,Colorado,2020,diesel,2.8,10.93
Holden,Colorado,2020,petrol,2.5,11.05
Holden,Colorado,2020,petrol,3.6,12.67
Holden,Colorado,2021,diesel,2.8,10.9
Holden,Colorado,2021,petrol,2.5,11.15
Holden,Colorado,2021,petrol,3.6,12.5
Holden,Colorado,2022,diesel,2.8,10.9
Holden,Colorado,2022,petrol,2.5,11.15
Holden,Colorado,2022,petrol,3.6,12.5
Holden,Colorado,2023,petrol,2.7,12.27
Holden,Colorado,2024,petrol,2.7,12.51
Holden,Colorado,2025,petrol,2.7,13.18
Holden,Colorado,2026,petrol,2.7,13.08
Holden,Cruze,2011,petrol,1.4,6.6
Holden,Cruze,2011,petrol,1.8,7.2
Holden,Cruze,2012,petrol,1.4,6.42
Holden,Cruze,2012,petrol,1.8,7.25
Holden,Cruze,2013,petrol,1.4,6.42
Holden,Cruze,2013,petrol,1.8,7.25
Holden,Cruze,2014,diesel,2.0,6.0
Holden,Cruze,2014,petrol,1.4,6.42
Holden,Cruze,2014,petrol,1.8,7.25
Holden,Cruze,2015,diesel,2.0,7.1
Holden,Cruze,2015,petrol,1.4,7.6
Holden,Cruze,2015,petrol,1.8,8.45
Holden,Cruze,2016,petrol,1.4,7.31
Holden,Cruze,2016,petrol,1.8,8.45
Holden,Cruze,2017,diesel,1.6,6.35
Holden,Cruze,2017,petrol,1.4,7.28
Holden,Cruze,2018,diesel,1.6,6.52
Holden,Cruze,2018,petrol,1.4,7.33
Holden,Cruze,2019,diesel,1.6,6.5
Holden,Cruze,2019,petrol,1.4,7.35
Holden,Equinox,2005,petrol,3.4,10.9
Holden,Equinox,2006,petrol,3.4,10.95
Holden,Equinox,2007,petrol,3.4,10.6
Holden,Equinox,2008,petrol,3.4,10.55
Holden,Equinox,2008,petrol,3.6,10.9
Holden,Equinox,2009,petrol,3.4,10.4
Holden,Equinox,2009,petrol,3.6,10.8
Holden,Equinox,2010,petrol,2.4,8.25
Holden,Equinox,2010,petrol,3.0,10.45
Holden,Equinox,2011,petrol,2.4,8.25
Holden,Equinox,2011,petrol,3.0,10.7
Holden,Equinox,2012,petrol,2.4,8.25
Holden,Equinox,2012,petrol,3.0,10.7
Holden,Equinox,2013,petrol,2.4,8.25
Holden,Equinox,2013,petrol,3.6,10.75
Holden,Equinox,2014,petrol,2.4,8.25
Holden,Equinox,2014,petrol,3.6,10.75
Holden,Equinox,2015,petrol,2.4,9.55
Holden,Equinox,2015,petrol,3.6,12.35
Holden,Equinox,2016,petrol,2.4,9.55
Holden,Equinox,2016,petrol,3.6,12.45
Holden,Equinox,2017,petrol,2.4,9.75
Holden,Equinox,2017,petrol,3.6,12.55
Holden,Equinox,2018,diesel,1.6,7.4
Holden,Equinox,2018,petrol,1.5,8.6
Holden,Equinox,2018,petrol,2.0,9.7
Holden,Equinox,2019,diesel,1.6,7.4
Holden,Equinox,2019,petrol,1.5,8.45
Holden,Equinox,2019,petrol,2.0,9.7
Holden,Equinox,2020,petrol,1.5,8.55
Holden,Equinox,2020,petrol,2.0,9.7
Holden,Equinox,2021,petrol,1.5,8.6
Holden,Equinox,2022,petrol,1.5,8.6
Holden,Equinox,2023,petrol,1.5,8.7
Holden,Equinox,2024,electric,,20.55
Holden,Equinox,2024,petrol,1.5,8.7
Holden,Equinox,2025,electric,,20.53
Holden,Equinox,2025,petrol,1.5,9.0
Holden,Equinox,2026,electric,,20.47
Holden,Equinox,2026,petrol,1.5,8.8
Holden,Malibu,2005,petrol,2.2,8.4
Holden,Malibu,2005,petrol,3.5,8.8
Holden,Malibu,2006,petrol,2.2,8.5
Holden,Malibu,2006,petrol,3.5,9.35
Holden,Malibu,2006,petrol,3.9,11.1
Holden,Malibu,2007,petrol,2.2,8.2
Holden,Malibu,2007,petrol,3.5,9.3
Holden,Malibu,2007,petrol,3.9,11.3
Holden,Malibu,2008,hybrid,2.4,7.5
Holden,Malibu,2008,petrol,2.4,8.1
Holden,Malibu,2008,petrol,3.5,9.6
Holden,Malibu,2008,petrol,3.6,10.2
Holden,Malibu,2009,hybrid,2.4,6.9
Holden,Malibu,2009,petrol,2.4,8.0
Holden,Malibu,2009,petrol,3.5,9.0
Holden,Malibu,2009,petrol,3.6,10.2
Holden,Malibu,2010,petrol,2.4,8.0
Holden,Malibu,2010,petrol,3.5,9.0
Holden,Malibu,2010,petrol,3.6,10.2
Holden,Malibu,2011,petrol,2.4,7.8
Holden,Malibu,2011,petrol,3.6,10.3
Holden,Malibu,2012,petrol,2.4,7.8
Holden,Malibu,2012,petrol,3.6,10.3
Holden,Malibu,2013,petrol,2.0,8.5
Holden,Malibu,2013,petrol,2.4,6.9
Holden,Malibu,2013,petrol,2.5,7.6
Holden,Malibu,2014,petrol,2.0,8.5
Holden,Malibu,2014,petrol,2.5,6.8
Holden,Malibu,2015,petrol,2.0,9.8
Holden,Malibu,2015,petrol,2.5,8.0
Holden,Malibu,2016,hybrid,1.8,5.1
Holden,Malibu,2016,petrol,1.5,7.6
Holden,Malibu,2016,petrol,2.0,9.0
Holden,Malibu,2016,petrol,2.5,8.6
Holden,Malibu,2017,hybrid,1.8,5.1
Holden,Malibu,2017,petrol,1.5,7.8
Holden,Malibu,2017,petrol,2.0,9.1
Holden,Malibu,2018,hybrid,1.8,5.1
Holden,Malibu,2018,petrol,1.5,7.8
Holden,Malibu,2018,petrol,2.0,9.1
Holden,Malibu,2019,hybrid,1.8,5.1
Holden,Malibu,2019,petrol,1.5,7.5
Holden,Malibu,2019,petrol,2.0,9.1
Holden,Malibu,2020,petrol,1.5,7.5
Holden,Malibu,2020,petrol,2.0,9.1
Holden,Malibu,2021,petrol,1.5,7.5
Holden,Malibu,2021,petrol,2.0,9.1
Holden,Malibu,2022,petrol,1.5,7.5
Holden,Malibu,2022,petrol,2.0,9.1
Holden,Malibu,2023,petrol,1.5,7.8
Holden,Malibu,2024,petrol,1.5,7.7
Holden,Malibu,2025,petrol,1.5,7.7
Holden,Trailblazer,2021,petrol,1.2,8.0
Holden,Trailblazer,2021,petrol,1.3,8.0
Holden,Trailblazer,2022,petrol,1.2,7.8
Holden,Trailblazer,2022,petrol,1.3,8.0
Holden,Trailblazer,2023,petrol,1.2,7.8
Holden,Trailblazer,2023,petrol,1.3,8.05
Holden,Trailblazer,2024,petrol,1.2,7.8
Holden,Trailblazer,2024,petrol,1.3,8.15
Holden,Trailblazer,2025,petrol,1.2,7.8
Holden,Trailblazer,2025,petrol,1.3,8.2
Holden,Trailblazer,2026,petrol,1.2,7.8
Holden,Trailblazer,2026,petrol,1.3,8.2
Holden,Trax,2013,petrol,1.4,7.23
Holden,Trax,2014,petrol,1.4,7.2
Holden,Trax,2015,petrol,1.4,8.33
Holden,Trax,2016,petrol,1.4,8.33
Holden,Trax,2017,petrol,1.4,8.43
Holden,Trax,2018,petrol,1.4,8.47
Holden,Trax,2019,petrol,1.4,8.6
Holden,Trax,2020,petrol,1.4,8.75
Holden,Trax,2021,petrol,1.4,8.8
Holden,Trax,2022,petrol,1.4,8.85
Holden,Trax,2024,petrol,1.2,7.9
Holden,Trax,2025,petrol,1.2,8.1
Holden,Trax,2026,petrol,1.2,8.1
Holden,Volt,2012,hybrid,1.4,6.4
Holden,Volt,2013,hybrid,1.4,6.4
Holden,Volt,2014,hybrid,1.4,6.4
Holden,Volt,2015,hybrid,1.4,6.4
Holden,Volt,2016,hybrid,1.5,5.6
Holden,Volt,2017,hybrid,1.5,5.6
Holden,Volt,2018,hybrid,1.5,5.6
Holden,Volt,2019,hybrid,1.5,5.6
Honda,Accord,2005,petrol,2.4,8.05
Honda,Accord,2005,petrol,3.0,9.5
Honda,Accord,2006,petrol,2.4,8.05
Honda,Accord,2006,petrol,3.0,9.6
Honda,Accord,2007,petrol,2.4,8.05
Honda,Accord,2007,petrol,3.0,9.6
Honda,Accord,2013,petrol,2.4,6.93
Honda,Accord,2013,petrol,3.5,8.53
Honda,Accord,2014,petrol,2.4,7.0
Honda,Accord,2014,petrol,3.5,8.53
Honda,Accord,2015,petrol,2.4,8.17
Honda,Accord,2015,petrol,3.5,9.83
Honda,Accord,2016,petrol,2.4,8.9
Honda,Accord,2017,petrol,2.4,8.6
Honda,Accord,2018,petrol,1.5,7.57
Honda,Accord,2018,petrol,2.0,9.2
Honda,Accord,2019,petrol,1.5,7.57
Honda,Accord,2019,petrol,2.0,9.2
Honda,Accord,2020,petrol,1.5,7.57
Honda,Accord,2020,petrol,2.0,9.2
Honda,Accord,2021,petrol,1.5,7.2
Honda,Accord,2022,petrol,1.5,7.2
Honda,Accord,2023,petrol,1.5,7.3
Honda,Accord,2024,petrol,1.5,7.3
Honda,Accord,2025,petrol,1.5,7.3
Honda,Accord Coupe,2008,petrol,2.4,8.2
Honda,Accord Coupe,2008,petrol,3.5,9.85
Honda,Accord Coupe,2009,petrol,2.4,8.2
Honda,Accord Coupe,2009,petrol,3.5,9.85
Honda,Accord Coupe,2010,petrol,2.4,8.05
Honda,Accord Coupe,2010,petrol,3.5,9.7
Honda,Accord Coupe,2011,petrol,2.4,7.75
Honda,Accord Coupe,2011,petrol,3.5,9.45
Honda,Accord Coupe,2012,petrol,2.4,7.75
Honda,Accord Coupe,2012,petrol,3.5,9.45
Honda,Accord Coupe,2016,petrol,3.5,10.2
Honda,Accord Coupe,2017,petrol,3.5,10.25
Honda,Accord Crosstour,2010,petrol,3.5,9.6
Honda,Accord Crosstour,2011,petrol,3.5,9.6
Honda,Accord Crosstour AWD,2010,petrol,3.5,10.4
Honda,Accord Crosstour AWD,2011,petrol,3.5,9.9
Honda,Accord Crosstour AWD,2012,petrol,3.5,9.9
Honda,Accord Hybrid,2005,hybrid,3.0,7.0
Honda,Accord Hybrid,2006,hybrid,3.0,8.1
Honda,Accord Hybrid,2007,hybrid,3.0,7.2
Honda,Accord Hybrid,2014,hybrid,2.0,3.8
Honda,Accord Hybrid,2015,hybrid,2.0,5.0
Honda,Accord Hybrid,2017,hybrid,2.0,5.0
Honda,Accord Hybrid,2018,hybrid,2.0,5.1
Honda,Accord Hybrid,2019,hybrid,2.0,5.0
Honda,Accord Hybrid,2020,hybrid,2.0,5.0
Honda,Accord Hybrid,2021,hybrid,2.0,5.0
Honda,Accord Hybrid,2022,hybrid,2.0,5.0
Honda,Accord Hybrid Sport/Touring,2021,hybrid,2.0,5.5
Honda,Accord Hybrid Sport/Touring,2022,hybrid,2.0,5.5
Honda,Accord Hybrid Sport/Touring,2023,hybrid,2.0,5.3
Honda,Accord Hybrid Sport/Touring,2024,hybrid,2.0,5.3
Honda,Accord Hybrid Sport/Touring,2025,hybrid,2.0,5.3
Honda,Accord Sedan,2008,petrol,2.4,8.2
Honda,Accord Sedan,2008,petrol,3.5,9.1
Honda,Accord Sedan,2009,petrol,2.4,8.15
Honda,Accord Sedan,2009,petrol,3.5,9.1
Honda,Accord Sedan,2010,petrol,2.4,8.1
Honda,Accord Sedan,2010,petrol,3.5,9.1
Honda,Accord Sedan,2011,petrol,2.4,7.45
Honda,Accord Sedan,2011,petrol,3.5,8.6
Honda,Accord Sedan,2012,petrol,2.4,7.45
Honda,Accord Sedan,2012,petrol,3.5,8.6
Honda,Accord Sedan,2016,petrol,2.4,7.6
Honda,Accord Sedan,2016,petrol,3.5,9.4
Honda,Accord Sedan,2017,petrol,2.4,7.8
Honda,Accord Sedan,2017,petrol,3.5,9.5
Honda,Accord Sport,2016,petrol,2.4,8.0
Honda,Accord Sport/Touring,2018,petrol,2.0,9.1
Honda,Accord Sport/Touring,2019,petrol,2.0,9.1
Honda,Accord Sport/Touring,2020,petrol,2.0,9.1
Honda,Accord Sport/Touring,2021,petrol,1.5,7.5
Honda,Accord Sport/Touring,2021,petrol,2.0,9.1
Honda,Accord Sport/Touring,2022,petrol,1.5,7.5
Honda,Accord Sport/Touring,2022,petrol,2.0,9.1
Honda,CR-V,2007,petrol,2.4,8.9
Honda,CR-V,2008,petrol,2.4,9.0
Honda,CR-V,2009,petrol,2.4,9.0
Honda,CR-V,2010,petrol,2.4,8.5
Honda,CR-V,2011,petrol,2.4,8.5
Honda,CR-V,2012,petrol,2.4,7.8
Honda,CR-V,2013,petrol,2.4,7.8
Honda,CR-V,2014,petrol,2.4,7.8
Honda,CR-V,2015,petrol,2.4,7.8
Honda,CR-V,2016,petrol,2.4,7.9
Honda,CR-V,2017,petrol,1.5,7.8
Honda,CR-V,2018,petrol,1.5,7.8
Honda,CR-V,2019,petrol,1.5,7.8
Honda,CR-V,2020,petrol,1.5,7.7
Honda,CR-V,2021,petrol,1.5,7.7
Honda,CR-V,2022,petrol,1.5,7.7
Honda,CR-V,2023,petrol,1.5,7.8
Honda,CR-V,2024,petrol,1.5,7.8
Honda,CR-V,2025,petrol,1.5,7.8
Honda,CR-V,2026,petrol,1.5,7.8
Honda,CR-V 4X4,2006,petrol,2.4,9.65
Honda,CR-V AWD,2005,petrol,2.4,9.65
Honda,CR-V AWD,2007,petrol,2.4,9.4
Honda,CR-V AWD,2008,petrol,2.4,9.4
Honda,CR-V AWD,2009,petrol,2.4,9.4
Honda,CR-V AWD,2010,petrol,2.4,9.0
Honda,CR-V AWD,2011,petrol,2.4,9.0
Honda,CR-V AWD,2012,petrol,2.4,8.1
Honda,CR-V AWD,2013,petrol,2.4,8.1
Honda,CR-V AWD,2014,petrol,2.4,8.1
Honda,CR-V AWD,2015,petrol,2.4,8.3
Honda,CR-V AWD,2016,petrol,2.4,8.6
Honda,CR-V AWD,2017,petrol,1.5,8.0
Honda,CR-V AWD,2018,petrol,1.5,8.0
Honda,CR-V AWD,2019,petrol,1.5,8.0
Honda,CR-V AWD,2020,petrol,1.5,8.1
Honda,CR-V AWD,2021,petrol,1.5,8.1
Honda,CR-V AWD,2022,petrol,1.5,8.1
Honda,CR-V AWD,2023,petrol,1.5,8.4
Honda,CR-V AWD,2024,petrol,1.5,8.4
Honda,CR-V AWD,2025,petrol,1.5,8.4
Honda,CR-V AWD,2026,petrol,1.5,8.4
Honda,CR-V Hybrid AWD,2023,hybrid,2.0,6.4
Honda,CR-V Hybrid AWD,2024,hybrid,2.0,6.4
Honda,CR-V Hybrid AWD,2025,hybrid,2.0,6.4
Honda,CR-V Hybrid AWD,2026,hybrid,2.0,6.4
Honda,CR-V Hybrid AWD TrailSport,2026,hybrid,2.0,6.7
Honda,CR-Z,2011,hybrid,1.5,5.65
Honda,CR-Z,2012,hybrid,1.5,5.65
Honda,CR-Z,2013,hybrid,1.5,5.5
Honda,CR-Z,2014,hybrid,1.5,5.5
Honda,CR-Z,2015,hybrid,1.5,6.6
Honda,CR-Z,2016,hybrid,1.5,7.05
Honda,Civic,2005,petrol,1.7,6.85
Honda,Civic,2005,petrol,2.0,8.2
Honda,Civic,2006,petrol,1.8,7.0
Honda,Civic,2007,petrol,1.8,7.0
Honda,Civic,2007,petrol,2.0,8.7
Honda,Civic,2008,petrol,1.8,6.8
Honda,Civic,2008,petrol,2.0,8.7
Honda,Civic,2009,petrol,1.8,6.8
Honda,Civic,2009,petrol,2.0,8.7
Honda,Civic,2010,petrol,1.8,6.8
Honda,Civic,2010,petrol,2.0,8.7
Honda,Civic,2011,petrol,1.8,6.8
Honda,Civic,2011,petrol,2.0,8.7
Honda,Civic,2012,petrol,1.8,6.3
Honda,Civic,2012,petrol,2.4,8.4
Honda,Civic,2013,petrol,1.8,6.3
Honda,Civic,2013,petrol,2.4,8.4
Honda,Civic,2014,petrol,1.8,6.2
Honda,Civic,2015,petrol,1.8,7.33
Honda,Civic Coupe,2016,petrol,1.5,6.7
Honda,Civic Coupe,2016,petrol,2.0,7.3
Honda,Civic Coupe,2017,petrol,1.5,6.8
Honda,Civic Coupe,2017,petrol,2.0,7.2
Honda,Civic Coupe,2018,petrol,1.5,6.8
Honda,Civic Coupe,2018,petrol,2.0,7.2
Honda,Civic Coupe,2019,petrol,1.5,7.2
Honda,Civic Coupe,2019,petrol,2.0,7.57
Honda,Civic Coupe,2020,petrol,1.5,7.2
Honda,Civic Coupe,2020,petrol,2.0,7.57
Honda,Civic Coupe Si,2018,petrol,1.5,7.4
Honda,Civic Coupe Si,2019,petrol,1.5,7.4
Honda,Civic Coupe Si,2020,petrol,1.5,7.8
Honda,Civic Hatchback,2017,petrol,1.5,7.18
Honda,Civic Hatchback,2018,petrol,1.5,7.13
Honda,Civic Hatchback,2019,petrol,1.5,7.13
Honda,Civic Hatchback,2020,petrol,1.5,7.05
Honda,Civic Hatchback,2021,petrol,1.5,7.3
Honda,Civic Hatchback,2022,petrol,1.5,7.3
Honda,Civic Hatchback,2022,petrol,2.0,7.6
Honda,Civic Hatchback,2023,petrol,1.5,7.3
Honda,Civic Hatchback,2023,petrol,2.0,7.6
Honda,Civic Hatchback,2024,petrol,1.5,7.3
Honda,Civic Hatchback,2024,petrol,2.0,7.6
Honda,Civic Hatchback,2025,petrol,2.0,7.0
Honda,Civic Hatchback,2026,petrol,2.0,7.0
Honda,Civic Hatchback Hybrid,2025,hybrid,2.0,5.0
Honda,Civic Hatchback Hybrid,2026,hybrid,2.0,5.0
Honda,Civic Hatchback Sport,2018,petrol,1.5,7.25
Honda,Civic Hatchback Sport,2019,petrol,1.5,7.25
Honda,Civic Hatchback Sport,2020,petrol,1.5,7.3
Honda,Civic Hatchback Sport,2021,petrol,1.5,7.35
Honda,Civic Hybrid,2005,hybrid,1.3,4.8
Honda,Civic Hybrid,2006,hybrid,1.3,4.5
Honda,Civic Hybrid,2007,hybrid,1.3,4.5
Honda,Civic Hybrid,2008,hybrid,1.3,4.5
Honda,Civic Hybrid,2009,hybrid,1.3,4.5
Honda,Civic Hybrid,2010,hybrid,1.3,4.5
Honda,Civic Hybrid,2011,hybrid,1.3,4.5
Honda,Civic Hybrid,2012,hybrid,1.5,4.3
Honda,Civic Hybrid,2013,hybrid,1.5,4.3
Honda,Civic Hybrid,2015,hybrid,1.5,5.2
Honda,Civic Sedan,2016,petrol,1.5,6.7
Honda,Civic Sedan,2016,petrol,2.0,7.2
Honda,Civic Sedan,2017,petrol,1.5,6.6
Honda,Civic Sedan,2017,petrol,2.0,7.2
Honda,Civic Sedan,2018,petrol,1.5,6.6
Honda,Civic Sedan,2018,petrol,2.0,7.2
Honda,Civic Sedan,2019,petrol,1.5,7.1
Honda,Civic Sedan,2019,petrol,2.0,7.5
Honda,Civic Sedan,2020,petrol,1.5,7.1
Honda,Civic Sedan,2020,petrol,2.0,7.5
Honda,Civic Sedan,2021,petrol,1.5,7.1
Honda,Civic Sedan,2021,petrol,2.0,7.25
Honda,Civic Sedan,2022,petrol,1.5,6.9
Honda,Civic Sedan,2022,petrol,2.0,7.0
Honda,Civic Sedan,2023,petrol,1.5,6.9
Honda,Civic Sedan,2023,petrol,2.0,7.0
Honda,Civic Sedan,2024,petrol,1.5,6.9
Honda,Civic Sedan,2024,petrol,2.0,7.0
Honda,Civic Sedan,2025,petrol,2.0,6.8
Honda,Civic Sedan,2026,petrol,2.0,6.8
Honda,Civic Sedan Hybrid,2025,hybrid,2.0,4.9
Honda,Civic Sedan Hybrid,2026,hybrid,2.0,4.9
Honda,Civic Sedan Si,2018,petrol,1.5,7.4
Honda,Civic Sedan Si,2019,petrol,1.5,7.4
Honda,Civic Sedan Si,2020,petrol,1.5,7.8
Honda,Civic Sedan Si,2022,petrol,1.5,7.7
Honda,Civic Sedan Si,2023,petrol,1.5,7.7
Honda,Civic Sedan Si,2024,petrol,1.5,7.7
Honda,Civic Sedan Si,2025,petrol,1.5,7.7
Honda,Civic Sedan Si,2026,petrol,1.5,7.7
Honda,Civic Si,2005,petrol,1.7,6.95
Honda,Civic Si,2006,petrol,2.0,8.7
Honda,Civic Si,2015,petrol,2.4,9.4
Honda,Civic Type R,2018,petrol,2.0,9.6
Honda,Civic Type R,2019,petrol,2.0,9.6
Honda,Civic Type R,2020,petrol,2.0,9.6
Honda,Civic Type R,2021,petrol,2.0,9.6
Honda,Civic Type R,2023,petrol,2.0,9.7
Honda,Civic Type R,2024,petrol,2.0,9.7
Honda,Civic Type R,2025,petrol,2.0,9.7
Honda,Clarity Plug-in Hybrid,2018,hybrid,1.5,5.6
Honda,Clarity Plug-in Hybrid,2019,hybrid,1.5,5.6
Honda,Clarity Plug-in Hybrid,2020,hybrid,1.5,5.6
Honda,Clarity Plug-in Hybrid,2021,hybrid,1.5,5.6
Honda,Crosstour,2013,petrol,2.4,8.1
Honda,Crosstour,2013,petrol,3.5,8.7
Honda,Crosstour AWD,2013,petrol,3.5,9.3
Honda,Crosstour AWD,2014,petrol,3.5,9.3
Honda,Element,2006,petrol,2.4,9.75
Honda,Element,2007,petrol,2.4,9.75
Honda,Element,2008,petrol,2.4,9.75
Honda,Element,2009,petrol,2.4,9.4
Honda,Element,2010,petrol,2.4,9.4
Honda,Element,2011,petrol,2.4,9.4
Honda,Element 4X4,2006,petrol,2.4,10.2
Honda,Element AWD,2007,petrol,2.4,10.0
Honda,Element AWD,2008,petrol,2.4,10.0
Honda,Element AWD,2009,petrol,2.4,9.8
Honda,Element AWD,2010,petrol,2.4,9.8
Honda,Element AWD,2011,petrol,2.4,9.8
Honda,Fit,2007,petrol,1.5,6.8
Honda,Fit,2008,petrol,1.5,6.77
Honda,Fit,2009,petrol,1.5,6.45
Honda,Fit,2010,petrol,1.5,6.45
Honda,Fit,2011,petrol,1.5,6.4
Honda,Fit,2012,petrol,1.5,6.4
Honda,Fit,2013,petrol,1.5,6.4
Honda,Fit,2014,petrol,1.5,6.4
Honda,Fit,2015,petrol,1.5,6.83
Honda,Fit,2016,petrol,1.5,6.83
Honda,Fit,2017,petrol,1.5,6.97
Honda,Fit,2018,petrol,1.5,6.97
Honda,Fit,2019,petrol,1.5,6.97
Honda,Fit,2020,petrol,1.5,6.97
Honda,HR-V,2016,petrol,1.8,7.83
Honda,HR-V,2017,petrol,1.8,7.93
Honda,HR-V,2018,petrol,1.8,7.93
Honda,HR-V,2019,petrol,1.8,7.8
Honda,HR-V,2020,petrol,1.8,7.8
Honda,HR-V,2021,petrol,1.8,7.8
Honda,HR-V,2022,petrol,1.8,7.8
Honda,HR-V,2023,petrol,2.0,8.3
Honda,HR-V,2024,petrol,2.0,8.3
Honda,HR-V,2025,petrol,2.0,8.3
Honda,HR-V,2026,petrol,2.0,8.3
Honda,HR-V AWD,2016,petrol,1.8,8.1
Honda,HR-V AWD,2017,petrol,1.8,8.2
Honda,HR-V AWD,2018,petrol,1.8,8.2
Honda,HR-V AWD,2019,petrol,1.8,8.35
Honda,HR-V AWD,2020,petrol,1.8,8.35
Honda,HR-V AWD,2021,petrol,1.8,8.35
Honda,HR-V AWD,2022,petrol,1.8,8.35
Honda,HR-V AWD,2023,petrol,2.0,8.7
Honda,HR-V AWD,2024,petrol,2.0,8.7
Honda,HR-V AWD,2025,petrol,2.0,8.7
Honda,HR-V AWD,2026,petrol,2.0,8.7
Honda,Insight,2005,hybrid,1.0,3.6
Honda,Insight,2006,hybrid,1.0,3.6
Honda,Insight,2010,hybrid,1.3,4.7
Honda,Insight,2013,hybrid,1.3,4.6
Honda,Insight DX/LX,2011,hybrid,1.3,4.7
Honda,Insight EX,2010,hybrid,1.3,4.8
Honda,Insight EX,2011,hybrid,1.3,4.7
Honda,Insight EX,2013,hybrid,1.3,4.5
Honda,Insight EX,2019,hybrid,1.5,4.9
Honda,Insight EX,2021,hybrid,1.5,4.9
Honda,Insight EX/Touring,2020,hybrid,1.5,4.9
Honda,Insight LX,2012,hybrid,1.3,4.6
Honda,Insight Touring,2019,hybrid,1.5,4.9
Honda,Insight Touring,2021,hybrid,1.5,4.9
Honda,Odyssey,2005,petrol,3.5,10.7
Honda,Odyssey,2006,petrol,3.5,10.7
Honda,Odyssey,2007,petrol,3.5,11.1
Honda,Odyssey,2008,petrol,3.5,11.1
Honda,Odyssey,2009,petrol,3.5,11.1
Honda,Odyssey,2010,petrol,3.5,11.1
Honda,Odyssey,2011,petrol,3.5,9.7
Honda,Odyssey,2012,petrol,3.5,9.7
Honda,Odyssey,2013,petrol,3.5,9.7
Honda,Odyssey,2014,petrol,3.5,9.2
Honda,Odyssey,2015,petrol,3.5,10.6
Honda,Odyssey,2016,petrol,3.5,10.6
Honda,Odyssey,2017,petrol,3.5,10.7
Honda,Odyssey,2018,petrol,3.5,10.7
Honda,Odyssey,2019,petrol,3.5,10.7
Honda,Odyssey,2020,petrol,3.5,10.6
Honda,Odyssey,2021,petrol,3.5,10.6
Honda,Odyssey,2022,petrol,3.5,10.6
Honda,Odyssey,2023,petrol,3.5,10.6
Honda,Odyssey,2024,petrol,3.5,10.6
Honda,Odyssey,2025,petrol,3.5,10.6
Honda,Odyssey,2026,petrol,3.5,10.6
Honda,Odyssey EX-L,2005,petrol,3.5,10.1
Honda,Odyssey EX-L/Touring,2006,petrol,3.5,10.0
Honda,Odyssey EX-L/Touring,2007,petrol,3.5,10.7
Honda,Odyssey EX-L/Touring,2008,petrol,3.5,10.3
Honda,Odyssey EX-L/Touring,2009,petrol,3.5,10.3
Honda,Odyssey EX-L/Touring,2010,petrol,3.5,10.3
Honda,Odyssey Touring,2011,petrol,3.5,9.2
Honda,Odyssey Touring,2012,petrol,3.5,9.2
Honda,Odyssey Touring,2013,petrol,3.5,9.2
Honda,Odyssey Touring,2018,petrol,3.5,10.6
Honda,Odyssey Touring,2019,petrol,3.5,10.6
Honda,Passport AWD,2019,petrol,3.5,11.3
Honda,Passport AWD,2020,petrol,3.5,11.3
Honda,Passport AWD,2021,petrol,3.5,11.3
Honda,Passport AWD,2022,petrol,3.5,11.3
Honda,Passport AWD,2023,petrol,3.5,11.3
Honda,Passport AWD,2024,petrol,3.5,11.3
Honda,Passport AWD,2025,petrol,3.5,11.3
Honda,Passport AWD,2026,petrol,3.5,10.8
Honda,Passport AWD TrailSport,2026,petrol,3.5,11.4
Honda,Pilot,2007,petrol,3.5,11.3
Honda,Pilot,2008,petrol,3.5,11.3
Honda,Pilot,2009,petrol,3.5,10.9
Honda,Pilot,2010,petrol,3.5,10.9
Honda,Pilot,2011,petrol,3.5,10.9
Honda,Pilot,2012,petrol,3.5,10.0
Honda,Pilot,2013,petrol,3.5,10.0
Honda,Pilot,2014,petrol,3.5,10.0
Honda,Pilot,2015,petrol,3.5,11.5
Honda,Pilot,2016,petrol,3.5,10.8
Honda,Pilot,2017,petrol,3.5,10.8
Honda,Pilot,2019,petrol,3.5,10.7
Honda,Pilot 4WD,2015,petrol,3.5,12.0
Honda,Pilot 4X4,2006,petrol,3.5,12.2
Honda,Pilot AWD,2005,petrol,3.5,12.3
Honda,Pilot AWD,2007,petrol,3.5,12.2
Honda,Pilot AWD,2008,petrol,3.5,12.2
Honda,Pilot AWD,2009,petrol,3.5,11.3
Honda,Pilot AWD,2010,petrol,3.5,11.3
Honda,Pilot AWD,2011,petrol,3.5,11.3
Honda,Pilot AWD,2012,petrol,3.5,10.5
Honda,Pilot AWD,2013,petrol,3.5,10.5
Honda,Pilot AWD,2014,petrol,3.5,10.5
Honda,Pilot AWD,2016,petrol,3.5,11.15
Honda,Pilot AWD,2017,petrol,3.5,11.15
Honda,Pilot AWD,2018,petrol,3.5,11.15
Honda,Pilot AWD,2019,petrol,3.5,11.15
Honda,Pilot AWD,2020,petrol,3.5,11.15
Honda,Pilot AWD,2021,petrol,3.5,11.0
Honda,Pilot AWD,2022,petrol,3.5,11.0
Honda,Pilot AWD,2023,petrol,3.5,11.0
Honda,Pilot AWD,2024,petrol,3.5,11.0
Honda,Pilot AWD,2025,petrol,3.5,11.0
Honda,Pilot AWD Touring/Elite/Black,2023,petrol,3.5,11.2
Honda,Pilot AWD Touring/Elite/Black,2024,petrol,3.5,11.2
Honda,Pilot AWD Touring/Elite/Black,2025,petrol,3.5,11.2
Honda,Pilot AWD TrailSport,2022,petrol,3.5,11.1
Honda,Pilot AWD TrailSport,2023,petrol,3.5,11.8
Honda,Pilot AWD TrailSport,2024,petrol,3.5,11.8
Honda,Pilot AWD TrailSport,2025,petrol,3.5,11.8
Honda,Prelude,2026,petrol,2.0,5.4
Honda,Prologue EX AWD,2024,electric,,22.1
Honda,Prologue EX-L AWD,2024,electric,,22.1
Honda,Prologue Touring AWD,2024,electric,,22.8
Honda,Ridgeline 4X4,2006,petrol,3.5,12.5
Honda,Ridgeline AWD,2007,petrol,3.5,12.5
Honda,Ridgeline AWD,2008,petrol,3.5,12.5
Honda,Ridgeline AWD,2009,petrol,3.5,12.1
Honda,Ridgeline AWD,2010,petrol,3.5,12.1
Honda,Ridgeline AWD,2011,petrol,3.5,12.1
Honda,Ridgeline AWD,2012,petrol,3.5,11.8
Honda,Ridgeline AWD,2013,petrol,3.5,11.8
Honda,Ridgeline AWD,2014,petrol,3.5,11.8
Honda,Ridgeline AWD,2017,petrol,3.5,11.3
Honda,Ridgeline AWD,2018,petrol,3.5,11.3
Honda,Ridgeline AWD,2019,petrol,3.5,11.3
Honda,Ridgeline AWD,2020,petrol,3.5,11.4
Honda,Ridgeline AWD,2021,petrol,3.5,11.5
Honda,Ridgeline AWD,2022,petrol,3.5,11.5
Honda,Ridgeline AWD,2023,petrol,3.5,11.5
Honda,Ridgeline AWD,2024,petrol,3.5,11.5
Honda,Ridgeline AWD,2025,petrol,3.5,11.5
Honda,Ridgeline AWD,2026,petrol,3.5,11.5
Honda,Ridgeline AWD TrailSport,2024,petrol,3.5,11.6
Honda,Ridgeline AWD TrailSport,2025,petrol,3.5,11.6
Honda,Ridgeline AWD TrailSport,2026,petrol,3.5,11.6
Honda,S2000,2005,petrol,2.2,10.5
Honda,S2000,2006,petrol,2.2,10.2
Honda,S2000,2007,petrol,2.2,10.2
Honda,S2000,2008,petrol,2.2,10.2
Honda,S2000,2009,petrol,2.2,10.2
Hyundai,Accent,2005,petrol,1.6,7.55
Hyundai,Accent,2007,petrol,1.6,7.15
Hyundai,Accent,2008,petrol,1.6,7.1
Hyundai,Accent,2009,petrol,1.6,6.85
Hyundai,Accent,2010,petrol,1.6,6.6
Hyundai,Accent,2011,petrol,1.6,6.65
Hyundai,Accent,2012,petrol,1.6,6.25
Hyundai,Accent,2013,petrol,1.6,6.3
Hyundai,Accent,2014,petrol,1.6,6.5
Hyundai,Accent,2015,petrol,1.6,7.65
Hyundai,Accent,2016,petrol,1.6,7.65
Hyundai,Accent,2017,petrol,1.6,7.85
Hyundai,Accent,2018,petrol,1.6,7.35
Hyundai,Accent,2019,petrol,1.6,7.3
Hyundai,Accent,2020,petrol,1.6,6.85
Hyundai,Accent 3/5-Door,2006,petrol,1.6,7.55
Hyundai,Accent 4-Door,2006,petrol,1.6,7.0
Hyundai,Azera,2006,petrol,3.8,10.2
Hyundai,Azera,2007,petrol,3.8,10.2
Hyundai,Azera,2008,petrol,3.8,10.2
Hyundai,Azera,2009,petrol,3.8,10.2
Hyundai,Elantra,2005,petrol,2.0,8.0
Hyundai,Elantra,2006,petrol,2.0,8.0
Hyundai,Elantra,2007,petrol,2.0,7.25
Hyundai,Elantra,2008,petrol,2.0,7.25
Hyundai,Elantra,2009,petrol,2.0,7.25
Hyundai,Elantra,2010,petrol,2.0,6.95
Hyundai,Elantra,2011,petrol,1.8,6.25
Hyundai,Elantra,2012,petrol,1.8,6.25
Hyundai,Elantra,2013,petrol,1.8,6.3
Hyundai,Elantra,2015,petrol,1.8,7.6
Hyundai,Elantra,2015,petrol,2.0,8.4
Hyundai,Elantra,2016,petrol,1.8,7.6
Hyundai,Elantra,2016,petrol,2.0,8.4
Hyundai,Elantra,2017,petrol,2.0,7.7
Hyundai,Elantra,2018,petrol,1.6,8.75
Hyundai,Elantra,2018,petrol,2.0,7.7
Hyundai,Elantra,2019,petrol,1.6,8.75
Hyundai,Elantra,2019,petrol,2.0,7.7
Hyundai,Elantra,2020,petrol,1.6,8.55
Hyundai,Elantra,2020,petrol,2.0,7.35
Hyundai,Elantra,2021,petrol,1.6,7.6
Hyundai,Elantra,2021,petrol,2.0,7.25
Hyundai,Elantra,2022,petrol,1.6,7.6
Hyundai,Elantra,2022,petrol,2.0,7.25
Hyundai,Elantra,2023,petrol,1.6,7.6
Hyundai,Elantra,2023,petrol,2.0,6.7
Hyundai,Elantra,2024,petrol,1.6,7.6
Hyundai,Elantra,2024,petrol,2.0,6.8
Hyundai,Elantra,2025,petrol,1.6,7.6
Hyundai,Elantra,2025,petrol,2.0,6.9
Hyundai,Elantra,2026,petrol,1.6,7.6
Hyundai,Elantra,2026,petrol,2.0,6.9
Hyundai,Elantra (ISG),2021,petrol,2.0,6.4
Hyundai,Elantra (ISG),2022,petrol,2.0,6.4
Hyundai,Elantra (ISG),2023,petrol,2.0,6.4
Hyundai,Elantra (Stop/Start),2024,petrol,2.0,6.5
Hyundai,Elantra (Stop/Start),2025,petrol,2.0,6.5
Hyundai,Elantra (Stop/Start),2026,petrol,2.0,6.8
Hyundai,Elantra Blue,2010,petrol,2.0,6.8
Hyundai,Elantra Coupe,2013,petrol,1.8,6.4
Hyundai,Elantra Coupe,2015,petrol,2.0,8.3
Hyundai,Elantra Hybrid,2023,hybrid,1.6,4.7
Hyundai,Elantra Hybrid,2024,hybrid,1.6,4.7
Hyundai,Elantra Hybrid,2025,hybrid,1.6,4.7
Hyundai,Elantra Hybrid,2026,hybrid,1.6,4.7
Hyundai,Elantra Hybrid Blue,2021,hybrid,1.6,4.4
Hyundai,Elantra Hybrid Blue,2022,hybrid,1.6,4.4
Hyundai,Elantra N,2022,petrol,2.0,9.8
Hyundai,Elantra N,2023,petrol,2.0,9.8
Hyundai,Elantra N,2024,petrol,2.0,10.05
Hyundai,Elantra N,2025,petrol,2.0,10.05
Hyundai,Elantra N,2026,petrol,2.0,10.05
Hyundai,Elantra Touring,2009,petrol,2.0,7.75
Hyundai,Elantra Touring,2010,petrol,2.0,7.75
Hyundai,Elantra Touring,2011,petrol,2.0,7.75
Hyundai,Elantra Touring,2012,petrol,2.0,7.75
Hyundai,Entourage,2007,petrol,3.8,11.2
Hyundai,Entourage,2008,petrol,3.8,11.2
Hyundai,Entourage,2009,petrol,3.8,11.2
Hyundai,Equus,2011,petrol,4.6,11.1
Hyundai,Equus,2012,petrol,5.0,11.4
Hyundai,Equus,2013,petrol,5.0,11.4
Hyundai,Equus,2014,petrol,5.0,11.7
Hyundai,Equus,2015,petrol,5.0,13.3
Hyundai,Equus,2016,petrol,5.0,13.3
Hyundai,Genesis,2009,petrol,3.8,9.5
Hyundai,Genesis,2009,petrol,4.6,10.6
Hyundai,Genesis,2010,petrol,3.8,9.5
Hyundai,Genesis,2010,petrol,4.6,10.6
Hyundai,Genesis,2011,petrol,3.8,9.5
Hyundai,Genesis,2011,petrol,4.6,10.5
Hyundai,Genesis,2012,petrol,3.8,9.5
Hyundai,Genesis,2013,petrol,3.8,9.5
Hyundai,Genesis,2014,petrol,3.8,9.6
Hyundai,Genesis AWD,2015,petrol,3.8,12.1
Hyundai,Genesis AWD,2015,petrol,5.0,14.2
Hyundai,Genesis AWD,2016,petrol,3.8,12.1
Hyundai,Genesis AWD,2016,petrol,5.0,14.2
Hyundai,Genesis Coupe,2010,petrol,2.0,8.6
Hyundai,Genesis Coupe,2010,petrol,3.8,9.9
Hyundai,Genesis Coupe,2011,petrol,2.0,8.65
Hyundai,Genesis Coupe,2011,petrol,3.8,10.0
Hyundai,Genesis Coupe,2012,petrol,2.0,8.65
Hyundai,Genesis Coupe,2012,petrol,3.8,10.0
Hyundai,Genesis Coupe,2013,petrol,2.0,8.55
Hyundai,Genesis Coupe,2013,petrol,3.8,9.5
Hyundai,Genesis Coupe,2015,petrol,3.8,12.35
Hyundai,Genesis Coupe,2016,petrol,3.8,12.15
Hyundai,Genesis R-Spec,2012,petrol,5.0,11.3
Hyundai,Genesis R-Spec,2013,petrol,5.0,11.2
Hyundai,IONIQ,2017,petrol,1.6,4.4
Hyundai,IONIQ,2018,petrol,1.6,4.3
Hyundai,IONIQ,2019,petrol,1.6,4.3
Hyundai,IONIQ,2020,petrol,1.6,4.2
Hyundai,IONIQ,2021,petrol,1.6,4.2
Hyundai,IONIQ,2022,petrol,1.6,4.2
Hyundai,IONIQ 5 Long Range,2022,electric,,18.6
Hyundai,IONIQ 5 Long Range,2023,electric,,18.6
Hyundai,IONIQ 5 Long Range,2024,electric,,18.6
Hyundai,IONIQ 5 Long Range,2025,electric,,16.9
Hyundai,IONIQ 5 Long Range,2026,electric,,16.9
Hyundai,IONIQ 5 Long Range AWD,2022,electric,,21.3
Hyundai,IONIQ 5 Long Range AWD,2023,electric,,21.0
Hyundai,IONIQ 5 Long Range AWD,2024,electric,,21.5
Hyundai,"IONIQ 5 Long Range AWD (19"" Wheels)",2025,electric,,20.1
Hyundai,"IONIQ 5 Long Range AWD (19"" Wheels)",2026,electric,,20.1
Hyundai,"IONIQ 5 Long Range AWD (20"" Wheels)",2025,electric,,21.5
Hyundai,"IONIQ 5 Long Range AWD (20"" Wheels)",2026,electric,,21.5
Hyundai,IONIQ 5 Long Range AWD XRT,2025,electric,,22.2
Hyundai,IONIQ 5 Long Range AWD XRT,2026,electric,,22.2
Hyundai,IONIQ 5 N,2025,electric,,26.7
Hyundai,IONIQ 5 N,2026,electric,,26.7
Hyundai,IONIQ 5 Standard Range,2022,electric,,19.3
Hyundai,IONIQ 5 Standard Range,2023,electric,,19.3
Hyundai,IONIQ 5 Standard Range,2025,electric,,18.5
Hyundai,"IONIQ 6 Long Range (18"" Wheels)",2023,electric,,14.9
Hyundai,"IONIQ 6 Long Range (18"" Wheels)",2024,electric,,14.9
Hyundai,"IONIQ 6 Long Range (18"" Wheels)",2025,electric,,16.2
Hyundai,"IONIQ 6 Long Range (20"" Wheels)",2024,electric,,18.0
Hyundai,"IONIQ 6 Long Range (20"" Wheels)",2025,electric,,18.6
Hyundai,"IONIQ 6 Long Range AWD (18"" Wheels)",2023,electric,,17.4
Hyundai,"IONIQ 6 Long Range AWD (18"" Wheels)",2024,electric,,17.4
Hyundai,"IONIQ 6 Long Range AWD (18"" Wheels)",2025,electric,,17.4
Hyundai,"IONIQ 6 Long Range AWD (20"" Wheels)",2023,electric,,20.5
Hyundai,"IONIQ 6 Long Range AWD (20"" Wheels)",2024,electric,,20.5
Hyundai,"IONIQ 6 Long Range AWD (20"" Wheels)",2025,electric,,20.5
Hyundai,IONIQ 6 Standard Range,2023,electric,,15.5
Hyundai,IONIQ 9,2026,electric,,23.0
Hyundai,IONIQ 9 AWD,2026,electric,,23.8
Hyundai,IONIQ 9 AWD Performance,2026,electric,,24.7
Hyundai,IONIQ Blue,2017,petrol,1.6,4.1
Hyundai,IONIQ Blue,2018,petrol,1.6,4.1
Hyundai,IONIQ Blue,2019,petrol,1.6,4.1
Hyundai,IONIQ Blue,2020,petrol,1.6,4.1
Hyundai,IONIQ Blue,2021,petrol,1.6,4.0
Hyundai,IONIQ Blue,2022,petrol,1.6,4.0
Hyundai,IONIQ Electric,2017,electric,,15.5
Hyundai,IONIQ Electric,2018,electric,,15.5
Hyundai,IONIQ Electric,2019,electric,,15.5
Hyundai,IONIQ Electric,2020,electric,,15.8
Hyundai,IONIQ Electric,2021,electric,,15.8
Hyundai,IONIQ Electric Plus,2018,hybrid,1.6,4.5
Hyundai,IONIQ Electric Plus,2019,hybrid,1.6,4.5
Hyundai,IONIQ Electric Plus,2020,hybrid,1.6,4.5
Hyundai,IONIQ Plug-in Hybrid,2021,hybrid,1.6,4.5
Hyundai,IONIQ Plug-in Hybrid,2022,hybrid,1.6,4.5
Hyundai,Kona,2018,petrol,2.0,7.9
Hyundai,Kona,2019,petrol,2.0,7.9
Hyundai,Kona,2020,petrol,2.0,7.9
Hyundai,Kona,2021,petrol,2.0,7.9
Hyundai,Kona,2022,petrol,1.6,7.5
Hyundai,Kona,2022,petrol,2.0,7.4
Hyundai,Kona,2023,petrol,2.0,7.4
Hyundai,Kona,2024,petrol,2.0,7.6
Hyundai,Kona,2025,petrol,2.0,7.6
Hyundai,Kona,2026,petrol,2.0,7.6
Hyundai,Kona (Stop/Start),2024,petrol,2.0,7.5
Hyundai,Kona (Stop/Start),2025,petrol,2.0,7.5
Hyundai,Kona (Stop/Start),2026,petrol,2.0,7.5
Hyundai,Kona AWD,2018,petrol,1.6,8.6
Hyundai,Kona AWD,2018,petrol,2.0,8.6
Hyundai,Kona AWD,2019,petrol,1.6,8.6
Hyundai,Kona AWD,2019,petrol,2.0,8.6
Hyundai,Kona AWD,2020,petrol,1.6,8.6
Hyundai,Kona AWD,2020,petrol,2.0,8.6
Hyundai,Kona AWD,2021,petrol,1.6,8.6
Hyundai,Kona AWD,2021,petrol,2.0,8.6
Hyundai,Kona AWD,2022,petrol,1.6,8.2
Hyundai,Kona AWD,2022,petrol,2.0,7.9
Hyundai,Kona AWD,2023,petrol,1.6,8.2
Hyundai,Kona AWD,2023,petrol,2.0,7.9
Hyundai,Kona AWD,2024,petrol,1.6,9.1
Hyundai,Kona AWD,2024,petrol,2.0,8.6
Hyundai,Kona AWD,2025,petrol,1.6,9.0
Hyundai,Kona AWD,2025,petrol,2.0,8.6
Hyundai,Kona AWD,2026,petrol,1.6,9.0
Hyundai,Kona AWD,2026,petrol,2.0,8.6
Hyundai,Kona AWD (Stop/Start),2024,petrol,2.0,8.5
Hyundai,Kona AWD (Stop/Start),2025,petrol,2.0,8.5
Hyundai,Kona AWD (Stop/Start),2026,petrol,2.0,8.5
Hyundai,Kona Electric,2019,electric,,17.4
Hyundai,Kona Electric,2020,electric,,17.4
Hyundai,Kona Electric,2021,electric,,17.4
Hyundai,Kona Electric,2022,electric,,17.4
Hyundai,Kona Electric,2023,electric,,17.4
Hyundai,Kona Electric,2026,electric,,18.1
Hyundai,"Kona Electric (17"" Wheels)",2025,electric,,18.1
Hyundai,"Kona Electric (19"" Wheels)",2025,electric,,20.5
Hyundai,Kona Electric Long Range,2024,electric,,18.1
Hyundai,Kona N,2022,petrol,2.0,10.4
Hyundai,Kona N,2023,petrol,2.0,10.4
Hyundai,Palisade,2020,petrol,3.8,10.5
Hyundai,Palisade,2021,petrol,3.8,10.5
Hyundai,Palisade AWD,2020,petrol,3.8,11.1
Hyundai,Palisade AWD,2021,petrol,3.8,11.1
Hyundai,Palisade AWD,2022,petrol,3.8,11.1
Hyundai,Palisade AWD,2023,petrol,3.8,11.2
Hyundai,Palisade AWD,2024,petrol,3.8,11.1
Hyundai,Palisade AWD,2025,petrol,3.8,11.1
Hyundai,Palisade AWD,2026,petrol,3.5,11.9
Hyundai,Palisade AWD XRT Pro,2026,petrol,3.5,12.7
Hyundai,Palisade Hybrid AWD,2026,hybrid,2.5,8.1
Hyundai,Santa Cruz AWD,2022,petrol,2.5,10.6
Hyundai,Santa Cruz AWD,2023,petrol,2.5,10.6
Hyundai,Santa Cruz AWD,2024,petrol,2.5,10.6
Hyundai,Santa Cruz AWD,2025,petrol,2.5,10.7
Hyundai,Santa Cruz AWD,2026,petrol,2.5,11.4
Hyundai,Santa Cruz AWD XRT,2025,petrol,2.5,11.1
Hyundai,Santa Cruz AWD XRT,2026,petrol,2.5,11.5
Hyundai,Santa Fe,2005,petrol,2.4,10.0
Hyundai,Santa Fe,2005,petrol,2.7,10.5
Hyundai,Santa Fe,2006,petrol,2.4,10.0
Hyundai,Santa Fe,2006,petrol,2.7,10.5
Hyundai,Santa Fe,2007,petrol,2.7,10.2
Hyundai,Santa Fe,2007,petrol,3.3,10.7
Hyundai,Santa Fe,2008,petrol,2.7,10.2
Hyundai,Santa Fe,2008,petrol,3.3,10.5
Hyundai,Santa Fe,2009,petrol,2.7,10.2
Hyundai,Santa Fe,2009,petrol,3.3,10.5
Hyundai,Santa Fe,2010,petrol,2.4,9.1
Hyundai,Santa Fe,2010,petrol,3.5,9.0
Hyundai,Santa Fe,2011,petrol,2.4,9.25
Hyundai,Santa Fe,2011,petrol,3.5,9.0
Hyundai,Santa Fe,2012,petrol,2.4,9.25
Hyundai,Santa Fe,2012,petrol,3.5,9.0
Hyundai,Santa Fe,2014,petrol,3.3,9.8
Hyundai,Santa Fe,2015,petrol,3.3,11.3
Hyundai,Santa Fe,2016,petrol,3.3,11.3
Hyundai,Santa Fe,2017,petrol,3.3,11.3
Hyundai,Santa Fe,2018,petrol,3.3,11.3
Hyundai,Santa Fe,2019,petrol,2.4,9.6
Hyundai,Santa Fe,2020,petrol,2.4,9.6
Hyundai,Santa Fe,2021,petrol,2.5,9.1
Hyundai,Santa Fe 4WD,2010,petrol,3.5,9.2
Hyundai,Santa Fe 4WD,2011,petrol,2.4,9.4
Hyundai,Santa Fe 4WD,2011,petrol,3.5,9.3
Hyundai,Santa Fe 4WD,2012,petrol,2.4,9.4
Hyundai,Santa Fe 4WD,2012,petrol,3.5,9.3
Hyundai,Santa Fe 4WD,2014,petrol,3.3,10.1
Hyundai,Santa Fe 4X4,2006,petrol,2.7,11.3
Hyundai,Santa Fe 4X4,2006,petrol,3.5,12.1
Hyundai,Santa Fe 4X4,2007,petrol,3.3,11.0
Hyundai,Santa Fe 4X4,2008,petrol,3.3,10.7
Hyundai,Santa Fe 4X4,2009,petrol,3.3,10.7
Hyundai,Santa Fe AWD,2005,petrol,2.7,11.3
Hyundai,Santa Fe AWD,2005,petrol,3.5,12.1
Hyundai,Santa Fe AWD,2015,petrol,3.3,11.5
Hyundai,Santa Fe AWD,2016,petrol,3.3,11.5
Hyundai,Santa Fe AWD,2017,petrol,3.3,11.5
Hyundai,Santa Fe AWD,2018,petrol,3.3,11.5
Hyundai,Santa Fe AWD,2019,petrol,2.0,11.2
Hyundai,Santa Fe AWD,2019,petrol,2.4,10.1
Hyundai,Santa Fe AWD,2020,petrol,2.0,10.7
Hyundai,Santa Fe AWD,2020,petrol,2.4,10.1
Hyundai,Santa Fe AWD,2021,petrol,2.5,9.95
Hyundai,Santa Fe AWD,2022,petrol,2.5,9.95
Hyundai,Santa Fe AWD,2023,petrol,2.5,9.95
Hyundai,Santa Fe AWD,2024,petrol,2.5,10.6
Hyundai,Santa Fe AWD,2025,petrol,2.5,10.6
Hyundai,Santa Fe AWD,2026,petrol,2.5,10.7
Hyundai,Santa Fe AWD XRT,2024,petrol,2.5,10.8
Hyundai,Santa Fe AWD XRT,2025,petrol,2.5,10.8
Hyundai,Santa Fe AWD XRT,2026,petrol,2.5,11.2
Hyundai,Santa Fe Hybrid,2021,hybrid,1.6,7.4
Hyundai,Santa Fe Hybrid,2022,hybrid,1.6,7.4
Hyundai,Santa Fe Hybrid,2023,hybrid,1.6,7.4
Hyundai,Santa Fe Hybrid AWD,2024,hybrid,1.6,6.9
Hyundai,Santa Fe Hybrid AWD,2025,hybrid,1.6,6.9
Hyundai,Santa Fe Hybrid AWD,2026,hybrid,1.6,6.9
Hyundai,Santa Fe Plug-in Hybrid,2022,hybrid,1.6,7.2
Hyundai,Santa Fe Plug-in Hybrid,2023,hybrid,1.6,7.2
Hyundai,Santa Fe Sport,2013,petrol,2.0,9.0
Hyundai,Santa Fe Sport,2013,petrol,2.4,8.6
Hyundai,Santa Fe Sport,2014,petrol,2.4,8.9
Hyundai,Santa Fe Sport,2015,petrol,2.4,10.3
Hyundai,Santa Fe Sport,2016,petrol,2.4,10.3
Hyundai,Santa Fe Sport,2017,petrol,2.4,10.0
Hyundai,Santa Fe Sport,2018,petrol,2.4,10.0
Hyundai,Santa Fe Sport 4WD,2013,petrol,2.0,9.8
Hyundai,Santa Fe Sport 4WD,2013,petrol,2.4,9.3
Hyundai,Santa Fe Sport 4WD,2014,petrol,2.0,10.0
Hyundai,Santa Fe Sport 4WD,2014,petrol,2.4,9.6
Hyundai,Santa Fe Sport AWD,2015,petrol,2.0,11.5
Hyundai,Santa Fe Sport AWD,2015,petrol,2.4,11.1
Hyundai,Santa Fe Sport AWD,2016,petrol,2.0,11.5
Hyundai,Santa Fe Sport AWD,2016,petrol,2.4,11.1
Hyundai,Santa Fe Sport AWD,2017,petrol,2.0,11.2
Hyundai,Santa Fe Sport AWD,2017,petrol,2.4,10.7
Hyundai,Santa Fe Sport AWD,2018,petrol,2.4,10.7
Hyundai,Santa Fe Sport Ultimate AWD,2018,petrol,2.0,11.2
Hyundai,Santa Fe Ultimate AWD,2015,petrol,3.3,12.5
Hyundai,Santa Fe Ultimate AWD,2016,petrol,3.3,12.5
Hyundai,Santa Fe Ultimate AWD,2017,petrol,3.3,12.5
Hyundai,Santa Fe Ultimate AWD,2018,petrol,3.3,12.5
Hyundai,Santa Fe XL,2019,petrol,3.3,11.5
Hyundai,Santa Fe XL AWD,2019,petrol,3.3,11.7
Hyundai,Santa Fe XL Ultimate AWD,2019,petrol,3.3,12.6
Hyundai,Sonata,2005,petrol,2.4,9.2
Hyundai,Sonata,2005,petrol,2.7,10.2
Hyundai,Sonata,2006,petrol,2.4,8.25
Hyundai,Sonata,2006,petrol,3.3,9.6
Hyundai,Sonata,2007,petrol,2.4,8.25
Hyundai,Sonata,2007,petrol,3.3,9.6
Hyundai,Sonata,2008,petrol,2.4,8.25
Hyundai,Sonata,2008,petrol,3.3,9.3
Hyundai,Sonata,2009,petrol,2.4,8.05
Hyundai,Sonata,2009,petrol,3.3,9.0
Hyundai,Sonata,2010,petrol,2.4,8.05
Hyundai,Sonata,2010,petrol,3.3,9.0
Hyundai,Sonata,2011,petrol,2.0,7.8
Hyundai,Sonata,2011,petrol,2.4,7.55
Hyundai,Sonata,2012,petrol,2.0,7.7
Hyundai,Sonata,2012,petrol,2.4,7.35
Hyundai,Sonata,2013,petrol,2.0,7.7
Hyundai,Sonata,2013,petrol,2.4,7.3
Hyundai,Sonata,2014,petrol,2.0,8.4
Hyundai,Sonata,2014,petrol,2.4,7.3
Hyundai,Sonata,2015,petrol,2.0,9.1
Hyundai,Sonata,2015,petrol,2.4,8.4
Hyundai,Sonata,2016,petrol,2.0,9.1
Hyundai,Sonata,2016,petrol,2.4,8.1
Hyundai,Sonata,2017,petrol,2.0,9.2
Hyundai,Sonata,2017,petrol,2.4,8.2
Hyundai,Sonata,2018,petrol,2.0,9.1
Hyundai,Sonata,2018,petrol,2.4,8.5
Hyundai,Sonata,2019,petrol,2.0,9.1
Hyundai,Sonata,2019,petrol,2.4,8.3
Hyundai,Sonata,2020,petrol,1.6,7.7
Hyundai,Sonata,2020,petrol,2.5,7.7
Hyundai,Sonata,2021,petrol,1.6,7.7
Hyundai,Sonata,2021,petrol,2.5,8.25
Hyundai,Sonata,2022,petrol,1.6,7.7
Hyundai,Sonata,2022,petrol,2.5,8.25
Hyundai,Sonata,2023,petrol,1.6,7.9
Hyundai,Sonata,2023,petrol,2.5,8.25
Hyundai,Sonata,2024,petrol,2.5,8.5
Hyundai,Sonata,2025,petrol,2.5,8.5
Hyundai,Sonata,2026,petrol,2.5,8.8
Hyundai,Sonata AWD,2024,petrol,2.5,8.6
Hyundai,Sonata AWD,2025,petrol,2.5,8.6
Hyundai,Sonata AWD,2026,petrol,2.5,8.6
Hyundai,Sonata Hybrid,2011,hybrid,2.4,5.3
Hyundai,Sonata Hybrid,2012,hybrid,2.4,5.3
Hyundai,Sonata Hybrid,2013,hybrid,2.4,5.2
Hyundai,Sonata Hybrid,2014,hybrid,2.4,5.2
Hyundai,Sonata Hybrid,2015,hybrid,2.4,6.3
Hyundai,Sonata Hybrid,2016,hybrid,2.0,5.6
Hyundai,Sonata Hybrid,2017,hybrid,2.0,6.0
Hyundai,Sonata Hybrid,2018,hybrid,2.0,5.7
Hyundai,Sonata Hybrid,2019,hybrid,2.0,5.7
Hyundai,Sonata Hybrid,2020,hybrid,2.0,5.0
Hyundai,Sonata Hybrid,2021,hybrid,2.0,5.0
Hyundai,Sonata Hybrid,2022,hybrid,2.0,5.0
Hyundai,Sonata Hybrid,2023,hybrid,2.0,5.0
Hyundai,Sonata Hybrid,2024,hybrid,2.0,5.0
Hyundai,Sonata Hybrid,2025,hybrid,2.0,5.0
Hyundai,Sonata Hybrid,2026,hybrid,2.0,5.0
Hyundai,Sonata Hybrid Limited,2013,hybrid,2.4,5.2
Hyundai,Sonata Hybrid Limited,2014,hybrid,2.4,5.2
Hyundai,Sonata Hybrid Limited,2015,hybrid,2.4,6.3
Hyundai,Sonata Hybrid Limited,2016,hybrid,2.0,5.8
Hyundai,Sonata Hybrid SE,2017,hybrid,2.0,5.7
Hyundai,Sonata Hybrid SE,2018,hybrid,2.0,5.6
Hyundai,Sonata Hybrid SE,2019,hybrid,2.0,5.6
Hyundai,Sonata Plug-in Hybrid,2016,hybrid,2.0,5.9
Hyundai,Sonata Plug-in Hybrid,2017,hybrid,2.0,6.1
Hyundai,Sonata Plug-in Hybrid,2019,hybrid,2.0,6.0
Hyundai,Sonata SE,2019,petrol,2.4,8.1
Hyundai,Sonata Sport/Limited,2015,petrol,2.4,8.4
Hyundai,Sonata Sport/Limited,2016,petrol,2.4,8.6
Hyundai,Sonata Sport/Limited,2017,petrol,2.4,8.7
Hyundai,Tiburon,2005,petrol,2.0,8.95
Hyundai,Tiburon,2005,petrol,2.7,10.6
Hyundai,Tiburon,2006,petrol,2.0,8.95
Hyundai,Tiburon,2006,petrol,2.7,10.7
Hyundai,Tiburon,2007,petrol,2.0,8.95
Hyundai,Tiburon,2007,petrol,2.7,10.5
Hyundai,Tiburon,2008,petrol,2.0,8.95
Hyundai,Tiburon,2008,petrol,2.7,10.53
Hyundai,Tucson,2005,petrol,2.0,9.45
Hyundai,Tucson,2005,petrol,2.7,10.3
Hyundai,Tucson,2007,petrol,2.0,9.4
Hyundai,Tucson,2007,petrol,2.7,10.3
Hyundai,Tucson,2008,petrol,2.0,9.35
Hyundai,Tucson,2008,petrol,2.7,10.3
Hyundai,Tucson,2009,petrol,2.0,9.2
Hyundai,Tucson,2009,petrol,2.7,10.0
Hyundai,Tucson,2010,petrol,2.4,8.05
Hyundai,Tucson,2011,petrol,2.0,8.4
Hyundai,Tucson,2011,petrol,2.4,8.35
Hyundai,Tucson,2012,petrol,2.0,8.7
Hyundai,Tucson,2012,petrol,2.4,8.3
Hyundai,Tucson,2013,petrol,2.0,8.7
Hyundai,Tucson,2013,petrol,2.4,8.3
Hyundai,Tucson,2014,petrol,2.0,8.35
Hyundai,Tucson,2014,petrol,2.4,8.6
Hyundai,Tucson,2015,petrol,2.0,9.7
Hyundai,Tucson,2015,petrol,2.4,10.0
Hyundai,Tucson,2016,petrol,2.0,9.0
Hyundai,Tucson,2017,petrol,1.6,9.3
Hyundai,Tucson,2017,petrol,2.0,9.0
Hyundai,Tucson,2018,petrol,2.0,9.0
Hyundai,Tucson,2019,petrol,2.0,9.1
Hyundai,Tucson,2020,petrol,2.0,9.1
Hyundai,Tucson,2021,petrol,2.0,9.1
Hyundai,Tucson,2022,petrol,2.5,8.2
Hyundai,Tucson,2023,petrol,2.5,8.5
Hyundai,Tucson 4WD,2010,petrol,2.4,8.6
Hyundai,Tucson 4WD,2011,petrol,2.4,9.0
Hyundai,Tucson 4WD,2012,petrol,2.4,8.9
Hyundai,Tucson 4WD,2013,petrol,2.4,9.0
Hyundai,Tucson 4WD,2014,petrol,2.0,9.0
Hyundai,Tucson 4WD,2014,petrol,2.4,9.1
Hyundai,Tucson 4X4,2007,petrol,2.7,10.7
Hyundai,Tucson 4X4,2008,petrol,2.7,10.7
Hyundai,Tucson 4X4,2009,petrol,2.7,10.3
Hyundai,Tucson AWD,2005,petrol,2.7,10.7
Hyundai,Tucson AWD,2015,petrol,2.0,10.4
Hyundai,Tucson AWD,2015,petrol,2.4,10.6
Hyundai,Tucson AWD,2016,petrol,1.6,9.2
Hyundai,Tucson AWD,2016,petrol,2.0,10.1
Hyundai,Tucson AWD,2017,petrol,2.0,10.2
Hyundai,Tucson AWD,2018,petrol,1.6,9.3
Hyundai,Tucson AWD,2018,petrol,2.0,10.2
Hyundai,Tucson AWD,2019,petrol,2.0,10.1
Hyundai,Tucson AWD,2019,petrol,2.4,10.1
Hyundai,Tucson AWD,2020,petrol,2.0,10.1
Hyundai,Tucson AWD,2020,petrol,2.4,10.1
Hyundai,Tucson AWD,2021,petrol,2.0,10.1
Hyundai,Tucson AWD,2021,petrol,2.4,10.1
Hyundai,Tucson AWD,2022,petrol,2.5,9.0
Hyundai,Tucson AWD,2023,petrol,2.5,9.3
Hyundai,Tucson AWD,2024,petrol,2.5,9.1
Hyundai,Tucson AWD,2025,petrol,2.5,8.8
Hyundai,Tucson AWD,2026,petrol,2.5,8.8
Hyundai,Tucson Hybrid,2022,hybrid,1.6,6.4
Hyundai,Tucson Hybrid,2023,hybrid,1.6,6.4
Hyundai,Tucson Hybrid,2024,hybrid,1.6,6.4
Hyundai,Tucson Hybrid,2025,hybrid,1.6,6.7
Hyundai,Tucson Hybrid,2026,hybrid,1.6,6.7
Hyundai,Tucson Plug-in Hybrid,2022,hybrid,1.6,6.7
Hyundai,Tucson Plug-in Hybrid,2023,hybrid,1.6,6.7
Hyundai,Tucson Plug-in Hybrid,2024,hybrid,1.6,6.7
Hyundai,Tucson Plug-in Hybrid,2025,hybrid,1.6,6.7
Hyundai,Tucson Plug-in Hybrid,2026,hybrid,1.6,6.7
Hyundai,Tucson Wagon,2006,petrol,2.0,9.45
Hyundai,Tucson Wagon,2006,petrol,2.7,10.3
Hyundai,Tucson Wagon 4X4,2006,petrol,2.7,10.7
Hyundai,Veloster,2012,petrol,1.6,6.45
Hyundai,Veloster,2013,petrol,1.6,6.4
Hyundai,Veloster,2014,petrol,1.6,6.65
Hyundai,Veloster,2015,petrol,1.6,7.85
Hyundai,Veloster,2016,petrol,1.6,7.65
Hyundai,Veloster,2017,petrol,1.6,7.8
Hyundai,Veloster,2019,petrol,2.0,8.3
Hyundai,Veloster,2020,petrol,2.0,8.2
Hyundai,Veloster N,2019,petrol,2.0,9.5
Hyundai,Veloster N,2020,petrol,2.0,9.5
Hyundai,Veloster N,2021,petrol,2.0,10.0
Hyundai,Veloster N,2022,petrol,2.0,10.0
Hyundai,Veloster Turbo,2013,petrol,1.6,7.2
Hyundai,Veloster Turbo,2014,petrol,1.6,7.45
Hyundai,Veloster Turbo,2015,petrol,1.6,8.65
Hyundai,Veloster Turbo,2016,petrol,1.6,8.2
Hyundai,Veloster Turbo,2017,petrol,1.6,8.3
Hyundai,Veloster Turbo,2019,petrol,1.6,8.05
Hyundai,Veloster Turbo,2020,petrol,1.6,8.05
Hyundai,Venue,2020,petrol,1.6,7.65
Hyundai,Venue,2021,petrol,1.6,7.65
Hyundai,Venue,2022,petrol,1.6,7.65
Hyundai,Venue,2023,petrol,1.6,7.5
Hyundai,Venue,2024,petrol,1.6,7.5
Hyundai,Venue,2025,petrol,1.6,7.5
Hyundai,Venue,2026,petrol,1.6,7.5
Hyundai,Veracruz,2009,petrol,3.8,11.3
Hyundai,Veracruz,2010,petrol,3.8,10.8
Hyundai,Veracruz,2011,petrol,3.8,10.8
Hyundai,Veracruz,2012,petrol,3.8,10.8
Hyundai,Veracruz 4WD,2010,petrol,3.8,11.3
Hyundai,Veracruz 4WD,2011,petrol,3.8,11.3
Hyundai,Veracruz 4WD,2012,petrol,3.8,11.3
Hyundai,Veracruz 4X4,2007,petrol,3.8,11.7
Hyundai,Veracruz 4X4,2008,petrol,3.8,11.7
Hyundai,Veracruz 4X4,2009,petrol,3.8,11.7
Hyundai,XG350,2005,petrol,3.5,11.0
Hyundai,i30,2013,petrol,1.8,6.65
Hyundai,i30,2014,petrol,2.0,7.3
Hyundai,i30,2015,petrol,2.0,8.55
Hyundai,i30,2016,petrol,2.0,8.6
Hyundai,i30,2017,petrol,2.0,8.7
Hyundai,i30,2018,petrol,1.6,8.95
Hyundai,i30,2018,petrol,2.0,8.55
Hyundai,i30,2019,petrol,1.6,8.9
Hyundai,i30,2019,petrol,2.0,8.55
Hyundai,i30,2020,petrol,1.6,8.9
Hyundai,i30,2020,petrol,2.0,8.55
INEOS,Grenadier Belstaff Edition,2025,petrol,3.0,16.0
INEOS,Grenadier Black Edition,2026,petrol,3.0,16.0
INEOS,Grenadier Detour,2025,petrol,3.0,16.0
INEOS,Grenadier Fieldmaster Edition,2025,petrol,3.0,15.0
INEOS,Grenadier Fieldmaster Edition,2026,petrol,3.0,15.0
INEOS,Grenadier Quartermaster,2025,petrol,3.0,16.0
INEOS,Grenadier Quartermaster,2026,petrol,3.0,16.0
INEOS,Grenadier Quartermaster Black,2026,petrol,3.0,16.0
INEOS,Grenadier Quartermaster Fieldmaster,2025,petrol,3.0,16.0
INEOS,Grenadier Quartermaster Fieldmaster,2026,petrol,3.0,16.0
INEOS,Grenadier Quartermaster Trialmaster,2025,petrol,3.0,16.0
INEOS,Grenadier Quartermaster Trialmaster,2026,petrol,3.0,16.0
INEOS,Grenadier Station Wagon,2025,petrol,3.0,15.0
INEOS,Grenadier Station Wagon,2026,petrol,3.0,15.0
INEOS,Grenadier Trialmaster Edition,2025,petrol,3.0,16.0
INEOS,Grenadier Trialmaster Edition,2026,petrol,3.0,16.0
Infiniti,EX35 AWD,2008,petrol,3.5,11.0
Infiniti,EX35 AWD,2009,petrol,3.5,11.0
Infiniti,EX35 AWD,2010,petrol,3.5,11.0
Infiniti,EX35 AWD,2011,petrol,3.5,10.6
Infiniti,EX35 AWD,2012,petrol,3.5,10.6
Infiniti,EX37,2013,petrol,3.7,10.3
Infiniti,FX35 AWD,2005,petrol,3.5,12.4
Infiniti,FX35 AWD,2007,petrol,3.5,12.4
Infiniti,FX35 AWD,2008,petrol,3.5,12.4
Infiniti,FX35 AWD,2009,petrol,3.5,11.5
Infiniti,FX35 AWD,2010,petrol,3.5,11.5
Infiniti,FX35 AWD,2011,petrol,3.5,11.5
Infiniti,FX35 AWD,2012,petrol,3.5,11.6
Infiniti,FX37 AWD,2013,petrol,3.7,11.2
Infiniti,FX45 AWD,2005,petrol,4.5,13.6
Infiniti,FX45 AWD,2007,petrol,4.5,14.3
Infiniti,FX45 AWD,2008,petrol,4.5,14.3
Infiniti,FX50 AWD,2009,petrol,5.0,12.6
Infiniti,FX50 AWD,2010,petrol,5.0,12.7
Infiniti,FX50 AWD,2011,petrol,5.0,12.6
Infiniti,FX50 AWD,2012,petrol,5.0,12.6
Infiniti,FX50 AWD,2013,petrol,5.0,12.8
Infiniti,G25,2011,petrol,2.5,8.7
Infiniti,G25,2012,petrol,2.5,8.7
Infiniti,G25x,2011,petrol,2.5,9.1
Infiniti,G25x,2012,petrol,2.5,9.1
Infiniti,G35,2006,petrol,3.5,10.65
Infiniti,G35,2007,petrol,3.5,10.4
Infiniti,G35,2008,petrol,3.5,10.35
Infiniti,G35 #,2005,petrol,3.5,10.4
Infiniti,G35 AWD,2005,petrol,3.5,11.6
Infiniti,G35 AWD,2006,petrol,3.5,11.6
Infiniti,G35 Coupe,2005,petrol,3.5,10.9
Infiniti,G35 Coupe,2006,petrol,3.5,10.9
Infiniti,G35 Coupe,2007,petrol,3.5,10.75
Infiniti,G35 Coupe #,2006,petrol,3.5,10.4
Infiniti,G35 Sedan,2005,petrol,3.5,10.9
Infiniti,G35x,2007,petrol,3.5,10.8
Infiniti,G35x,2008,petrol,3.5,10.8
Infiniti,G37,2009,petrol,3.7,9.8
Infiniti,G37,2010,petrol,3.7,10.0
Infiniti,G37,2011,petrol,3.7,10.3
Infiniti,G37,2012,petrol,3.7,10.3
Infiniti,G37,2013,petrol,3.7,9.85
Infiniti,G37 Convertible,2010,petrol,3.7,10.5
Infiniti,G37 Convertible,2011,petrol,3.7,10.5
Infiniti,G37 Convertible,2012,petrol,3.7,10.5
Infiniti,G37 Convertible,2013,petrol,3.7,10.5
Infiniti,G37 Coupe,2008,petrol,3.7,10.15
Infiniti,G37 Coupe,2009,petrol,3.7,9.8
Infiniti,G37 Coupe,2010,petrol,3.7,10.0
Infiniti,G37 Coupe,2011,petrol,3.7,9.85
Infiniti,G37 Coupe,2012,petrol,3.7,9.85
Infiniti,G37 Coupe,2013,petrol,3.7,9.85
Infiniti,G37 Coupe Sport,2009,petrol,3.7,10.2
Infiniti,G37 Sport,2009,petrol,3.7,10.2
Infiniti,G37x,2010,petrol,3.7,10.0
Infiniti,G37x,2011,petrol,3.7,10.0
Infiniti,G37x,2012,petrol,3.7,10.0
Infiniti,G37x,2013,petrol,3.7,10.0
Infiniti,G37x AWD,2009,petrol,3.7,10.0
Infiniti,G37x AWD Coupe,2009,petrol,3.7,10.0
Infiniti,G37x Coupe,2010,petrol,3.7,10.0
Infiniti,G37x Coupe,2011,petrol,3.7,10.0
Infiniti,G37x Coupe,2012,petrol,3.7,10.0
Infiniti,G37x Coupe,2013,petrol,3.7,10.0
Infiniti,JX35 AWD,2013,petrol,3.5,10.2
Infiniti,M35,2006,petrol,3.5,11.2
Infiniti,M35,2007,petrol,3.5,11.1
Infiniti,M35,2008,petrol,3.5,11.1
Infiniti,M35,2009,petrol,3.5,10.6
Infiniti,M35,2010,petrol,3.5,10.6
Infiniti,M35 AWD,2006,petrol,3.5,11.3
Infiniti,M35h,2012,petrol,3.5,6.9
Infiniti,M35h,2013,petrol,3.5,6.9
Infiniti,M35x,2007,petrol,3.5,11.5
Infiniti,M35x,2008,petrol,3.5,11.5
Infiniti,M35x,2009,petrol,3.5,11.4
Infiniti,M35x,2010,petrol,3.5,11.4
Infiniti,M37,2011,petrol,3.7,9.7
Infiniti,M37,2012,petrol,3.7,9.8
Infiniti,M37,2013,petrol,3.7,9.6
Infiniti,M37x,2011,petrol,3.7,10.3
Infiniti,M37x,2012,petrol,3.7,10.3
Infiniti,M37x,2013,petrol,3.7,10.3
Infiniti,M45,2006,petrol,4.5,11.6
Infiniti,M45,2007,petrol,4.5,11.6
Infiniti,M45,2008,petrol,4.5,11.6
Infiniti,M45,2009,petrol,4.5,11.6
Infiniti,M45,2010,petrol,4.5,11.7
Infiniti,M45x,2008,petrol,4.5,12.9
Infiniti,M45x,2009,petrol,4.5,12.9
Infiniti,M45x,2010,petrol,4.5,12.9
Infiniti,M56,2011,petrol,5.6,10.7
Infiniti,M56,2012,petrol,5.6,11.2
Infiniti,M56,2013,petrol,5.6,10.7
Infiniti,M56x,2011,petrol,5.6,11.2
Infiniti,M56x,2012,petrol,5.6,11.2
Infiniti,M56x,2013,petrol,5.6,11.2
Infiniti,Q45,2005,petrol,4.5,11.6
Infiniti,Q50,2014,petrol,3.7,8.8
Infiniti,Q50,2015,petrol,3.7,10.3
Infiniti,Q50,2016,petrol,2.0,9.1
Infiniti,Q50,2016,petrol,3.0,10.3
Infiniti,Q50 AWD,2014,petrol,3.7,9.4
Infiniti,Q50 AWD,2015,petrol,3.7,10.8
Infiniti,Q50 AWD,2016,petrol,2.0,9.6
Infiniti,Q50 AWD,2016,petrol,3.0,10.6
Infiniti,Q50 AWD,2017,petrol,2.0,9.6
Infiniti,Q50 AWD,2017,petrol,3.0,10.9
Infiniti,Q50 AWD,2018,petrol,2.0,9.7
Infiniti,Q50 AWD,2018,petrol,3.0,10.8
Infiniti,Q50 AWD,2019,petrol,2.0,9.7
Infiniti,Q50 AWD,2019,petrol,3.0,10.8
Infiniti,Q50 AWD,2020,petrol,3.0,10.8
Infiniti,Q50 AWD,2021,petrol,3.0,10.8
Infiniti,Q50 AWD,2022,petrol,3.0,10.8
Infiniti,Q50 AWD,2023,petrol,3.0,10.8
Infiniti,Q50 AWD,2024,petrol,3.0,10.8
Infiniti,Q50 AWD Red Sport,2018,petrol,3.0,11.1
Infiniti,Q50 AWD Red Sport,2019,petrol,3.0,11.1
Infiniti,Q50 AWD Red Sport,2020,petrol,3.0,11.1
Infiniti,Q50 AWD Red Sport,2021,petrol,3.0,11.1
Infiniti,Q50 AWD Red Sport,2022,petrol,3.0,11.1
Infiniti,Q50 AWD Red Sport,2023,petrol,3.0,11.1
Infiniti,Q50 AWD Red Sport,2024,petrol,3.0,11.1
Infiniti,Q50 Hybrid,2014,hybrid,3.5,6.4
Infiniti,Q50 Hybrid,2015,hybrid,3.5,7.5
Infiniti,Q50 Hybrid,2016,hybrid,3.5,7.7
Infiniti,Q50 Hybrid AWD,2014,hybrid,3.5,7.0
Infiniti,Q50 Hybrid AWD,2015,hybrid,3.5,8.2
Infiniti,Q50 Hybrid AWD,2016,hybrid,3.5,8.2
Infiniti,Q50 Hybrid AWD,2017,hybrid,3.5,8.5
Infiniti,Q50 Hybrid AWD,2018,hybrid,3.5,8.5
Infiniti,Q50S AWD,2016,petrol,3.0,11.1
Infiniti,Q50S Red Sport,2016,petrol,3.0,10.5
Infiniti,Q50S Red Sport AWD,2016,petrol,3.0,10.8
Infiniti,Q50S Red Sport AWD,2017,petrol,3.0,10.9
Infiniti,Q60,2015,petrol,3.7,11.15
Infiniti,Q60 AWD,2015,petrol,3.7,11.5
Infiniti,Q60 AWD,2017,petrol,2.0,10.0
Infiniti,Q60 AWD,2017,petrol,3.0,10.8
Infiniti,Q60 AWD,2018,petrol,2.0,10.0
Infiniti,Q60 AWD,2018,petrol,3.0,10.7
Infiniti,Q60 AWD,2019,petrol,2.0,10.0
Infiniti,Q60 AWD,2019,petrol,3.0,10.7
Infiniti,Q60 AWD,2020,petrol,3.0,10.7
Infiniti,Q60 AWD,2021,petrol,3.0,10.7
Infiniti,Q60 AWD,2022,petrol,3.0,10.7
Infiniti,Q60 AWD Coupe,2014,petrol,3.7,10.1
Infiniti,Q60 AWD Red Sport,2018,petrol,3.0,11.0
Infiniti,Q60 AWD Red Sport,2019,petrol,3.0,11.0
Infiniti,Q60 AWD Red Sport,2020,petrol,3.0,11.0
Infiniti,Q60 AWD Red Sport,2021,petrol,3.0,11.0
Infiniti,Q60 AWD Red Sport,2022,petrol,3.0,11.0
Infiniti,Q60 Convertible,2014,petrol,3.7,10.45
Infiniti,Q60 Convertible,2015,petrol,3.7,12.0
Infiniti,Q60 Coupe,2014,petrol,3.7,9.9
Infiniti,Q60S Red Sport AWD,2017,petrol,3.0,11.0
Infiniti,Q70,2014,petrol,3.7,9.6
Infiniti,Q70,2014,petrol,5.6,10.7
Infiniti,Q70,2015,petrol,3.7,11.0
Infiniti,Q70,2015,petrol,5.6,12.4
Infiniti,Q70 AWD,2014,petrol,3.7,10.1
Infiniti,Q70 AWD,2014,petrol,5.6,11.3
Infiniti,Q70 AWD,2015,petrol,3.7,11.6
Infiniti,Q70 AWD,2015,petrol,5.6,12.9
Infiniti,Q70 AWD,2016,petrol,3.7,11.6
Infiniti,Q70 AWD,2016,petrol,5.6,12.8
Infiniti,Q70 AWD,2017,petrol,3.7,11.7
Infiniti,Q70 AWD,2017,petrol,5.6,12.8
Infiniti,Q70 AWD,2018,petrol,3.7,11.7
Infiniti,Q70 AWD,2018,petrol,5.6,12.8
Infiniti,Q70 AWD,2019,petrol,3.7,11.7
Infiniti,Q70 AWD,2019,petrol,5.6,12.8
Infiniti,Q70 Hybrid,2014,hybrid,3.5,6.4
Infiniti,Q70 Hybrid,2015,hybrid,3.5,7.5
Infiniti,Q70 Hybrid,2016,hybrid,3.5,7.5
Infiniti,Q70 Hybrid,2017,hybrid,3.5,7.8
Infiniti,QX30,2017,petrol,2.0,8.5
Infiniti,QX30,2018,petrol,2.0,8.5
Infiniti,QX30 AWD,2017,petrol,2.0,9.4
Infiniti,QX30 AWD,2018,petrol,2.0,9.4
Infiniti,QX50 AWD,2014,petrol,3.7,10.3
Infiniti,QX50 AWD,2015,petrol,3.7,11.9
Infiniti,QX50 AWD,2016,petrol,3.7,11.9
Infiniti,QX50 AWD,2017,petrol,3.7,11.9
Infiniti,QX50 AWD,2019,petrol,2.0,9.0
Infiniti,QX50 AWD,2020,petrol,2.0,9.7
Infiniti,QX50 AWD,2021,petrol,2.0,9.7
Infiniti,QX50 AWD,2022,petrol,2.0,9.7
Infiniti,QX50 AWD,2023,petrol,2.0,9.7
Infiniti,QX50 AWD,2024,petrol,2.0,9.7
Infiniti,QX50 AWD,2025,petrol,2.0,9.7
Infiniti,QX55 AWD,2022,petrol,2.0,9.5
Infiniti,QX55 AWD,2023,petrol,2.0,9.4
Infiniti,QX55 AWD,2024,petrol,2.0,9.4
Infiniti,QX55 AWD,2025,petrol,2.0,9.4
Infiniti,QX56 4WD,2009,petrol,5.6,14.8
Infiniti,QX56 4WD,2010,petrol,5.6,14.8
Infiniti,QX56 4WD,2011,petrol,5.6,13.2
Infiniti,QX56 4WD,2012,petrol,5.6,13.2
Infiniti,QX56 4WD,2013,petrol,5.6,13.2
Infiniti,QX56 4X4,2005,petrol,5.6,15.4
Infiniti,QX56 4X4,2006,petrol,5.6,15.4
Infiniti,QX56 4X4,2007,petrol,5.6,15.3
Infiniti,QX56 4X4,2008,petrol,5.6,15.3
Infiniti,QX60,2014,petrol,3.5,9.2
Infiniti,QX60,2015,petrol,3.5,10.1
Infiniti,QX60,2016,petrol,3.5,10.3
Infiniti,QX60,2017,petrol,3.5,10.5
Infiniti,QX60 AWD,2014,petrol,3.5,9.5
Infiniti,QX60 AWD,2015,petrol,3.5,10.7
Infiniti,QX60 AWD,2016,petrol,3.5,10.7
Infiniti,QX60 AWD,2017,petrol,3.5,10.9
Infiniti,QX60 AWD,2018,petrol,3.5,10.9
Infiniti,QX60 AWD,2019,petrol,3.5,10.9
Infiniti,QX60 AWD,2020,petrol,3.5,10.9
Infiniti,QX60 AWD,2022,petrol,3.5,10.8
Infiniti,QX60 AWD,2023,petrol,3.5,10.7
Infiniti,QX60 AWD,2024,petrol,3.5,10.7
Infiniti,QX60 AWD,2025,petrol,2.0,10.0
Infiniti,QX60 AWD,2026,petrol,2.0,9.9
Infiniti,QX60 Hybrid AWD,2014,hybrid,2.5,7.3
Infiniti,QX60 Hybrid AWD,2015,hybrid,2.5,8.7
Infiniti,QX60 Hybrid AWD,2016,hybrid,2.5,8.7
Infiniti,QX60 Hybrid AWD,2017,hybrid,2.5,9.1
Infiniti,QX70 AWD,2014,petrol,3.7,11.2
Infiniti,QX70 AWD,2014,petrol,5.0,12.8
Infiniti,QX70 AWD,2015,petrol,3.7,12.8
Infiniti,QX70 AWD,2016,petrol,3.7,12.8
Infiniti,QX70 AWD,2017,petrol,3.7,12.8
Infiniti,QX80 4WD,2014,petrol,5.6,13.2
Infiniti,QX80 4WD,2015,petrol,5.6,14.7
Infiniti,QX80 4WD,2016,petrol,5.6,15.1
Infiniti,QX80 4WD,2017,petrol,5.6,15.1
Infiniti,QX80 4WD,2018,petrol,5.6,15.1
Infiniti,QX80 4WD,2019,petrol,5.6,15.1
Infiniti,QX80 4WD,2020,petrol,5.6,15.3
Infiniti,QX80 4WD,2021,petrol,5.6,15.1
Infiniti,QX80 4WD,2022,petrol,5.6,15.1
Infiniti,QX80 4WD,2023,petrol,5.6,15.1
Infiniti,QX80 4WD,2024,petrol,5.6,15.2
Infiniti,QX80 4WD,2025,petrol,3.5,13.8
Infiniti,QX80 4WD,2026,petrol,3.5,13.8
Jaguar,E-PACE P250,2019,petrol,2.0,9.8
Jaguar,E-PACE P250,2020,petrol,2.0,9.8
Jaguar,E-PACE P250,2021,petrol,2.0,10.4
Jaguar,E-PACE P250,2022,petrol,2.0,10.4
Jaguar,E-PACE P250,2023,petrol,2.0,10.4
Jaguar,E-PACE P250,2024,petrol,2.0,10.4
Jaguar,E-PACE P300,2020,petrol,2.0,10.1
Jaguar,E-PACE P300,2021,petrol,2.0,10.3
Jaguar,E-PACE P300,2022,petrol,2.0,10.3
Jaguar,F-PACE 20d,2018,diesel,2.0,8.1
Jaguar,F-PACE 20d,2019,diesel,2.0,8.1
Jaguar,F-PACE 25t,2018,petrol,2.0,9.9
Jaguar,F-PACE 25t,2019,petrol,2.0,9.9
Jaguar,F-PACE 25t,2020,petrol,2.0,9.9
Jaguar,F-PACE 30t,2020,petrol,2.0,9.9
Jaguar,F-PACE 35t,2017,petrol,3.0,11.8
Jaguar,F-PACE 35t,2018,petrol,3.0,11.8
Jaguar,F-PACE 35t,2019,petrol,3.0,11.8
Jaguar,F-PACE P250,2021,petrol,2.0,9.9
Jaguar,F-PACE P250,2022,petrol,2.0,9.9
Jaguar,F-PACE P250,2023,petrol,2.0,9.9
Jaguar,F-PACE P250,2024,petrol,2.0,9.9
Jaguar,F-PACE P340,2021,petrol,3.0,10.6
Jaguar,F-PACE P340,2022,petrol,3.0,10.6
Jaguar,F-PACE P400,2021,petrol,3.0,10.7
Jaguar,F-PACE P400,2022,petrol,3.0,10.8
Jaguar,F-PACE P400,2023,petrol,3.0,10.8
Jaguar,F-PACE P400,2024,petrol,3.0,11.1
Jaguar,F-PACE P550 SVR,2023,petrol,5.0,13.4
Jaguar,F-PACE P550 SVR,2024,petrol,5.0,13.8
Jaguar,F-PACE S,2020,petrol,3.0,11.8
Jaguar,F-PACE SVR,2020,petrol,5.0,12.9
Jaguar,F-PACE SVR,2021,petrol,5.0,13.4
Jaguar,F-PACE SVR,2022,petrol,5.0,13.5
Jaguar,F-Pace P250,2025,petrol,2.0,9.9
Jaguar,F-Pace P250,2026,petrol,2.0,9.9
Jaguar,F-Pace P400,2025,petrol,3.0,11.1
Jaguar,F-Pace P400,2026,petrol,3.0,11.1
Jaguar,F-Pace P550 SVR,2025,petrol,5.0,13.8
Jaguar,F-Pace P550 SVR,2026,petrol,5.0,13.8
Jaguar,F-TYPE Convertible,2014,petrol,3.0,8.9
Jaguar,F-TYPE Convertible,2015,petrol,3.0,10.3
Jaguar,F-TYPE Convertible,2016,petrol,3.0,11.55
Jaguar,F-TYPE Convertible,2017,petrol,3.0,11.5
Jaguar,F-TYPE Convertible,2018,petrol,2.0,9.2
Jaguar,F-TYPE Convertible,2018,petrol,3.0,11.5
Jaguar,F-TYPE Convertible,2019,petrol,2.0,9.2
Jaguar,F-TYPE Convertible,2019,petrol,3.0,11.5
Jaguar,F-TYPE Convertible,2020,petrol,3.0,10.4
Jaguar,F-TYPE Convertible R-Dynamic,2018,petrol,3.0,11.85
Jaguar,F-TYPE Convertible R-Dynamic,2019,petrol,3.0,11.85
Jaguar,F-TYPE Convertible R-Dynamic,2020,petrol,3.0,10.8
Jaguar,F-TYPE Convertible R-Dynamic AWD,2018,petrol,3.0,11.3
Jaguar,F-TYPE Convertible R-Dynamic AWD,2019,petrol,3.0,11.3
Jaguar,F-TYPE Convertible R-Dynamic AWD,2020,petrol,3.0,11.3
Jaguar,F-TYPE Coupe,2015,petrol,3.0,10.3
Jaguar,F-TYPE Coupe,2016,petrol,3.0,11.55
Jaguar,F-TYPE Coupe,2017,petrol,3.0,11.5
Jaguar,F-TYPE Coupe,2018,petrol,2.0,9.2
Jaguar,F-TYPE Coupe,2018,petrol,3.0,11.5
Jaguar,F-TYPE Coupe,2019,petrol,2.0,9.2
Jaguar,F-TYPE Coupe,2019,petrol,3.0,11.5
Jaguar,F-TYPE Coupe,2020,petrol,3.0,10.4
Jaguar,F-TYPE Coupe R-Dynamic,2018,petrol,3.0,11.85
Jaguar,F-TYPE Coupe R-Dynamic,2019,petrol,3.0,11.85
Jaguar,F-TYPE Coupe R-Dynamic,2020,petrol,3.0,10.8
Jaguar,F-TYPE Coupe R-Dynamic AWD,2018,petrol,3.0,11.3
Jaguar,F-TYPE Coupe R-Dynamic AWD,2019,petrol,3.0,11.3
Jaguar,F-TYPE Coupe R-Dynamic AWD,2020,petrol,3.0,11.3
Jaguar,F-TYPE P300 Convertible,2020,petrol,2.0,9.2
Jaguar,F-TYPE P300 Convertible,2021,petrol,2.0,9.2
Jaguar,F-TYPE P300 Coupe,2020,petrol,2.0,9.2
Jaguar,F-TYPE P300 Coupe,2021,petrol,2.0,9.2
Jaguar,F-TYPE P380 Convertible AWD,2021,petrol,3.0,11.3
Jaguar,F-TYPE P380 Coupe AWD,2021,petrol,3.0,11.3
Jaguar,F-TYPE P450 Convertible,2022,petrol,5.0,12.1
Jaguar,F-TYPE P450 Convertible,2023,petrol,5.0,12.1
Jaguar,F-TYPE P450 Convertible,2024,petrol,5.0,12.1
Jaguar,F-TYPE P450 Convertible AWD,2022,petrol,5.0,12.7
Jaguar,F-TYPE P450 Convertible AWD,2023,petrol,5.0,12.7
Jaguar,F-TYPE P450 Convertible AWD,2024,petrol,5.0,12.7
Jaguar,F-TYPE P450 Coupe,2022,petrol,5.0,12.1
Jaguar,F-TYPE P450 Coupe,2023,petrol,5.0,12.1
Jaguar,F-TYPE P450 Coupe,2024,petrol,5.0,12.1
Jaguar,F-TYPE P450 Coupe AWD,2022,petrol,5.0,12.7
Jaguar,F-TYPE P450 Coupe AWD,2023,petrol,5.0,12.7
Jaguar,F-TYPE P450 Coupe AWD,2024,petrol,5.0,12.7
Jaguar,F-TYPE P575 Convertible AWD,2024,petrol,5.0,12.7
Jaguar,F-TYPE P575 Coupe AWD,2024,petrol,5.0,12.7
Jaguar,F-TYPE Project 7 Convertible,2016,petrol,5.0,12.8
Jaguar,F-TYPE R AWD Convertible,2016,petrol,5.0,13.3
Jaguar,F-TYPE R AWD Convertible,2018,petrol,5.0,13.3
Jaguar,F-TYPE R AWD Convertible,2019,petrol,5.0,13.3
Jaguar,F-TYPE R AWD Convertible,2020,petrol,5.0,12.7
Jaguar,F-TYPE R AWD Coupe,2016,petrol,5.0,13.3
Jaguar,F-TYPE R AWD Coupe,2018,petrol,5.0,13.3
Jaguar,F-TYPE R AWD Coupe,2019,petrol,5.0,13.3
Jaguar,F-TYPE R AWD Coupe,2020,petrol,5.0,12.7
Jaguar,F-TYPE R Convertible AWD,2017,petrol,5.0,13.3
Jaguar,F-TYPE R Convertible AWD,2021,petrol,5.0,12.7
Jaguar,F-TYPE R Convertible AWD,2022,petrol,5.0,12.7
Jaguar,F-TYPE R Convertible AWD,2023,petrol,5.0,12.7
Jaguar,F-TYPE R Coupe AWD,2017,petrol,5.0,13.3
Jaguar,F-TYPE R Coupe AWD,2021,petrol,5.0,12.7
Jaguar,F-TYPE R Coupe AWD,2022,petrol,5.0,12.7
Jaguar,F-TYPE R Coupe AWD,2023,petrol,5.0,12.7
Jaguar,F-TYPE S Convertible,2014,petrol,3.0,9.2
Jaguar,F-TYPE S Convertible,2015,petrol,3.0,10.6
Jaguar,F-TYPE S Convertible,2016,petrol,3.0,11.85
Jaguar,F-TYPE S Convertible,2017,petrol,3.0,11.85
Jaguar,F-TYPE S Convertible AWD,2016,petrol,3.0,11.3
Jaguar,F-TYPE S Convertible AWD,2017,petrol,3.0,11.3
Jaguar,F-TYPE S Coupe,2015,petrol,3.0,10.6
Jaguar,F-TYPE S Coupe,2016,petrol,3.0,11.85
Jaguar,F-TYPE S Coupe,2017,petrol,3.0,11.85
Jaguar,F-TYPE S Coupe AWD,2016,petrol,3.0,11.3
Jaguar,F-TYPE S Coupe AWD,2017,petrol,3.0,11.3
Jaguar,F-TYPE SVR AWD Convertible,2020,petrol,5.0,12.7
Jaguar,F-TYPE SVR AWD Coupe,2020,petrol,5.0,12.7
Jaguar,F-TYPE V8 R Coupe,2015,petrol,5.0,12.8
Jaguar,F-TYPE V8 S Convertible,2014,petrol,5.0,11.2
Jaguar,F-TYPE V8 S Convertible,2015,petrol,5.0,12.8
Jaguar,I-PACE,2019,electric,,27.5
Jaguar,I-PACE,2020,electric,,27.5
Jaguar,I-PACE,2022,electric,,28.1
Jaguar,I-PACE,2023,electric,,25.5
Jaguar,I-PACE,2024,electric,,25.5
Jaguar,KJR #,2006,petrol,4.2,10.4
Jaguar,S-TYPE,2005,petrol,3.0,10.85
Jaguar,S-TYPE,2005,petrol,4.2,11.4
Jaguar,S-TYPE 3.0,2006,petrol,3.0,9.1
Jaguar,S-TYPE 3.0,2007,petrol,3.0,10.3
Jaguar,S-TYPE 3.0,2008,petrol,3.0,10.3
Jaguar,S-TYPE 4.2,2006,petrol,4.2,9.7
Jaguar,S-TYPE 4.2,2007,petrol,4.2,10.9
Jaguar,S-TYPE 4.2,2008,petrol,4.2,10.9
Jaguar,S-TYPE R,2005,petrol,4.2,12.1
Jaguar,S-TYPE R #,2006,petrol,4.2,10.4
Jaguar,S-TYPE R #,2007,petrol,4.2,11.8
Jaguar,S-TYPE R #,2008,petrol,4.2,11.8
Jaguar,Super V8 #,2005,petrol,4.2,11.5
Jaguar,Super V8 #,2006,petrol,4.2,10.4
Jaguar,Super V8 #,2007,petrol,4.2,11.8
Jaguar,Super V8 #,2008,petrol,4.2,11.8
Jaguar,Super V8 #,2009,petrol,4.2,11.8
Jaguar,Vanden Plas,2005,petrol,4.2,10.9
Jaguar,Vanden Plas,2006,petrol,4.2,9.5
Jaguar,Vanden Plas,2007,petrol,4.2,10.8
Jaguar,Vanden Plas,2008,petrol,4.2,10.8
Jaguar,Vanden Plas,2009,petrol,4.2,10.8
Jaguar,X-TYPE,2005,petrol,2.5,10.4
Jaguar,X-TYPE,2005,petrol,3.0,10.8
Jaguar,X-TYPE,2006,petrol,3.0,9.8
Jaguar,X-TYPE,2007,petrol,3.0,11.3
Jaguar,X-TYPE,2008,petrol,3.0,11.3
Jaguar,X-TYPE Sport Brake,2006,petrol,3.0,9.9
Jaguar,X-TYPE Sport Brake,2007,petrol,3.0,11.4
Jaguar,X-TYPE Sport Brake,2008,petrol,3.0,11.4
Jaguar,X-TYPE Sportwagon,2005,petrol,2.5,10.45
Jaguar,X-TYPE Sportwagon,2005,petrol,3.0,10.95
Jaguar,XE 20d AWD,2017,diesel,2.0,6.9
Jaguar,XE 20d AWD,2018,diesel,2.0,6.9
Jaguar,XE 20d AWD,2019,diesel,2.0,6.9
Jaguar,XE 25t AWD,2018,petrol,2.0,8.5
Jaguar,XE 25t AWD,2019,petrol,2.0,8.5
Jaguar,XE 35t AWD,2017,petrol,3.0,10.2
Jaguar,XE 35t AWD,2018,petrol,3.0,10.2
Jaguar,XE 35t AWD,2019,petrol,3.0,10.2
Jaguar,XE P250,2020,petrol,2.0,8.3
Jaguar,XE P250 AWD,2020,petrol,2.0,8.5
Jaguar,XE P300 AWD,2020,petrol,2.0,9.4
Jaguar,XF,2009,petrol,4.2,10.9
Jaguar,XF,2011,petrol,5.0,11.0
Jaguar,XF,2012,petrol,5.0,11.0
Jaguar,XF,2014,petrol,2.0,9.1
Jaguar,XF,2015,petrol,2.0,10.5
Jaguar,XF 20d AWD,2017,diesel,2.0,6.9
Jaguar,XF 20d AWD,2018,diesel,2.0,6.9
Jaguar,XF 20d AWD,2019,diesel,2.0,6.9
Jaguar,XF 25t,2020,petrol,2.0,8.3
Jaguar,XF 25t AWD,2018,petrol,2.0,8.8
Jaguar,XF 25t AWD,2019,petrol,2.0,8.8
Jaguar,XF 25t AWD,2020,petrol,2.0,8.8
Jaguar,XF 3.0L AWD,2014,petrol,3.0,10.7
Jaguar,XF 30t,2020,petrol,2.0,8.9
Jaguar,XF 30t AWD,2020,petrol,2.0,9.2
Jaguar,XF 35t AWD,2017,petrol,3.0,10.4
Jaguar,XF 35t AWD,2018,petrol,3.0,10.4
Jaguar,XF 35t AWD,2019,petrol,3.0,10.4
Jaguar,XF 4.2,2010,petrol,4.2,10.9
Jaguar,XF 5.0,2010,petrol,5.0,11.0
Jaguar,XF 5.0 Supercharged,2010,petrol,5.0,11.9
Jaguar,XF AWD,2015,petrol,3.0,11.6
Jaguar,XF AWD,2016,petrol,3.0,10.3
Jaguar,XF I4T,2013,petrol,2.0,9.1
Jaguar,XF P250,2021,petrol,2.0,8.4
Jaguar,XF P250,2023,petrol,2.0,8.4
Jaguar,XF P250,2024,petrol,2.0,9.1
Jaguar,XF P300 AWD,2021,petrol,2.0,9.3
Jaguar,XF P300 AWD,2022,petrol,2.0,9.3
Jaguar,XF P300 AWD,2023,petrol,2.0,9.3
Jaguar,XF P300 AWD,2024,petrol,2.0,9.8
Jaguar,XF S AWD,2020,petrol,3.0,10.4
Jaguar,XF Supercharged #,2009,petrol,4.2,11.9
Jaguar,XF V6 Supercharged AWD,2013,petrol,3.0,10.7
Jaguar,XFR,2011,petrol,5.0,11.9
Jaguar,XFR,2012,petrol,5.0,11.9
Jaguar,XFR,2013,petrol,5.0,11.6
Jaguar,XFR,2014,petrol,5.0,11.6
Jaguar,XFR,2015,petrol,5.0,13.2
Jaguar,XFR-S,2013,petrol,5.0,11.6
Jaguar,XFR-S,2014,petrol,5.0,11.6
Jaguar,XFR-S,2015,petrol,5.0,13.2
Jaguar,XJ,2011,petrol,5.0,11.0
Jaguar,XJ,2012,petrol,5.0,11.0
Jaguar,XJ 3.0 AWD,2013,petrol,3.0,10.8
Jaguar,XJ AWD,2014,petrol,3.0,10.8
Jaguar,XJ AWD,2015,petrol,3.0,12.4
Jaguar,XJ R-Sport 3.0 AWD,2016,petrol,3.0,11.7
Jaguar,XJ R-Sport 3.0 AWD,2017,petrol,3.0,11.8
Jaguar,XJ R-Sport AWD,2018,petrol,3.0,11.8
Jaguar,XJ R-Sport AWD,2019,petrol,3.0,11.8
Jaguar,XJ Supercharged,2011,petrol,5.0,11.9
Jaguar,XJ Supercharged,2012,petrol,5.0,11.9
Jaguar,XJ Supercharged,2013,petrol,5.0,11.7
Jaguar,XJ Supercharged,2014,petrol,5.0,11.7
Jaguar,XJ Supercharged,2015,petrol,5.0,13.3
Jaguar,XJ Supersport,2011,petrol,5.0,11.9
Jaguar,XJ Supersport,2012,petrol,5.0,11.9
Jaguar,XJ Supersport,2013,petrol,5.0,11.7
Jaguar,XJ8,2005,petrol,4.2,10.5
Jaguar,XJ8,2006,petrol,4.2,9.4
Jaguar,XJ8,2007,petrol,4.2,10.7
Jaguar,XJ8,2008,petrol,4.2,10.7
Jaguar,XJ8,2009,petrol,4.2,10.7
Jaguar,XJ8 L,2005,petrol,4.2,10.5
Jaguar,XJ8 L,2006,petrol,4.2,9.4
Jaguar,XJ8 L,2007,petrol,4.2,10.7
Jaguar,XJ8 L,2008,petrol,4.2,10.7
Jaguar,XJ8L,2009,petrol,4.2,10.7
Jaguar,XJL,2011,petrol,5.0,11.6
Jaguar,XJL 3.0 AWD,2013,petrol,3.0,10.9
Jaguar,XJL 3.0 AWD Portfolio,2016,petrol,3.0,11.9
Jaguar,XJL AWD Portfolio,2014,petrol,3.0,10.9
Jaguar,XJL AWD Portfolio,2015,petrol,3.0,12.5
Jaguar,XJL Portfolio,2012,petrol,5.0,11.6
Jaguar,XJL Portfolio 3.0 AWD,2017,petrol,3.0,11.9
Jaguar,XJL Portfolio AWD,2018,petrol,3.0,11.9
Jaguar,XJL Portfolio AWD,2019,petrol,3.0,11.9
Jaguar,XJL Supercharged,2011,petrol,5.0,11.9
Jaguar,XJL Supercharged,2012,petrol,5.0,11.9
Jaguar,XJL Supercharged,2013,petrol,5.0,11.7
Jaguar,XJL Supercharged,2014,petrol,5.0,11.7
Jaguar,XJL Supercharged,2015,petrol,5.0,13.3
Jaguar,XJL Supersport,2011,petrol,5.0,11.9
Jaguar,XJL Supersport,2012,petrol,5.0,11.9
Jaguar,XJL Supersport,2013,petrol,5.0,11.7
Jaguar,XJL Ultimate,2013,petrol,5.0,11.7
Jaguar,XJR,2014,petrol,5.0,11.7
Jaguar,XJR,2015,petrol,5.0,13.3
Jaguar,XJR,2016,petrol,5.0,13.3
Jaguar,XJR,2017,petrol,5.0,13.3
Jaguar,XJR #,2005,petrol,4.2,11.5
Jaguar,XJR #,2007,petrol,4.2,11.8
Jaguar,XJR #,2008,petrol,4.2,11.8
Jaguar,XJR #,2009,petrol,4.2,11.8
Jaguar,XJR LWB,2014,petrol,5.0,11.7
Jaguar,XJR LWB,2015,petrol,5.0,13.3
Jaguar,XJR LWB,2016,petrol,5.0,13.3
Jaguar,XJR LWB,2017,petrol,5.0,13.3
Jaguar,XJR LWB,2018,petrol,5.0,13.3
Jaguar,XJR LWB,2019,petrol,5.0,13.3
Jaguar,XK,2007,petrol,4.2,10.8
Jaguar,XK,2008,petrol,4.2,10.8
Jaguar,XK,2009,petrol,4.2,10.8
Jaguar,XK 5.0 Convertible,2010,petrol,5.0,11.5
Jaguar,XK 5.0 Coupe,2010,petrol,5.0,11.1
Jaguar,XK Convertible,2007,petrol,4.2,10.8
Jaguar,XK Convertible,2008,petrol,4.2,10.8
Jaguar,XK Convertible,2009,petrol,4.2,10.8
Jaguar,XK Convertible,2011,petrol,5.0,11.5
Jaguar,XK Convertible,2012,petrol,5.0,11.4
Jaguar,XK Convertible,2013,petrol,5.0,11.4
Jaguar,XK Convertible,2014,petrol,5.0,11.4
Jaguar,XK Coupe,2011,petrol,5.0,11.1
Jaguar,XK Coupe,2012,petrol,5.0,11.1
Jaguar,XK Coupe,2013,petrol,5.0,11.1
Jaguar,XK Coupe,2014,petrol,5.0,11.1
Jaguar,XK-R 5.0 Convertible,2010,petrol,5.0,11.5
Jaguar,XK-R 5.0 Coupe,2010,petrol,5.0,11.5
Jaguar,XK8,2005,petrol,4.2,11.1
Jaguar,XK8,2006,petrol,4.2,9.8
Jaguar,XK8 Convertible,2005,petrol,4.2,11.1
Jaguar,XK8 Convertible,2006,petrol,4.2,9.8
Jaguar,XKR #,2005,petrol,4.2,12.4
Jaguar,XKR #,2006,petrol,4.2,10.4
Jaguar,XKR #,2007,petrol,4.2,11.5
Jaguar,XKR #,2008,petrol,4.2,11.5
Jaguar,XKR #,2009,petrol,4.2,11.5
Jaguar,XKR Convertible,2011,petrol,5.0,11.9
Jaguar,XKR Convertible,2012,petrol,5.0,11.9
Jaguar,XKR Convertible,2013,petrol,5.0,12.0
Jaguar,XKR Convertible,2014,petrol,5.0,12.0
Jaguar,XKR Convertible,2015,petrol,5.0,13.6
Jaguar,XKR Convertible #,2005,petrol,4.2,12.4
Jaguar,XKR Convertible #,2006,petrol,4.2,10.4
Jaguar,XKR Convertible #,2007,petrol,4.2,11.5
Jaguar,XKR Convertible #,2008,petrol,4.2,11.5
Jaguar,XKR Convertible #,2009,petrol,4.2,11.5
Jaguar,XKR Coupe,2011,petrol,5.0,11.9
Jaguar,XKR Coupe,2012,petrol,5.0,11.9
Jaguar,XKR Coupe,2013,petrol,5.0,11.8
Jaguar,XKR Coupe,2014,petrol,5.0,11.8
Jaguar,XKR Coupe,2015,petrol,5.0,13.4
Jaguar,XKR-S,2012,petrol,5.0,11.9
Jaguar,XKR-S Convertible,2013,petrol,5.0,12.0
Jaguar,XKR-S Convertible,2014,petrol,5.0,12.0
Jaguar,XKR-S Convertible,2015,petrol,5.0,13.6
Jaguar,XKR-S Coupe,2013,petrol,5.0,11.8
Jaguar,XKR-S Coupe,2014,petrol,5.0,11.8
Jaguar,XKR-S Coupe,2015,petrol,5.0,13.4
Jeep,Cherokee,2014,petrol,2.4,8.2
Jeep,Cherokee,2014,petrol,3.2,9.1
Jeep,Cherokee,2015,petrol,2.4,9.5
Jeep,Cherokee,2015,petrol,3.2,9.9
Jeep,Cherokee,2016,petrol,2.4,9.5
Jeep,Cherokee,2016,petrol,3.2,9.9
Jeep,Cherokee,2017,petrol,2.4,9.6
Jeep,Cherokee,2017,petrol,3.2,10.0
Jeep,Cherokee,2018,petrol,3.2,10.0
Jeep,Cherokee,2019,petrol,2.0,9.1
Jeep,Cherokee,2019,petrol,2.4,9.3
Jeep,Cherokee,2019,petrol,3.2,10.2
Jeep,Cherokee,2020,petrol,2.0,9.1
Jeep,Cherokee,2020,petrol,2.4,9.3
Jeep,Cherokee,2020,petrol,3.2,10.2
Jeep,Cherokee,2021,petrol,2.0,9.1
Jeep,Cherokee,2021,petrol,2.4,9.3
Jeep,Cherokee,2021,petrol,3.2,10.2
Jeep,Cherokee,2022,petrol,2.0,9.1
Jeep,Cherokee,2022,petrol,2.4,9.3
Jeep,Cherokee,2022,petrol,3.2,10.2
Jeep,Cherokee 4X4,2014,petrol,2.4,8.6
Jeep,Cherokee 4X4,2014,petrol,3.2,9.4
Jeep,Cherokee 4X4,2015,petrol,2.4,10.0
Jeep,Cherokee 4X4,2015,petrol,3.2,10.2
Jeep,Cherokee 4X4,2016,petrol,2.4,10.0
Jeep,Cherokee 4X4,2016,petrol,3.2,10.2
Jeep,Cherokee 4X4 Active Drive I,2017,petrol,2.4,10.0
Jeep,Cherokee 4X4 Active Drive I,2017,petrol,3.2,10.3
Jeep,Cherokee 4X4 Active Drive I,2018,petrol,2.4,10.0
Jeep,Cherokee 4X4 Active Drive I,2018,petrol,3.2,10.3
Jeep,Cherokee 4X4 Active Drive I,2019,petrol,2.0,9.8
Jeep,Cherokee 4X4 Active Drive I,2019,petrol,2.4,9.8
Jeep,Cherokee 4X4 Active Drive I,2019,petrol,3.2,10.6
Jeep,Cherokee 4X4 Active Drive I,2020,petrol,2.0,9.8
Jeep,Cherokee 4X4 Active Drive I,2020,petrol,2.4,9.8
Jeep,Cherokee 4X4 Active Drive I,2020,petrol,3.2,10.6
Jeep,Cherokee 4X4 Active Drive I,2021,petrol,2.0,9.8
Jeep,Cherokee 4X4 Active Drive I,2021,petrol,2.4,9.8
Jeep,Cherokee 4X4 Active Drive I,2021,petrol,3.2,10.6
Jeep,Cherokee 4X4 Active Drive I,2022,petrol,2.0,9.8
Jeep,Cherokee 4X4 Active Drive I,2022,petrol,2.4,9.8
Jeep,Cherokee 4X4 Active Drive I,2022,petrol,3.2,10.6
Jeep,Cherokee 4X4 Active Drive I,2023,petrol,2.4,9.8
Jeep,Cherokee 4X4 Active Drive I FFV,2018,petrol,2.4,10.0
Jeep,Cherokee 4X4 Active Drive II,2014,petrol,2.4,8.8
Jeep,Cherokee 4X4 Active Drive II,2014,petrol,3.2,9.5
Jeep,Cherokee 4X4 Active Drive II,2015,petrol,2.4,10.1
Jeep,Cherokee 4X4 Active Drive II,2015,petrol,3.2,10.9
Jeep,Cherokee 4X4 Active Drive II,2016,petrol,2.4,10.1
Jeep,Cherokee 4X4 Active Drive II,2016,petrol,3.2,10.9
Jeep,Cherokee 4X4 Active Drive II,2017,petrol,2.4,10.2
Jeep,Cherokee 4X4 Active Drive II,2017,petrol,3.2,11.1
Jeep,Cherokee 4X4 Active Drive II,2018,petrol,2.4,10.2
Jeep,Cherokee 4X4 Active Drive II,2018,petrol,3.2,11.1
Jeep,Cherokee 4X4 Active Drive II,2019,petrol,2.0,10.2
Jeep,Cherokee 4X4 Active Drive II,2019,petrol,3.2,11.1
Jeep,Cherokee 4X4 Active Drive II,2020,petrol,2.0,10.2
Jeep,Cherokee 4X4 Active Drive II,2020,petrol,3.2,11.1
Jeep,Cherokee 4X4 Active Drive II,2021,petrol,2.0,10.2
Jeep,Cherokee 4X4 Active Drive II,2021,petrol,3.2,11.1
Jeep,Cherokee 4X4 Active Drive Lock,2017,petrol,2.4,10.9
Jeep,Cherokee 4X4 Active Drive Lock,2017,petrol,3.2,11.6
Jeep,Cherokee 4X4 Active Drive Lock,2018,petrol,2.4,10.9
Jeep,Cherokee 4X4 Active Drive Lock,2018,petrol,3.2,11.6
Jeep,Cherokee 4X4 Active Drive Lock,2019,petrol,2.0,10.6
Jeep,Cherokee 4X4 Active Drive Lock,2019,petrol,3.2,11.6
Jeep,Cherokee 4X4 Active Drive Lock,2020,petrol,2.0,10.6
Jeep,Cherokee 4X4 Active Drive Lock,2020,petrol,3.2,11.6
Jeep,Cherokee 4X4 Active Drive Lock,2021,petrol,3.2,11.5
Jeep,Cherokee 4X4 Active Drive Lock,2022,petrol,3.2,11.5
Jeep,Cherokee 4X4 FFV,2015,petrol,2.4,10.0
Jeep,Cherokee 4X4 FFV,2016,petrol,2.4,10.0
Jeep,Cherokee 4X4 Trailhawk Active Drive Lock,2023,petrol,2.0,10.6
Jeep,Cherokee FFV,2015,petrol,2.4,9.5
Jeep,Cherokee FFV,2016,petrol,2.4,9.5
Jeep,Cherokee FFV,2018,petrol,2.4,9.6
Jeep,Cherokee Hybrid,2026,hybrid,1.6,6.3
Jeep,Cherokee Trailhawk 4X4,2014,petrol,2.4,9.4
Jeep,Cherokee Trailhawk 4X4,2014,petrol,3.2,10.1
Jeep,Cherokee Trailhawk 4X4,2015,petrol,2.4,10.9
Jeep,Cherokee Trailhawk 4X4,2015,petrol,3.2,10.8
Jeep,Cherokee Trailhawk 4X4,2016,petrol,2.4,10.9
Jeep,Cherokee Trailhawk 4X4,2016,petrol,3.2,10.8
Jeep,Commander 4X4,2006,petrol,3.7,13.1
Jeep,Commander 4X4,2006,petrol,4.7,13.4
Jeep,Commander 4X4,2007,petrol,3.7,13.1
Jeep,Commander 4X4,2008,petrol,3.7,12.8
Jeep,Commander 4X4,2009,petrol,3.7,12.8
Jeep,Commander 4X4,2010,petrol,3.7,12.8
Jeep,Commander 4X4 (MDS),2006,petrol,5.7,14.2
Jeep,Commander 4X4 (MDS),2007,petrol,5.7,14.2
Jeep,Commander 4X4 (MDS),2008,petrol,5.7,14.0
Jeep,Commander 4X4 (MDS),2009,petrol,5.7,13.4
Jeep,Commander 4X4 (MDS),2010,petrol,5.7,13.4
Jeep,Commander 4X4 FFV,2007,petrol,4.7,13.4
Jeep,Commander 4X4 FFV,2008,petrol,4.7,13.4
Jeep,Commander 4X4 FFV,2009,petrol,4.7,13.5
Jeep,Compass,2007,petrol,2.0,8.3
Jeep,Compass,2007,petrol,2.4,8.55
Jeep,Compass,2008,petrol,2.0,8.3
Jeep,Compass,2008,petrol,2.4,8.5
Jeep,Compass,2009,petrol,2.0,8.3
Jeep,Compass,2009,petrol,2.4,8.5
Jeep,Compass,2010,petrol,2.0,8.15
Jeep,Compass,2010,petrol,2.4,8.5
Jeep,Compass,2011,petrol,2.0,8.2
Jeep,Compass,2011,petrol,2.4,8.35
Jeep,Compass,2012,petrol,2.0,8.2
Jeep,Compass,2012,petrol,2.4,8.35
Jeep,Compass,2013,petrol,2.0,8.1
Jeep,Compass,2013,petrol,2.4,8.35
Jeep,Compass,2014,petrol,2.0,8.3
Jeep,Compass,2014,petrol,2.4,8.3
Jeep,Compass,2015,petrol,2.0,9.55
Jeep,Compass,2015,petrol,2.4,9.65
Jeep,Compass,2016,petrol,2.0,9.6
Jeep,Compass,2016,petrol,2.4,9.65
Jeep,Compass,2017,petrol,2.0,9.65
Jeep,Compass,2017,petrol,2.4,9.7
Jeep,Compass,2018,petrol,2.4,9.15
Jeep,Compass,2019,petrol,2.4,9.15
Jeep,Compass,2020,petrol,2.4,9.15
Jeep,Compass,2021,petrol,2.4,9.3
Jeep,Compass,2022,petrol,2.4,9.3
Jeep,Compass 4X4,2007,petrol,2.4,8.85
Jeep,Compass 4X4,2008,petrol,2.4,8.75
Jeep,Compass 4X4,2009,petrol,2.4,8.7
Jeep,Compass 4X4,2010,petrol,2.4,8.7
Jeep,Compass 4X4,2011,petrol,2.4,8.55
Jeep,Compass 4X4,2012,petrol,2.4,8.6
Jeep,Compass 4X4,2013,petrol,2.4,8.6
Jeep,Compass 4X4,2014,petrol,2.4,8.45
Jeep,Compass 4X4,2015,petrol,2.4,9.95
Jeep,Compass 4X4,2016,petrol,2.4,10.1
Jeep,Compass 4X4,2017,petrol,2.4,10.5
Jeep,Compass 4X4,2018,petrol,2.4,9.45
Jeep,Compass 4X4,2019,petrol,2.4,9.45
Jeep,Compass 4X4,2020,petrol,2.4,9.45
Jeep,Compass 4X4,2021,petrol,2.4,9.5
Jeep,Compass 4X4,2022,petrol,2.4,9.5
Jeep,Compass 4X4,2023,petrol,2.0,8.8
Jeep,Compass 4X4,2024,petrol,2.0,8.8
Jeep,Compass 4X4,2025,petrol,2.0,8.8
Jeep,Compass 4X4,2026,petrol,2.0,8.9
Jeep,Compass 4X4 Trail Rated,2014,petrol,2.4,9.6
Jeep,Compass 4X4 Trail Rated,2015,petrol,2.4,11.1
Jeep,Compass 4X4 Trail Rated,2016,petrol,2.4,11.1
Jeep,Gladiator 4X4,2020,petrol,3.6,12.45
Jeep,Gladiator 4X4,2021,petrol,3.6,12.45
Jeep,Gladiator 4X4,2022,petrol,3.6,12.45
Jeep,Gladiator 4X4,2023,petrol,3.6,12.45
Jeep,Gladiator 4X4,2024,petrol,3.6,12.75
Jeep,Gladiator 4X4,2025,petrol,3.6,12.3
Jeep,Gladiator 4X4,2026,petrol,3.6,12.4
Jeep,Gladiator 4X4 EcoDiesel,2021,diesel,3.0,9.8
Jeep,Gladiator 4X4 EcoDiesel,2022,diesel,3.0,9.8
Jeep,Gladiator 4X4 EcoDiesel,2023,diesel,3.0,9.8
Jeep,Gladiator 4X4 Rubicon EcoDiesel,2021,diesel,3.0,10.0
Jeep,Gladiator 4X4 Rubicon EcoDiesel,2022,diesel,3.0,10.0
Jeep,Gladiator 4X4 Rubicon EcoDiesel,2023,diesel,3.0,10.0
Jeep,Grand Cherokee 4X4,2005,petrol,3.7,12.4
Jeep,Grand Cherokee 4X4,2005,petrol,4.7,14.0
Jeep,Grand Cherokee 4X4,2006,petrol,3.7,12.4
Jeep,Grand Cherokee 4X4,2006,petrol,4.7,13.4
Jeep,Grand Cherokee 4X4,2007,petrol,3.7,12.4
Jeep,Grand Cherokee 4X4,2008,petrol,3.7,12.2
Jeep,Grand Cherokee 4X4,2009,petrol,3.7,12.2
Jeep,Grand Cherokee 4X4,2010,petrol,3.7,12.2
Jeep,Grand Cherokee 4X4,2016,petrol,3.6,11.3
Jeep,Grand Cherokee 4X4,2017,petrol,3.6,11.3
Jeep,Grand Cherokee 4X4,2017,petrol,5.7,14.0
Jeep,Grand Cherokee 4X4,2018,diesel,3.0,10.0
Jeep,Grand Cherokee 4X4,2018,petrol,3.6,11.3
Jeep,Grand Cherokee 4X4,2018,petrol,5.7,14.1
Jeep,Grand Cherokee 4X4,2019,petrol,3.6,11.3
Jeep,Grand Cherokee 4X4,2019,petrol,5.7,14.1
Jeep,Grand Cherokee 4X4,2020,petrol,3.6,11.3
Jeep,Grand Cherokee 4X4,2020,petrol,5.7,14.1
Jeep,Grand Cherokee 4X4,2021,petrol,3.6,11.3
Jeep,Grand Cherokee 4X4,2021,petrol,5.7,14.1
Jeep,Grand Cherokee 4X4,2022,petrol,3.6,10.9
Jeep,Grand Cherokee 4X4,2022,petrol,5.7,14.1
Jeep,Grand Cherokee 4X4,2023,petrol,3.6,10.9
Jeep,Grand Cherokee 4X4,2023,petrol,5.7,14.1
Jeep,Grand Cherokee 4X4,2024,petrol,3.6,10.9
Jeep,Grand Cherokee 4X4,2025,petrol,3.6,10.9
Jeep,Grand Cherokee 4X4,2026,petrol,2.0,10.4
Jeep,Grand Cherokee 4X4 (FuelSaver MDS),2011,petrol,5.7,13.4
Jeep,Grand Cherokee 4X4 (FuelSaver MDS),2012,petrol,5.7,13.9
Jeep,Grand Cherokee 4X4 (FuelSaver MDS),2013,petrol,5.7,13.9
Jeep,Grand Cherokee 4X4 (MDS),2005,petrol,5.7,14.5
Jeep,Grand Cherokee 4X4 (MDS),2006,petrol,5.7,14.2
Jeep,Grand Cherokee 4X4 (MDS),2007,petrol,5.7,14.2
Jeep,Grand Cherokee 4X4 (MDS),2008,petrol,5.7,13.8
Jeep,Grand Cherokee 4X4 (MDS),2009,petrol,5.7,13.3
Jeep,Grand Cherokee 4X4 (MDS),2010,petrol,5.7,13.3
Jeep,Grand Cherokee 4X4 (MDS),2014,petrol,5.7,13.0
Jeep,Grand Cherokee 4X4 (MDS),2015,petrol,5.7,14.7
Jeep,Grand Cherokee 4X4 (MDS),2016,petrol,5.7,14.0
Jeep,Grand Cherokee 4X4 CRD Turbo Diesel,2007,diesel,3.0,10.7
Jeep,Grand Cherokee 4X4 Classic,2026,petrol,3.6,10.9
Jeep,Grand Cherokee 4X4 EcoDiesel,2019,diesel,3.0,10.0
Jeep,Grand Cherokee 4X4 FFV,2007,petrol,4.7,13.4
Jeep,Grand Cherokee 4X4 FFV,2008,petrol,4.7,13.4
Jeep,Grand Cherokee 4X4 FFV,2009,petrol,4.7,13.5
Jeep,Grand Cherokee 4X4 FFV,2011,petrol,3.6,11.1
Jeep,Grand Cherokee 4X4 FFV,2012,petrol,3.6,11.1
Jeep,Grand Cherokee 4X4 FFV,2013,petrol,3.6,11.1
Jeep,Grand Cherokee 4X4 FFV,2014,petrol,3.6,10.6
Jeep,Grand Cherokee 4X4 FFV,2015,petrol,3.6,12.1
Jeep,Grand Cherokee 4X4 SRT,2018,petrol,6.4,15.7
Jeep,Grand Cherokee 4X4 SRT,2019,petrol,6.4,15.7
Jeep,Grand Cherokee 4X4 SRT,2020,petrol,6.4,15.7
Jeep,Grand Cherokee 4X4 SRT,2021,petrol,6.4,15.7
Jeep,Grand Cherokee 4X4 SRT (FuelSaver MDS),2013,petrol,6.4,14.6
Jeep,Grand Cherokee 4X4 SRT8,2006,petrol,6.1,16.9
Jeep,Grand Cherokee 4X4 SRT8,2007,petrol,6.1,16.9
Jeep,Grand Cherokee 4X4 SRT8,2008,petrol,6.1,16.9
Jeep,Grand Cherokee 4X4 SRT8,2009,petrol,6.1,16.9
Jeep,Grand Cherokee 4X4 SRT8,2010,petrol,6.1,16.1
Jeep,Grand Cherokee 4X4 SRT8 (FuelSaver MDS),2012,petrol,6.4,14.6
Jeep,Grand Cherokee 4X4 Trackhawk,2018,petrol,6.2,17.7
Jeep,Grand Cherokee 4X4 Trackhawk,2019,petrol,6.2,17.7
Jeep,Grand Cherokee 4X4 Trackhawk,2020,petrol,6.2,17.7
Jeep,Grand Cherokee 4X4 Trackhawk,2021,petrol,6.2,17.7
Jeep,Grand Cherokee 4X4 Turbo Diesel,2008,diesel,3.0,10.7
Jeep,Grand Cherokee 4xe,2022,hybrid,2.0,10.0
Jeep,Grand Cherokee 4xe,2023,hybrid,2.0,10.0
Jeep,Grand Cherokee 4xe,2024,hybrid,2.0,10.0
Jeep,Grand Cherokee 4xe,2025,hybrid,2.0,10.0
Jeep,Grand Cherokee L 4X4,2021,petrol,3.6,11.3
Jeep,Grand Cherokee L 4X4,2021,petrol,5.7,14.1
Jeep,Grand Cherokee L 4X4,2022,petrol,3.6,11.3
Jeep,Grand Cherokee L 4X4,2022,petrol,5.7,14.1
Jeep,Grand Cherokee L 4X4,2023,petrol,3.6,11.3
Jeep,Grand Cherokee L 4X4,2023,petrol,5.7,14.1
Jeep,Grand Cherokee L 4X4,2024,petrol,3.6,11.3
Jeep,Grand Cherokee L 4X4,2024,petrol,5.7,14.1
Jeep,Grand Cherokee L 4X4,2025,petrol,3.6,11.3
Jeep,Grand Cherokee L 4X4,2026,petrol,2.0,10.7
Jeep,Grand Cherokee L 4X4 Classic,2026,petrol,3.6,11.3
Jeep,Grand Cherokee SRT 4X4 (MDS),2014,petrol,6.4,14.0
Jeep,Grand Cherokee SRT 4X4 (MDS),2015,petrol,6.4,15.8
Jeep,Grand Cherokee SRT 4X4 (MDS),2016,petrol,6.4,15.8
Jeep,Grand Cherokee SRT8,2017,petrol,6.4,15.7
Jeep,Grand Cherokee WK 4X4,2022,petrol,3.6,11.3
Jeep,Grand Wagoneer 4X4,2022,petrol,3.0,14.3
Jeep,Grand Wagoneer 4X4,2022,petrol,6.4,16.0
Jeep,Grand Wagoneer 4X4,2023,petrol,6.4,16.0
Jeep,Grand Wagoneer 4X4,2024,petrol,6.4,16.0
Jeep,Grand Wagoneer 4X4,2026,petrol,3.0,12.5
Jeep,Grand Wagoneer 4X4 (High Output),2023,petrol,3.0,14.3
Jeep,Grand Wagoneer 4X4 (High Output),2024,petrol,3.0,14.3
Jeep,Grand Wagoneer 4X4 (High Output),2025,petrol,3.0,14.3
Jeep,Grand Wagoneer L 4X4,2026,petrol,3.0,13.0
Jeep,Grand Wagoneer L 4X4 (High Output),2023,petrol,3.0,15.0
Jeep,Grand Wagoneer L 4X4 (High Output),2024,petrol,3.0,14.3
Jeep,Grand Wagoneer L 4X4 (High Output),2025,petrol,3.0,14.3
Jeep,Liberty 4X4,2005,diesel,2.8,9.8
Jeep,Liberty 4X4,2005,petrol,2.4,10.5
Jeep,Liberty 4X4,2005,petrol,3.7,12.0
Jeep,Liberty 4X4,2006,petrol,3.7,12.0
Jeep,Liberty 4X4,2007,petrol,3.7,12.0
Jeep,Liberty 4X4,2008,petrol,3.7,11.8
Jeep,Liberty 4X4,2009,petrol,3.7,12.1
Jeep,Liberty 4X4,2010,petrol,3.7,12.1
Jeep,Liberty 4X4,2011,petrol,3.7,12.1
Jeep,Liberty 4X4,2012,petrol,3.7,12.1
Jeep,Liberty 4X4 Turbo Diesel,2006,diesel,2.8,9.8
Jeep,New Compass,2017,petrol,2.4,9.15
Jeep,New Compass 4X4,2017,petrol,2.4,9.45
Jeep,New Wrangler 4X4,2018,petrol,2.0,10.0
Jeep,New Wrangler 4X4,2018,petrol,3.6,11.8
Jeep,New Wrangler Unlimited 4X4,2018,petrol,2.0,10.5
Jeep,New Wrangler Unlimited 4X4,2018,petrol,3.6,11.95
Jeep,Patriot,2007,petrol,2.0,8.3
Jeep,Patriot,2007,petrol,2.4,8.55
Jeep,Patriot,2008,petrol,2.0,8.3
Jeep,Patriot,2008,petrol,2.4,8.5
Jeep,Patriot,2009,petrol,2.0,8.3
Jeep,Patriot,2009,petrol,2.4,8.5
Jeep,Patriot,2010,petrol,2.0,8.15
Jeep,Patriot,2010,petrol,2.4,8.5
Jeep,Patriot,2011,petrol,2.0,8.2
Jeep,Patriot,2011,petrol,2.4,8.35
Jeep,Patriot,2012,petrol,2.0,8.2
Jeep,Patriot,2012,petrol,2.4,8.35
Jeep,Patriot,2013,petrol,2.0,8.1
Jeep,Patriot,2013,petrol,2.4,8.35
Jeep,Patriot,2014,petrol,2.0,8.3
Jeep,Patriot,2014,petrol,2.4,8.3
Jeep,Patriot,2015,petrol,2.0,9.55
Jeep,Patriot,2015,petrol,2.4,9.65
Jeep,Patriot,2016,petrol,2.0,9.6
Jeep,Patriot,2016,petrol,2.4,9.65
Jeep,Patriot,2017,petrol,2.0,9.65
Jeep,Patriot,2017,petrol,2.4,9.7
Jeep,Patriot 4X4,2007,petrol,2.4,8.85
Jeep,Patriot 4X4,2008,petrol,2.4,8.75
Jeep,Patriot 4X4,2009,petrol,2.4,8.7
Jeep,Patriot 4X4,2010,petrol,2.4,8.7
Jeep,Patriot 4X4,2011,petrol,2.4,8.55
Jeep,Patriot 4X4,2012,petrol,2.4,8.6
Jeep,Patriot 4X4,2013,petrol,2.4,8.6
Jeep,Patriot 4X4,2014,petrol,2.4,8.45
Jeep,Patriot 4X4,2015,petrol,2.4,9.95
Jeep,Patriot 4X4,2016,petrol,2.4,10.1
Jeep,Patriot 4X4,2017,petrol,2.4,10.5
Jeep,Patriot 4X4 Trail Rated,2007,petrol,2.4,10.1
Jeep,Patriot 4X4 Trail Rated,2008,petrol,2.4,10.1
Jeep,Patriot 4X4 Trail Rated,2009,petrol,2.4,10.1
Jeep,Patriot 4X4 Trail Rated,2014,petrol,2.4,9.6
Jeep,Patriot 4X4 Trail Rated,2015,petrol,2.4,11.1
Jeep,Patriot 4X4 Trail Rated,2016,petrol,2.4,11.1
Jeep,Recon MOAB 4X4,2026,electric,,29.6
Jeep,Renegade,2015,petrol,1.4,8.8
Jeep,Renegade,2016,petrol,1.4,8.8
Jeep,Renegade,2017,petrol,1.4,8.9
Jeep,Renegade,2018,petrol,1.4,8.9
Jeep,Renegade,2018,petrol,2.4,9.5
Jeep,Renegade,2019,petrol,1.3,8.7
Jeep,Renegade,2019,petrol,2.4,9.5
Jeep,Renegade,2020,petrol,1.3,8.7
Jeep,Renegade,2020,petrol,2.4,9.5
Jeep,Renegade,2021,petrol,1.3,8.7
Jeep,Renegade,2021,petrol,2.4,9.5
Jeep,Renegade,2022,petrol,1.3,8.7
Jeep,Renegade 4X4,2015,petrol,1.4,8.8
Jeep,Renegade 4X4,2015,petrol,2.4,9.8
Jeep,Renegade 4X4,2016,petrol,1.4,8.8
Jeep,Renegade 4X4,2016,petrol,2.4,9.8
Jeep,Renegade 4X4,2017,petrol,1.4,8.9
Jeep,Renegade 4X4,2017,petrol,2.4,9.8
Jeep,Renegade 4X4,2018,petrol,1.4,8.9
Jeep,Renegade 4X4,2018,petrol,2.4,9.8
Jeep,Renegade 4X4,2019,petrol,1.3,9.2
Jeep,Renegade 4X4,2019,petrol,2.4,9.8
Jeep,Renegade 4X4,2020,petrol,1.3,9.2
Jeep,Renegade 4X4,2020,petrol,2.4,9.8
Jeep,Renegade 4X4,2021,petrol,1.3,9.2
Jeep,Renegade 4X4,2021,petrol,2.4,9.8
Jeep,Renegade 4X4,2022,petrol,1.3,9.2
Jeep,Renegade 4X4,2023,petrol,1.3,9.2
Jeep,Renegade 4X4 Trailhawk,2019,petrol,1.3,9.9
Jeep,Renegade 4X4 Trailhawk,2020,petrol,1.3,9.9
Jeep,Renegade 4X4 Trailhawk,2021,petrol,1.3,9.9
Jeep,Renegade 4X4 Trailhawk,2022,petrol,1.3,9.9
Jeep,Renegade 4X4 Trailhawk,2023,petrol,1.3,9.9
Jeep,Renegade FFV,2015,petrol,2.4,9.4
Jeep,Renegade FFV,2016,petrol,2.4,9.4
Jeep,Renegade FFV,2017,petrol,2.4,9.5
Jeep,Renegade FFV,2018,petrol,2.4,9.5
Jeep,TJ 4X4,2005,petrol,4.0,14.15
Jeep,TJ 4X4,2006,petrol,2.4,12.0
Jeep,TJ 4X4,2006,petrol,4.0,14.15
Jeep,TJ Unlimited 4X4,2005,petrol,4.0,14.55
Jeep,TJ Unlimited 4X4,2006,petrol,4.0,14.5
Jeep,Wagoneer 4X4,2022,petrol,5.7,13.8
Jeep,Wagoneer 4X4,2023,petrol,3.0,12.5
Jeep,Wagoneer 4X4,2023,petrol,5.7,13.8
Jeep,Wagoneer 4X4,2024,petrol,3.0,12.5
Jeep,Wagoneer 4X4,2025,petrol,3.0,12.5
Jeep,Wagoneer L 4X4,2023,petrol,3.0,12.7
Jeep,Wagoneer L 4X4,2024,petrol,3.0,12.7
Jeep,Wagoneer L 4X4,2025,petrol,3.0,12.7
Jeep,Wagoneer S AWD (Falken Tire),2024,electric,,21.5
Jeep,Wagoneer S AWD (Falken Tire),2025,electric,,22.5
Jeep,Wagoneer S AWD (Falken Tire),2026,electric,,22.5
Jeep,Wagoneer S AWD (Pirelli Tire),2024,electric,,24.1
Jeep,Wagoneer S AWD (Pirelli Tire),2025,electric,,25.2
Jeep,Wagoneer S AWD (Pirelli Tire),2026,electric,,24.3
Jeep,Wrangler 4X4,2007,petrol,3.8,13.05
Jeep,Wrangler 4X4,2008,petrol,3.8,12.5
Jeep,Wrangler 4X4,2009,petrol,3.8,12.6
Jeep,Wrangler 4X4,2010,petrol,3.8,12.55
Jeep,Wrangler 4X4,2011,petrol,3.8,12.35
Jeep,Wrangler 4X4,2012,petrol,3.6,11.2
Jeep,Wrangler 4X4,2015,petrol,3.6,12.8
Jeep,Wrangler 4X4,2016,petrol,3.6,12.8
Jeep,Wrangler 4X4,2017,petrol,3.6,12.8
Jeep,Wrangler 4X4,2020,petrol,2.0,10.3
Jeep,Wrangler 4X4,2020,petrol,3.6,11.8
Jeep,Wrangler 4X4 (2-Door),2013,petrol,3.6,11.2
Jeep,Wrangler 4X4 (2-Door),2014,petrol,3.6,11.2
Jeep,Wrangler 4X4 Unlimited,2012,petrol,3.6,11.7
Jeep,Wrangler 4X4 eTorque,2020,petrol,3.6,11.0
Jeep,Wrangler 4xe,2021,hybrid,2.0,11.7
Jeep,Wrangler 4xe,2022,hybrid,2.0,11.7
Jeep,Wrangler 4xe,2023,hybrid,2.0,11.7
Jeep,Wrangler 4xe,2024,hybrid,2.0,11.7
Jeep,Wrangler 4xe,2025,hybrid,2.0,11.7
Jeep,Wrangler JK 4X4,2018,petrol,3.6,12.8
Jeep,Wrangler JK Unlimited 4X4,2018,petrol,3.6,13.35
Jeep,Wrangler JL 4X4,2019,petrol,2.0,10.0
Jeep,Wrangler JL 4X4,2019,petrol,3.6,11.8
Jeep,Wrangler JL 4X4,2021,petrol,2.0,10.3
Jeep,Wrangler JL 4X4,2021,petrol,3.6,11.8
Jeep,Wrangler JL 4X4,2022,petrol,2.0,10.3
Jeep,Wrangler JL 4X4,2022,petrol,3.6,11.8
Jeep,Wrangler JL 4X4,2023,petrol,2.0,10.3
Jeep,Wrangler JL 4X4,2023,petrol,3.6,11.8
Jeep,Wrangler JL 4X4,2024,petrol,2.0,11.5
Jeep,Wrangler JL 4X4,2024,petrol,3.6,11.9
Jeep,Wrangler JL 4X4,2025,petrol,2.0,11.0
Jeep,Wrangler JL 4X4,2025,petrol,3.6,12.2
Jeep,Wrangler JL 4X4,2026,petrol,2.0,11.0
Jeep,Wrangler JL 4X4,2026,petrol,3.6,12.2
Jeep,Wrangler JL 4X4 Rubicon,2024,petrol,3.6,13.3
Jeep,Wrangler JL 4X4 eTorque,2021,petrol,3.6,11.0
Jeep,Wrangler JL 4X4 eTorque,2022,petrol,3.6,11.0
Jeep,Wrangler JL 4X4 eTorque,2023,petrol,3.6,11.0
Jeep,Wrangler JL Unlimited 4X4,2019,petrol,2.0,10.5
Jeep,Wrangler JL Unlimited 4X4,2019,petrol,3.6,11.95
Jeep,Wrangler JL Unlimited 4X4,2021,petrol,2.0,10.8
Jeep,Wrangler JL Unlimited 4X4,2021,petrol,3.6,12.05
Jeep,Wrangler JL Unlimited 4X4,2022,petrol,2.0,10.8
Jeep,Wrangler JL Unlimited 4X4,2022,petrol,3.6,11.95
Jeep,Wrangler JL Unlimited 4X4,2022,petrol,6.4,16.5
Jeep,Wrangler JL Unlimited 4X4,2023,petrol,2.0,10.8
Jeep,Wrangler JL Unlimited 4X4,2023,petrol,3.6,11.95
Jeep,Wrangler JL Unlimited 4X4,2024,petrol,2.0,11.7
Jeep,Wrangler JL Unlimited 4X4,2024,petrol,3.6,12.25
Jeep,Wrangler JL Unlimited 4X4,2025,petrol,2.0,11.3
Jeep,Wrangler JL Unlimited 4X4,2025,petrol,3.6,12.25
Jeep,Wrangler JL Unlimited 4X4,2026,petrol,2.0,11.3
Jeep,Wrangler JL Unlimited 4X4,2026,petrol,3.6,12.25
Jeep,Wrangler JL Unlimited 4X4 392,2023,petrol,6.4,16.5
Jeep,Wrangler JL Unlimited 4X4 392,2024,petrol,6.4,16.8
Jeep,Wrangler JL Unlimited 4X4 392,2026,petrol,6.4,16.8
Jeep,Wrangler JL Unlimited 4X4 EcoDiesel,2021,diesel,3.0,9.5
Jeep,Wrangler JL Unlimited 4X4 EcoDiesel,2022,diesel,3.0,9.5
Jeep,Wrangler JL Unlimited 4X4 EcoDiesel,2023,diesel,3.0,9.5
Jeep,Wrangler JL Unlimited 4X4 Rubicon,2024,petrol,3.6,13.7
Jeep,Wrangler JL Unlimited 4X4 Rubicon EcoDiesel,2021,diesel,3.0,10.2
Jeep,Wrangler JL Unlimited 4X4 Rubicon EcoDiesel,2022,diesel,3.0,10.2
Jeep,Wrangler JL Unlimited 4X4 Rubicon EcoDiesel,2023,diesel,3.0,10.2
Jeep,Wrangler JL Unlimited 4X4 eTorque,2021,petrol,3.6,11.2
Jeep,Wrangler JL Unlimited 4X4 eTorque,2022,petrol,3.6,11.2
Jeep,Wrangler JL Unlimited 4X4 eTorque,2023,petrol,3.6,11.2
Jeep,Wrangler Unlimited 4X4,2007,petrol,3.8,13.25
Jeep,Wrangler Unlimited 4X4,2015,petrol,3.6,13.4
Jeep,Wrangler Unlimited 4X4,2016,petrol,3.6,13.4
Jeep,Wrangler Unlimited 4X4,2017,petrol,3.6,13.35
Jeep,Wrangler Unlimited 4X4,2020,petrol,2.0,11.2
Jeep,Wrangler Unlimited 4X4,2020,petrol,3.6,12.05
Jeep,Wrangler Unlimited 4X4 (4-Door),2013,petrol,3.6,11.7
Jeep,Wrangler Unlimited 4X4 (4-Door),2014,petrol,3.6,11.7
Jeep,Wrangler Unlimited 4X4 EcoDiesel,2020,diesel,3.0,9.5
Jeep,Wrangler Unlimited 4X4 eTorque,2020,petrol,2.0,10.9
Jeep,Wrangler Unlimited 4X4 eTorque,2020,petrol,3.6,11.8
Kia,Amanti,2005,petrol,3.5,11.5
Kia,Amanti,2006,petrol,3.5,11.5
Kia,Amanti,2007,petrol,3.8,10.6
Kia,Amanti,2008,petrol,3.8,10.6
Kia,Amanti,2009,petrol,3.8,10.6
Kia,Borrego,2010,petrol,3.8,11.2
Kia,Borrego,2010,petrol,4.6,11.8
Kia,Borrego,2011,petrol,3.8,11.2
Kia,Borrego,2011,petrol,4.6,11.7
Kia,Borrego 4WD,2010,petrol,3.8,11.4
Kia,Borrego 4WD,2010,petrol,4.6,12.3
Kia,Borrego 4WD,2011,petrol,3.8,11.4
Kia,Borrego 4WD,2011,petrol,4.6,12.3
Kia,Borrego 4X4,2009,petrol,3.8,11.4
Kia,Borrego 4X4,2009,petrol,4.6,12.3
Kia,Cadenza,2014,petrol,3.3,9.5
Kia,Cadenza,2015,petrol,3.3,10.7
Kia,Cadenza,2016,petrol,3.3,10.7
Kia,Cadenza,2017,petrol,3.3,10.2
Kia,Cadenza,2018,petrol,3.3,10.2
Kia,Cadenza,2019,petrol,3.3,10.2
Kia,Carnival,2022,petrol,3.5,10.6
Kia,Carnival,2023,petrol,3.5,10.6
Kia,Carnival,2024,petrol,3.5,10.7
Kia,Carnival,2025,petrol,3.5,11.1
Kia,Carnival,2026,petrol,3.5,11.3
Kia,Carnival Hybrid,2025,hybrid,1.6,7.2
Kia,Carnival Hybrid,2026,hybrid,1.6,7.2
Kia,EV4 GT-Line,2026,electric,,19.3
Kia,EV4 Light,2026,electric,,16.8
Kia,EV4 Wind,2026,electric,,16.8
Kia,EV4 Wind Premium,2026,electric,,18.0
Kia,EV6 GT AWD,2023,electric,,26.4
Kia,EV6 GT AWD,2024,electric,,25.5
Kia,"EV6 Land AWD (19"" Wheels)",2024,electric,,19.3
Kia,"EV6 Land AWD (19"" Wheels)",2025,electric,,19.9
Kia,"EV6 Land AWD (20"" Wheels)",2024,electric,,21.7
Kia,"EV6 Land AWD (20"" Wheels)",2025,electric,,21.5
Kia,EV6 Light,2025,electric,,18.2
Kia,EV6 Long Range,2022,electric,,18.0
Kia,EV6 Long Range,2023,electric,,18.0
Kia,EV6 Long Range AWD,2022,electric,,19.9
Kia,"EV6 Long Range AWD (19"" Wheels)",2023,electric,,19.3
Kia,"EV6 Long Range AWD (20"" Wheels)",2023,electric,,21.7
Kia,EV6 Standard Range,2022,electric,,18.0
Kia,EV6 Standard Range,2023,electric,,18.0
Kia,EV6 Wind,2024,electric,,18.0
Kia,EV6 Wind,2025,electric,,18.4
Kia,EV9 GT,2026,electric,,26.7
Kia,EV9 Land AWD,2024,electric,,25.5
Kia,EV9 Land AWD,2025,electric,,25.5
Kia,EV9 Land AWD,2026,electric,,24.9
Kia,EV9 Land AWD GT-Line,2024,electric,,26.1
Kia,EV9 Land AWD GT-Line,2025,electric,,26.1
Kia,EV9 Land AWD GT-Line,2026,electric,,25.5
Kia,EV9 Light,2024,electric,,23.6
Kia,EV9 Light,2025,electric,,23.6
Kia,EV9 Light,2026,electric,,23.6
Kia,EV9 Wind,2024,electric,,23.6
Kia,EV9 Wind,2025,electric,,23.6
Kia,EV9 Wind,2026,electric,,23.6
Kia,Forte,2010,petrol,2.0,7.15
Kia,Forte,2010,petrol,2.4,7.85
Kia,Forte,2011,petrol,2.0,7.0
Kia,Forte,2011,petrol,2.4,7.75
Kia,Forte,2012,petrol,2.0,6.95
Kia,Forte,2012,petrol,2.4,7.8
Kia,Forte,2013,petrol,2.0,6.95
Kia,Forte,2013,petrol,2.4,7.75
Kia,Forte,2014,petrol,1.8,6.9
Kia,Forte,2014,petrol,2.0,7.2
Kia,Forte,2015,petrol,1.8,7.75
Kia,Forte,2015,petrol,2.0,8.4
Kia,Forte,2016,petrol,1.8,7.75
Kia,Forte,2016,petrol,2.0,8.4
Kia,Forte,2017,petrol,2.0,8.3
Kia,Forte,2018,petrol,2.0,8.3
Kia,Forte,2019,petrol,2.0,7.25
Kia,Forte,2020,petrol,1.6,7.8
Kia,Forte,2020,petrol,2.0,7.3
Kia,Forte,2021,petrol,1.6,7.8
Kia,Forte,2021,petrol,2.0,7.25
Kia,Forte,2022,petrol,1.6,7.8
Kia,Forte,2022,petrol,2.0,7.3
Kia,Forte,2023,petrol,1.6,7.8
Kia,Forte,2023,petrol,2.0,7.2
Kia,Forte,2024,petrol,1.6,7.8
Kia,Forte,2024,petrol,2.0,7.2
Kia,Forte (GDI),2017,petrol,2.0,8.3
Kia,Forte (GDI),2018,petrol,2.0,8.3
Kia,Forte (MPI),2017,petrol,2.0,7.2
Kia,Forte (MPI),2018,petrol,2.0,7.1
Kia,Forte 5,2014,petrol,1.6,8.4
Kia,Forte 5,2014,petrol,2.0,7.25
Kia,Forte 5,2015,petrol,1.6,9.75
Kia,Forte 5,2015,petrol,2.0,8.45
Kia,Forte 5,2016,petrol,1.6,9.75
Kia,Forte 5,2016,petrol,2.0,8.45
Kia,Forte 5,2017,petrol,1.6,8.7
Kia,Forte 5,2017,petrol,2.0,8.5
Kia,Forte 5,2018,petrol,1.6,8.7
Kia,Forte 5,2018,petrol,2.0,8.5
Kia,Forte 5,2020,petrol,1.6,8.0
Kia,Forte 5,2020,petrol,2.0,7.1
Kia,Forte 5,2021,petrol,1.6,8.4
Kia,Forte 5,2021,petrol,2.0,7.1
Kia,Forte 5,2022,petrol,1.6,8.0
Kia,Forte 5,2022,petrol,2.0,7.1
Kia,Forte 5,2023,petrol,1.6,8.0
Kia,Forte 5,2023,petrol,2.0,7.7
Kia,Forte 5,2024,petrol,1.6,8.0
Kia,Forte 5,2024,petrol,2.0,7.7
Kia,Forte Koup,2011,petrol,2.0,7.0
Kia,Forte Koup,2011,petrol,2.4,7.75
Kia,Forte Koup,2012,petrol,2.0,7.15
Kia,Forte Koup,2012,petrol,2.4,7.85
Kia,Forte Koup,2013,petrol,2.0,7.15
Kia,Forte Koup,2013,petrol,2.4,7.8
Kia,Forte Koup,2014,petrol,1.6,8.2
Kia,Forte Koup,2014,petrol,2.0,7.3
Kia,Forte Koup,2015,petrol,1.6,9.5
Kia,Forte Koup,2015,petrol,2.0,8.7
Kia,Forte Koup,2016,petrol,1.6,9.5
Kia,Forte Koup,2016,petrol,2.0,8.7
Kia,Forte Koup,2017,petrol,1.6,8.9
Kia,Forte Koup,2017,petrol,2.0,8.7
Kia,K4,2025,petrol,1.6,8.0
Kia,K4,2025,petrol,2.0,7.3
Kia,K4 (Without DMS),2025,petrol,2.0,7.0
Kia,K5,2021,petrol,2.5,8.7
Kia,K5,2022,petrol,2.5,8.7
Kia,K5,2023,petrol,2.5,8.7
Kia,K5,2024,petrol,2.5,8.7
Kia,K5 AWD,2021,petrol,1.6,8.2
Kia,K5 AWD,2022,petrol,1.6,8.2
Kia,K5 AWD,2023,petrol,1.6,8.3
Kia,K5 AWD,2024,petrol,1.6,8.3
Kia,K900,2015,petrol,3.8,11.3
Kia,K900,2015,petrol,5.0,13.3
Kia,K900,2016,petrol,3.8,11.8
Kia,K900,2016,petrol,5.0,13.4
Kia,K900,2017,petrol,3.8,11.8
Kia,K900,2017,petrol,5.0,13.3
Kia,K900,2018,petrol,3.8,11.8
Kia,K900,2018,petrol,5.0,13.3
Kia,Magentis,2005,petrol,2.4,9.2
Kia,Magentis,2005,petrol,2.7,9.9
Kia,Magentis,2006,petrol,2.4,9.2
Kia,Magentis,2006,petrol,2.7,9.9
Kia,Magentis,2007,petrol,2.4,8.2
Kia,Magentis,2007,petrol,2.7,9.0
Kia,Magentis,2008,petrol,2.4,8.15
Kia,Magentis,2008,petrol,2.7,9.0
Kia,Magentis,2009,petrol,2.4,8.0
Kia,Magentis,2009,petrol,2.7,8.9
Kia,Magentis,2010,petrol,2.4,8.0
Kia,Magentis,2010,petrol,2.7,8.9
Kia,Niro,2017,petrol,1.6,4.8
Kia,Niro,2018,petrol,1.6,4.8
Kia,Niro,2019,petrol,1.6,4.8
Kia,Niro,2020,petrol,1.6,4.8
Kia,Niro,2021,petrol,1.6,4.6
Kia,Niro,2022,petrol,1.6,4.6
Kia,Niro,2023,petrol,1.6,4.8
Kia,Niro,2024,petrol,1.6,4.8
Kia,Niro,2025,petrol,1.6,4.8
Kia,Niro,2026,petrol,1.6,4.8
Kia,Niro EV,2019,electric,,18.6
Kia,Niro EV,2020,electric,,18.6
Kia,Niro EV,2021,electric,,18.6
Kia,Niro EV,2022,electric,,18.6
Kia,Niro EV,2023,electric,,18.6
Kia,Niro EV,2024,electric,,18.6
Kia,Niro EV,2025,electric,,18.6
Kia,Niro EV,2026,electric,,18.6
Kia,Niro FE,2017,petrol,1.6,4.7
Kia,Niro FE,2018,petrol,1.6,4.7
Kia,Niro FE,2019,petrol,1.6,4.7
Kia,Niro FE,2020,petrol,1.6,4.7
Kia,Niro FE,2021,petrol,1.6,4.6
Kia,Niro FE,2022,petrol,1.6,4.6
Kia,Niro FE,2023,petrol,1.6,4.4
Kia,Niro FE,2024,petrol,1.6,4.4
Kia,Niro FE,2025,petrol,1.6,4.4
Kia,Niro FE,2026,petrol,1.6,4.4
Kia,Niro Plug-in Hybrid,2019,hybrid,1.6,5.1
Kia,Niro Plug-in Hybrid,2020,hybrid,1.6,5.1
Kia,Niro Plug-in Hybrid,2021,hybrid,1.6,5.1
Kia,Niro Plug-in Hybrid,2022,hybrid,1.6,5.1
Kia,Niro Plug-in Hybrid,2023,hybrid,1.6,4.8
Kia,Niro Plug-in Hybrid,2024,hybrid,1.6,4.8
Kia,Niro Plug-in Hybrid,2025,hybrid,1.6,4.8
Kia,Niro Plug-in Hybrid,2026,hybrid,1.6,4.8
Kia,Niro Touring,2017,petrol,1.6,5.4
Kia,Niro Touring,2018,petrol,1.6,5.4
Kia,Niro Touring,2019,petrol,1.6,5.4
Kia,Niro Touring,2020,petrol,1.6,5.4
Kia,Niro Touring,2021,petrol,1.6,5.3
Kia,Niro Touring,2022,petrol,1.6,5.3
Kia,Optima,2011,petrol,2.0,7.7
Kia,Optima,2011,petrol,2.4,7.4
Kia,Optima,2012,petrol,2.0,7.7
Kia,Optima,2012,petrol,2.4,7.35
Kia,Optima,2013,petrol,2.0,7.7
Kia,Optima,2013,petrol,2.4,7.3
Kia,Optima,2014,petrol,2.0,8.6
Kia,Optima,2014,petrol,2.4,7.5
Kia,Optima,2015,petrol,2.0,9.9
Kia,Optima,2015,petrol,2.4,8.7
Kia,Optima,2016,petrol,1.6,7.4
Kia,Optima,2016,petrol,2.0,9.3
Kia,Optima,2016,petrol,2.4,8.1
Kia,Optima,2017,petrol,2.4,8.4
Kia,Optima,2018,petrol,2.0,9.4
Kia,Optima,2018,petrol,2.4,8.4
Kia,Optima,2019,petrol,2.0,9.7
Kia,Optima,2019,petrol,2.4,8.4
Kia,Optima,2020,petrol,2.4,8.4
Kia,Optima FE,2017,petrol,2.4,8.0
Kia,Optima FE,2018,petrol,2.4,8.0
Kia,Optima Hybrid,2011,hybrid,2.4,5.5
Kia,Optima Hybrid,2012,hybrid,2.4,5.5
Kia,Optima Hybrid,2013,hybrid,2.4,5.2
Kia,Optima Hybrid,2014,hybrid,2.4,5.2
Kia,Optima Hybrid,2015,hybrid,2.4,6.3
Kia,Optima Hybrid,2016,hybrid,2.4,6.3
Kia,Optima Hybrid,2017,hybrid,2.0,5.6
Kia,Optima Hybrid,2018,hybrid,2.0,5.6
Kia,Optima Hybrid,2019,hybrid,2.0,5.7
Kia,Optima Hybrid,2020,hybrid,2.0,5.6
Kia,Optima Hybrid EX,2013,hybrid,2.4,5.3
Kia,Optima Hybrid EX,2014,hybrid,2.4,5.3
Kia,Optima Hybrid EX,2015,hybrid,2.4,6.4
Kia,Optima Hybrid EX,2016,hybrid,2.4,6.4
Kia,Optima Plug-in Hybrid,2017,hybrid,2.0,5.9
Kia,Optima Plug-in Hybrid,2018,hybrid,2.0,5.9
Kia,Optima Plug-in Hybrid,2019,hybrid,2.0,5.9
Kia,Optima Plug-in Hybrid,2020,hybrid,2.0,5.7
Kia,Optima Turbo,2017,petrol,2.0,9.4
Kia,Rio,2005,petrol,1.6,8.35
Kia,Rio,2006,petrol,1.6,6.95
Kia,Rio,2007,petrol,1.6,6.95
Kia,Rio,2008,petrol,1.6,6.95
Kia,Rio,2009,petrol,1.6,6.75
Kia,Rio,2010,petrol,1.6,6.55
Kia,Rio,2011,petrol,1.6,6.6
Kia,Rio,2012,petrol,1.6,6.3
Kia,Rio,2013,petrol,1.6,6.25
Kia,Rio,2014,petrol,1.6,6.5
Kia,Rio,2015,petrol,1.6,7.7
Kia,Rio,2016,petrol,1.6,7.7
Kia,Rio,2017,petrol,1.6,7.8
Kia,Rio,2018,petrol,1.6,7.5
Kia,Rio,2019,petrol,1.6,7.5
Kia,Rio,2020,petrol,1.6,6.8
Kia,Rio,2021,petrol,1.6,6.85
Kia,Rio,2022,petrol,1.6,6.85
Kia,Rio,2023,petrol,1.6,6.85
Kia,Rio Eco,2013,petrol,1.6,6.2
Kia,Rio Eco,2014,petrol,1.6,6.4
Kia,Rio Eco,2015,petrol,1.6,7.6
Kia,Rio Eco,2016,petrol,1.6,7.6
Kia,Rondo,2007,petrol,2.4,9.4
Kia,Rondo,2007,petrol,2.7,10.0
Kia,Rondo,2008,petrol,2.4,9.4
Kia,Rondo,2008,petrol,2.7,9.8
Kia,Rondo,2009,petrol,2.4,9.2
Kia,Rondo,2009,petrol,2.7,9.8
Kia,Rondo,2010,petrol,2.4,9.2
Kia,Rondo,2010,petrol,2.7,9.8
Kia,Rondo,2011,petrol,2.4,9.2
Kia,Rondo,2011,petrol,2.7,9.8
Kia,Rondo,2012,petrol,2.4,9.2
Kia,Rondo,2012,petrol,2.7,9.8
Kia,Rondo,2014,petrol,2.0,7.95
Kia,Rondo,2015,petrol,2.0,9.3
Kia,Rondo,2016,petrol,2.0,9.15
Kia,Rondo,2017,petrol,2.0,8.9
Kia,Sedona,2005,petrol,3.5,12.5
Kia,Sedona,2006,petrol,3.8,11.7
Kia,Sedona,2007,petrol,3.8,11.2
Kia,Sedona,2008,petrol,3.8,11.2
Kia,Sedona,2009,petrol,3.8,11.2
Kia,Sedona,2010,petrol,3.8,10.8
Kia,Sedona,2011,petrol,3.5,9.9
Kia,Sedona,2012,petrol,3.5,9.9
Kia,Sedona,2014,petrol,3.5,10.5
Kia,Sedona,2015,petrol,3.3,11.6
Kia,Sedona,2016,petrol,3.3,11.6
Kia,Sedona,2017,petrol,3.3,11.6
Kia,Sedona,2018,petrol,3.3,11.6
Kia,Sedona,2019,petrol,3.3,11.5
Kia,Sedona,2020,petrol,3.3,11.5
Kia,Sedona,2021,petrol,3.3,11.5
Kia,Sedona SX,2015,petrol,3.3,11.4
Kia,Sedona SX,2016,petrol,3.3,11.4
Kia,Sedona SX,2017,petrol,3.3,11.4
Kia,Sedona SX,2018,petrol,3.3,11.4
Kia,Sedona SXL,2015,petrol,3.3,12.5
Kia,Sedona SXL,2016,petrol,3.3,12.5
Kia,Sedona SXL,2017,petrol,3.3,12.5
Kia,Sedona SXL,2018,petrol,3.3,12.5
Kia,Seltos,2021,petrol,2.0,7.7
Kia,Seltos,2022,petrol,2.0,7.7
Kia,Seltos,2023,petrol,2.0,7.7
Kia,Seltos,2024,petrol,2.0,7.6
Kia,Seltos,2025,petrol,2.0,7.6
Kia,Seltos,2026,petrol,2.0,7.6
Kia,Seltos AWD,2021,petrol,1.6,8.7
Kia,Seltos AWD,2021,petrol,2.0,8.2
Kia,Seltos AWD,2022,petrol,1.6,8.7
Kia,Seltos AWD,2022,petrol,2.0,8.2
Kia,Seltos AWD,2023,petrol,1.6,8.7
Kia,Seltos AWD,2023,petrol,2.0,8.2
Kia,Seltos AWD,2024,petrol,1.6,9.1
Kia,Seltos AWD,2024,petrol,2.0,8.2
Kia,Seltos AWD,2025,petrol,1.6,9.2
Kia,Seltos AWD,2025,petrol,2.0,8.2
Kia,Seltos AWD,2026,petrol,1.6,9.2
Kia,Seltos AWD,2026,petrol,2.0,8.2
Kia,Sorento,2007,petrol,3.8,12.0
Kia,Sorento,2008,petrol,3.3,11.5
Kia,Sorento,2008,petrol,3.8,12.0
Kia,Sorento,2011,petrol,2.4,8.8
Kia,Sorento,2011,petrol,3.5,9.1
Kia,Sorento,2012,petrol,2.4,8.75
Kia,Sorento,2012,petrol,3.5,9.1
Kia,Sorento,2013,petrol,2.4,8.3
Kia,Sorento,2013,petrol,3.5,9.2
Kia,Sorento,2014,petrol,2.4,8.9
Kia,Sorento,2014,petrol,3.3,9.8
Kia,Sorento,2015,petrol,2.4,10.4
Kia,Sorento,2015,petrol,3.3,11.1
Kia,Sorento,2016,petrol,2.0,10.3
Kia,Sorento,2016,petrol,2.4,9.8
Kia,Sorento,2017,petrol,2.4,9.9
Kia,Sorento,2018,petrol,2.4,9.9
Kia,Sorento,2019,petrol,2.4,9.6
Kia,Sorento 4WD,2011,petrol,2.4,8.8
Kia,Sorento 4WD,2011,petrol,3.5,9.7
Kia,Sorento 4WD,2012,petrol,2.4,9.0
Kia,Sorento 4WD,2012,petrol,3.5,10.0
Kia,Sorento 4WD,2013,petrol,2.4,9.0
Kia,Sorento 4WD,2013,petrol,3.5,10.0
Kia,Sorento 4WD,2014,petrol,2.4,9.5
Kia,Sorento 4WD,2014,petrol,3.3,10.3
Kia,Sorento 4X4,2005,petrol,3.5,13.5
Kia,Sorento 4X4,2006,petrol,3.5,13.5
Kia,Sorento 4X4,2007,petrol,3.8,12.1
Kia,Sorento 4X4,2008,petrol,3.3,11.8
Kia,Sorento 4X4,2008,petrol,3.8,12.1
Kia,Sorento 4X4,2009,petrol,3.3,11.8
Kia,Sorento 4X4,2009,petrol,3.8,12.1
Kia,Sorento AWD,2015,petrol,2.4,10.9
Kia,Sorento AWD,2015,petrol,3.3,11.8
Kia,Sorento AWD,2016,petrol,2.0,10.9
Kia,Sorento AWD,2016,petrol,2.4,10.4
Kia,Sorento AWD,2016,petrol,3.3,11.6
Kia,Sorento AWD,2017,petrol,2.0,11.0
Kia,Sorento AWD,2017,petrol,2.4,10.5
Kia,Sorento AWD,2017,petrol,3.3,12.2
Kia,Sorento AWD,2018,petrol,2.0,11.0
Kia,Sorento AWD,2018,petrol,2.4,10.5
Kia,Sorento AWD,2018,petrol,3.3,12.2
Kia,Sorento AWD,2019,petrol,2.4,10.2
Kia,Sorento AWD,2019,petrol,3.3,11.2
Kia,Sorento AWD,2020,petrol,2.4,10.2
Kia,Sorento AWD,2020,petrol,3.3,11.1
Kia,Sorento AWD,2021,petrol,2.5,9.8
Kia,Sorento AWD,2022,petrol,2.5,9.8
Kia,Sorento AWD,2023,petrol,2.5,9.8
Kia,Sorento AWD,2024,petrol,2.5,9.85
Kia,Sorento AWD,2025,petrol,2.5,9.85
Kia,Sorento AWD,2026,petrol,2.5,9.85
Kia,Sorento AWD FE,2017,petrol,3.3,11.4
Kia,Sorento AWD FE,2018,petrol,3.3,11.4
Kia,Sorento Hybrid AWD,2022,hybrid,1.6,6.6
Kia,Sorento Hybrid AWD,2023,hybrid,1.6,6.6
Kia,Sorento Hybrid AWD,2024,hybrid,1.6,6.8
Kia,Sorento Hybrid AWD,2025,hybrid,1.6,7.0
Kia,Sorento Hybrid AWD,2026,hybrid,1.6,7.0
Kia,Sorento Plug-in Hybrid,2022,hybrid,1.6,6.9
Kia,Sorento Plug-in Hybrid,2023,hybrid,1.6,6.9
Kia,Sorento Plug-in Hybrid,2024,hybrid,1.6,6.9
Kia,Sorento Plug-in Hybrid,2025,hybrid,1.6,7.0
Kia,Sorento Plug-in Hybrid,2026,hybrid,1.6,6.9
Kia,Soul,2010,petrol,1.6,7.15
Kia,Soul,2010,petrol,2.0,7.65
Kia,Soul,2011,petrol,1.6,7.15
Kia,Soul,2011,petrol,2.0,7.6
Kia,Soul,2012,petrol,1.6,7.4
Kia,Soul,2012,petrol,2.0,7.85
Kia,Soul,2013,petrol,1.6,7.4
Kia,Soul,2013,petrol,2.0,7.85
Kia,Soul,2014,petrol,1.6,7.65
Kia,Soul,2014,petrol,2.0,7.7
Kia,Soul,2015,petrol,1.6,8.95
Kia,Soul,2015,petrol,2.0,9.0
Kia,Soul,2016,petrol,1.6,8.95
Kia,Soul,2016,petrol,2.0,8.8
Kia,Soul,2017,petrol,1.6,8.75
Kia,Soul,2017,petrol,2.0,8.7
Kia,Soul,2018,petrol,1.6,8.6
Kia,Soul,2018,petrol,2.0,8.7
Kia,Soul,2019,petrol,1.6,8.45
Kia,Soul,2019,petrol,2.0,8.7
Kia,Soul,2020,petrol,2.0,8.3
Kia,Soul,2021,petrol,2.0,7.9
Kia,Soul,2022,petrol,2.0,7.9
Kia,Soul,2023,petrol,2.0,7.9
Kia,Soul,2024,petrol,2.0,7.8
Kia,Soul,2025,petrol,2.0,7.9
Kia,Soul ECO Dynamics,2014,petrol,2.0,7.5
Kia,Soul ECO Dynamics,2015,petrol,2.0,8.8
Kia,Soul ECO Dynamics,2016,petrol,2.0,8.8
Kia,Soul EV,2015,electric,,19.9
Kia,Soul EV,2016,electric,,19.9
Kia,Soul EV,2017,electric,,19.9
Kia,Soul EV,2018,electric,,19.3
Kia,Soul EV,2019,electric,,19.3
Kia,Soul EV (120 Ah),2020,electric,,18.0
Kia,Soul EV (120 Ah),2021,electric,,17.8
Kia,Soul EV (120 Ah),2022,electric,,17.8
Kia,Soul EV (120 Ah),2023,electric,,17.8
Kia,Soul EV (180 Ah),2020,electric,,18.6
Kia,Soul EV (180 Ah),2021,electric,,18.7
Kia,Soul EV (180 Ah),2022,electric,,18.7
Kia,Soul EV (180 Ah),2023,electric,,18.7
Kia,Soul Eco,2012,petrol,1.6,7.1
Kia,Soul Eco,2013,petrol,2.0,7.7
Kia,Soul Turbo,2017,petrol,1.6,8.5
Kia,Spectra,2005,petrol,2.0,8.15
Kia,Spectra,2006,petrol,2.0,8.05
Kia,Spectra,2007,petrol,2.0,7.75
Kia,Spectra,2008,petrol,2.0,7.65
Kia,Spectra,2009,petrol,2.0,7.65
Kia,Sportage,2005,petrol,2.0,9.55
Kia,Sportage,2005,petrol,2.7,10.5
Kia,Sportage,2006,petrol,2.0,9.55
Kia,Sportage,2006,petrol,2.7,10.5
Kia,Sportage,2007,petrol,2.0,9.4
Kia,Sportage,2007,petrol,2.7,10.5
Kia,Sportage,2008,petrol,2.0,9.35
Kia,Sportage,2008,petrol,2.7,10.5
Kia,Sportage,2009,petrol,2.0,9.2
Kia,Sportage,2009,petrol,2.7,10.0
Kia,Sportage,2010,petrol,2.0,9.2
Kia,Sportage,2010,petrol,2.7,10.0
Kia,Sportage,2011,petrol,2.4,8.35
Kia,Sportage,2012,petrol,2.4,8.6
Kia,Sportage,2013,petrol,2.4,8.6
Kia,Sportage,2014,petrol,2.4,9.2
Kia,Sportage,2015,petrol,2.4,10.65
Kia,Sportage,2016,petrol,2.4,10.65
Kia,Sportage,2017,petrol,2.4,9.3
Kia,Sportage,2018,petrol,2.4,9.2
Kia,Sportage,2019,petrol,2.4,9.2
Kia,Sportage,2020,petrol,2.4,9.0
Kia,Sportage,2021,petrol,2.4,9.0
Kia,Sportage,2022,petrol,2.4,9.0
Kia,Sportage,2023,petrol,2.5,8.4
Kia,Sportage,2024,petrol,2.5,8.3
Kia,Sportage,2025,petrol,2.5,8.3
Kia,Sportage,2026,petrol,2.5,8.3
Kia,Sportage 4WD,2010,petrol,2.0,9.7
Kia,Sportage 4WD,2010,petrol,2.7,10.4
Kia,Sportage 4WD,2011,petrol,2.4,8.95
Kia,Sportage 4WD,2012,petrol,2.0,9.3
Kia,Sportage 4WD,2012,petrol,2.4,8.9
Kia,Sportage 4WD,2013,petrol,2.0,9.3
Kia,Sportage 4WD,2013,petrol,2.4,8.9
Kia,Sportage 4X4,2005,petrol,2.0,9.8
Kia,Sportage 4X4,2005,petrol,2.7,11.0
Kia,Sportage 4X4,2006,petrol,2.0,9.8
Kia,Sportage 4X4,2006,petrol,2.7,11.0
Kia,Sportage 4X4,2007,petrol,2.0,9.7
Kia,Sportage 4X4,2007,petrol,2.7,11.0
Kia,Sportage 4X4,2008,petrol,2.0,9.7
Kia,Sportage 4X4,2008,petrol,2.7,11.1
Kia,Sportage 4X4,2009,petrol,2.0,9.7
Kia,Sportage 4X4,2009,petrol,2.7,10.4
Kia,Sportage AWD,2014,petrol,2.0,9.8
Kia,Sportage AWD,2014,petrol,2.4,9.3
Kia,Sportage AWD,2015,petrol,2.0,11.3
Kia,Sportage AWD,2015,petrol,2.4,10.7
Kia,Sportage AWD,2016,petrol,2.0,11.3
Kia,Sportage AWD,2016,petrol,2.4,10.8
Kia,Sportage AWD,2017,petrol,2.0,11.1
Kia,Sportage AWD,2017,petrol,2.4,10.5
Kia,Sportage AWD,2018,petrol,2.0,11.1
Kia,Sportage AWD,2018,petrol,2.4,10.5
Kia,Sportage AWD,2019,petrol,2.0,11.1
Kia,Sportage AWD,2019,petrol,2.4,10.5
Kia,Sportage AWD,2020,petrol,2.0,11.0
Kia,Sportage AWD,2020,petrol,2.4,10.0
Kia,Sportage AWD,2021,petrol,2.0,11.0
Kia,Sportage AWD,2021,petrol,2.4,10.0
Kia,Sportage AWD,2022,petrol,2.0,11.0
Kia,Sportage AWD,2022,petrol,2.4,10.0
Kia,Sportage AWD,2023,petrol,2.5,9.5
Kia,Sportage AWD,2024,petrol,2.5,9.5
Kia,Sportage AWD,2025,petrol,2.5,9.4
Kia,Sportage AWD,2026,petrol,2.5,8.9
Kia,Sportage Hybrid AWD,2023,hybrid,1.6,6.2
Kia,Sportage Hybrid AWD,2024,hybrid,1.6,6.2
Kia,Sportage Hybrid AWD,2025,hybrid,1.6,6.2
Kia,Sportage Hybrid AWD,2026,hybrid,1.6,6.7
Kia,Sportage Plug-in Hybrid,2023,hybrid,1.6,6.7
Kia,Sportage Plug-in Hybrid,2024,hybrid,1.6,6.7
Kia,Sportage Plug-in Hybrid,2025,hybrid,1.6,6.7
Kia,Sportage Plug-in Hybrid,2026,hybrid,1.6,6.6
Kia,Stinger AWD,2018,petrol,3.3,11.3
Kia,Stinger AWD,2019,petrol,2.0,9.7
Kia,Stinger AWD,2019,petrol,3.3,11.8
Kia,Stinger AWD,2020,petrol,3.3,11.8
Kia,Stinger AWD,2021,petrol,3.3,11.8
Kia,Stinger AWD,2022,petrol,3.3,11.9
Kia,Stinger AWD,2023,petrol,3.3,11.9
Kia,Telluride AWD,2020,petrol,3.8,11.2
Kia,Telluride AWD,2021,petrol,3.8,11.3
Kia,Telluride AWD,2022,petrol,3.8,11.3
Kia,Telluride AWD,2023,petrol,3.8,11.4
Kia,Telluride AWD,2024,petrol,3.8,11.7
Kia,Telluride AWD,2025,petrol,3.8,11.7
Lamborghini,Aventador Countach,2022,petrol,6.5,21.2
Lamborghini,Aventador Coupe,2012,petrol,6.5,17.1
Lamborghini,Aventador Coupe,2013,petrol,6.5,16.3
Lamborghini,Aventador Coupe,2014,petrol,6.5,16.3
Lamborghini,Aventador Coupe,2015,petrol,6.5,17.9
Lamborghini,Aventador Coupe,2016,petrol,6.5,17.9
Lamborghini,Aventador Coupe,2017,petrol,6.5,17.9
Lamborghini,Aventador Coupe,2018,petrol,6.5,19.4
Lamborghini,Aventador Coupe,2019,petrol,6.5,21.5
Lamborghini,Aventador Coupe,2020,petrol,6.5,21.4
Lamborghini,Aventador Coupe LP 740,2017,petrol,6.5,19.7
Lamborghini,Aventador Coupe S,2021,petrol,6.5,22.4
Lamborghini,Aventador Coupe SVJ,2021,petrol,6.5,22.4
Lamborghini,Aventador Roadster,2012,petrol,6.5,17.1
Lamborghini,Aventador Roadster,2013,petrol,6.5,18.4
Lamborghini,Aventador Roadster,2015,petrol,6.5,19.7
Lamborghini,Aventador Roadster,2016,petrol,6.5,19.3
Lamborghini,Aventador Roadster,2017,petrol,6.5,18.7
Lamborghini,Aventador Roadster,2018,petrol,6.5,19.8
Lamborghini,Aventador Roadster,2019,petrol,6.5,21.7
Lamborghini,Aventador Roadster,2020,petrol,6.5,21.7
Lamborghini,Aventador Roadster LP 740,2017,petrol,6.5,19.7
Lamborghini,Aventador Roadster S,2021,petrol,6.5,22.2
Lamborghini,Aventador Roadster SVJ,2021,petrol,6.5,22.2
Lamborghini,Aventador S Coupe,2018,petrol,6.5,19.4
Lamborghini,Aventador S Roadster,2018,petrol,6.5,19.8
Lamborghini,Aventador Sian Coupe,2020,petrol,6.5,22.9
Lamborghini,Aventador Sian Coupe,2021,petrol,6.5,23.1
Lamborghini,Aventador Sian Roadster,2020,petrol,6.5,22.9
Lamborghini,Aventador Sian Roadster,2021,petrol,6.5,23.1
Lamborghini,Aventador Ultimae Coupe,2022,petrol,6.5,21.5
Lamborghini,Aventador Ultimae Roadster,2022,petrol,6.5,21.5
Lamborghini,Gallardo,2007,petrol,5.0,16.4
Lamborghini,Gallardo,2008,petrol,5.0,16.4
Lamborghini,Gallardo,2009,petrol,5.2,14.65
Lamborghini,Gallardo,2010,petrol,5.2,14.65
Lamborghini,Gallardo,2011,petrol,5.2,14.65
Lamborghini,Gallardo,2012,petrol,5.2,14.65
Lamborghini,Gallardo Coupe,2013,petrol,5.2,14.65
Lamborghini,Gallardo Coupe,2014,petrol,5.2,14.4
Lamborghini,Gallardo SL,2007,petrol,5.0,15.6
Lamborghini,Gallardo Spyder,2007,petrol,5.0,17.45
Lamborghini,Gallardo Spyder,2008,petrol,5.0,17.45
Lamborghini,Gallardo Spyder,2009,petrol,5.2,14.7
Lamborghini,Gallardo Spyder,2010,petrol,5.2,15.25
Lamborghini,Gallardo Spyder,2011,petrol,5.2,15.25
Lamborghini,Gallardo Spyder,2012,petrol,5.2,15.25
Lamborghini,Gallardo Spyder,2013,petrol,5.2,15.25
Lamborghini,Hurac n EVO Coupe,2023,petrol,5.2,15.8
Lamborghini,Hurac n EVO Coupe AWD,2023,petrol,5.2,15.9
Lamborghini,Hurac n EVO Spyder,2023,petrol,5.2,15.8
Lamborghini,Hurac n EVO Spyder,2024,petrol,5.2,16.1
Lamborghini,Hurac n EVO Spyder AWD,2023,petrol,5.2,15.9
Lamborghini,Hurac n STO,2024,petrol,5.2,15.9
Lamborghini,Hurac n Sterrato,2024,petrol,5.2,16.1
Lamborghini,Hurac n Tecnica,2024,petrol,5.2,15.9
Lamborghini,Huracan,2015,petrol,5.2,14.5
Lamborghini,Huracan,2016,petrol,5.2,14.2
Lamborghini,Huracan,2017,petrol,5.2,14.2
Lamborghini,Huracan,2018,petrol,5.2,14.4
Lamborghini,Huracan,2021,petrol,5.2,15.7
Lamborghini,Huracan AWD,2018,petrol,5.2,15.0
Lamborghini,Huracan AWD,2021,petrol,5.2,15.7
Lamborghini,Huracan Coupe,2019,petrol,5.2,15.9
Lamborghini,Huracan Coupe,2020,petrol,5.2,15.7
Lamborghini,Huracan Coupe AWD,2019,petrol,5.2,15.7
Lamborghini,Huracan Coupe AWD,2020,petrol,5.2,15.7
Lamborghini,Huracan Performante Coupe,2019,petrol,5.2,15.7
Lamborghini,Huracan Performante Spyder,2019,petrol,5.2,15.7
Lamborghini,Huracan STO,2021,petrol,5.2,15.7
Lamborghini,Huracan Spyder,2016,petrol,5.2,14.6
Lamborghini,Huracan Spyder,2017,petrol,5.2,14.6
Lamborghini,Huracan Spyder,2018,petrol,5.2,14.5
Lamborghini,Huracan Spyder,2019,petrol,5.2,15.9
Lamborghini,Huracan Spyder,2020,petrol,5.2,15.7
Lamborghini,Huracan Spyder,2021,petrol,5.2,15.7
Lamborghini,Huracan Spyder AWD,2018,petrol,5.2,15.0
Lamborghini,Huracan Spyder AWD,2019,petrol,5.2,15.7
Lamborghini,Huracan Spyder AWD,2020,petrol,5.2,15.7
Lamborghini,Huracan Spyder AWD,2021,petrol,5.2,15.7
Lamborghini,Huracan evo Coupe,2022,petrol,5.2,15.7
Lamborghini,Huracan evo Coupe AWD,2022,petrol,5.2,15.7
Lamborghini,Huracan evo Spyder,2022,petrol,5.2,15.7
Lamborghini,Huracan evo Spyder AWD,2022,petrol,5.2,15.7
Lamborghini,Murcielago,2009,petrol,6.5,20.35
Lamborghini,Murcielago,2010,petrol,6.5,20.35
Lamborghini,Murcielago Roadster,2009,petrol,6.5,20.35
Lamborghini,Murcielago Roadster,2010,petrol,6.5,20.35
Lamborghini,Murcielargo,2007,petrol,6.5,20.35
Lamborghini,Murcielargo,2008,petrol,6.5,20.35
Lamborghini,Murcielargo Roadster,2008,petrol,6.5,20.35
Lamborghini,Revuelto,2024,hybrid,6.5,19.9
Lamborghini,Revuelto,2025,hybrid,6.5,19.9
Lamborghini,Revuelto,2026,hybrid,6.5,19.9
Lamborghini,Temerario,2026,hybrid,4.0,14.7
Lamborghini,Urus,2019,petrol,4.0,16.9
Lamborghini,Urus,2020,petrol,4.0,16.9
Lamborghini,Urus,2021,petrol,4.0,16.9
Lamborghini,Urus,2022,petrol,4.0,16.9
Lamborghini,Urus Performante,2023,petrol,4.0,14.8
Lamborghini,Urus Performante,2024,petrol,4.0,14.8
Lamborghini,Urus S,2023,petrol,4.0,14.8
Lamborghini,Urus S,2024,petrol,4.0,14.8
Lamborghini,Urus SE,2025,hybrid,4.0,11.9
Lamborghini,Urus SE,2026,hybrid,4.0,11.9
Lamborghini,Veneno Roadster,2015,petrol,6.5,18.4
Land Rover,Defender 110 5.0L V8,2022,petrol,5.0,14.7
Land Rover,Defender 110 5.0L V8,2023,petrol,5.0,14.7
Land Rover,Defender 110 OCTA,2025,petrol,4.4,14.2
Land Rover,Defender 110 OCTA P635,2026,petrol,4.4,14.2
Land Rover,Defender 110 P300,2020,petrol,2.0,13.0
Land Rover,Defender 110 P300,2021,petrol,2.0,13.0
Land Rover,Defender 110 P300,2022,petrol,2.0,13.0
Land Rover,Defender 110 P300,2023,petrol,2.0,13.0
Land Rover,Defender 110 P300,2024,petrol,2.0,12.6
Land Rover,Defender 110 P300,2025,petrol,2.0,12.6
Land Rover,Defender 110 P300,2026,petrol,2.0,12.0
Land Rover,Defender 110 P400,2020,petrol,3.0,12.3
Land Rover,Defender 110 P400,2021,petrol,3.0,12.3
Land Rover,Defender 110 P400,2022,petrol,3.0,12.3
Land Rover,Defender 110 P400,2023,petrol,3.0,11.8
Land Rover,Defender 110 P400,2024,petrol,3.0,12.8
Land Rover,Defender 110 P400,2025,petrol,3.0,12.7
Land Rover,Defender 110 P500/P525,2026,petrol,5.0,15.1
Land Rover,Defender 110 V8 P500/P525,2024,petrol,5.0,14.7
Land Rover,Defender 110 V8 P500/P525,2025,petrol,5.0,15.1
Land Rover,Defender 130 Outbound,2024,petrol,3.0,14.0
Land Rover,Defender 130 P300,2023,petrol,3.0,12.6
Land Rover,Defender 130 P300,2024,petrol,3.0,12.9
Land Rover,Defender 130 P300,2025,petrol,3.0,13.1
Land Rover,Defender 130 P400,2023,petrol,3.0,12.6
Land Rover,Defender 130 P400,2024,petrol,3.0,13.0
Land Rover,Defender 130 P400,2025,petrol,3.0,12.5
Land Rover,Defender 130 P400 Outbound,2025,petrol,3.0,13.4
Land Rover,Defender 130 P500,2026,petrol,5.0,14.9
Land Rover,Defender 130 V8 P500,2024,petrol,5.0,15.0
Land Rover,Defender 130 V8 P500,2025,petrol,5.0,15.0
Land Rover,Defender 90 5.0L V8,2022,petrol,5.0,14.3
Land Rover,Defender 90 5.0L V8,2023,petrol,5.0,14.3
Land Rover,Defender 90 P300,2020,petrol,2.0,12.3
Land Rover,Defender 90 P300,2021,petrol,2.0,12.3
Land Rover,Defender 90 P300,2022,petrol,2.0,12.3
Land Rover,Defender 90 P300,2023,petrol,2.0,12.3
Land Rover,Defender 90 P300,2024,petrol,2.0,12.3
Land Rover,Defender 90 P300,2025,petrol,2.0,12.3
Land Rover,Defender 90 P300,2026,petrol,2.0,12.3
Land Rover,Defender 90 P400,2020,petrol,3.0,12.3
Land Rover,Defender 90 P400,2021,petrol,3.0,12.3
Land Rover,Defender 90 P400,2022,petrol,3.0,12.3
Land Rover,Defender 90 P400,2023,petrol,3.0,11.8
Land Rover,Defender 90 P400,2024,petrol,3.0,12.0
Land Rover,Defender 90 P400,2025,petrol,3.0,12.4
Land Rover,Defender 90 P525,2026,petrol,5.0,14.5
Land Rover,Defender 90 V8,2024,petrol,5.0,14.3
Land Rover,Defender 90 V8,2025,petrol,5.0,14.5
Land Rover,Discovery,2019,petrol,3.0,13.3
Land Rover,Discovery,2020,petrol,3.0,13.3
Land Rover,Discovery P300,2021,petrol,2.0,11.5
Land Rover,Discovery P300,2022,petrol,2.0,11.5
Land Rover,Discovery P300,2023,petrol,2.0,11.5
Land Rover,Discovery P300,2024,petrol,2.0,11.1
Land Rover,Discovery P300,2025,petrol,2.0,11.1
Land Rover,Discovery P300,2026,petrol,2.0,11.2
Land Rover,Discovery P360,2021,petrol,3.0,11.4
Land Rover,Discovery P360,2022,petrol,3.0,11.4
Land Rover,Discovery P360,2023,petrol,3.0,10.9
Land Rover,Discovery P360,2024,petrol,3.0,12.1
Land Rover,Discovery P360,2025,petrol,3.0,12.1
Land Rover,Discovery P360,2026,petrol,3.0,12.1
Land Rover,Discovery Sport,2016,petrol,2.0,10.6
Land Rover,Discovery Sport,2017,petrol,2.0,10.7
Land Rover,Discovery Sport,2018,petrol,2.0,10.5
Land Rover,Discovery Sport,2019,petrol,2.0,10.5
Land Rover,Discovery Sport P250,2020,petrol,2.0,11.3
Land Rover,Discovery Sport P250,2021,petrol,2.0,11.5
Land Rover,Discovery Sport P250,2022,petrol,2.0,11.5
Land Rover,Discovery Sport P250,2023,petrol,2.0,11.5
Land Rover,Discovery Sport P250,2024,petrol,2.0,11.5
Land Rover,Discovery Sport P250,2025,petrol,2.0,11.5
Land Rover,Discovery Sport P250,2026,petrol,2.0,11.5
Land Rover,Discovery Sport P290,2020,petrol,2.0,11.1
Land Rover,Discovery Td6 Diesel,2019,diesel,3.0,10.4
Land Rover,Discovery Td6 Diesel,2020,diesel,3.0,10.4
Land Rover,Freelander 4X4,2005,petrol,2.5,12.0
Land Rover,LR2,2010,petrol,3.2,11.8
Land Rover,LR2,2011,petrol,3.2,11.8
Land Rover,LR2,2012,petrol,3.2,11.8
Land Rover,LR2,2013,petrol,2.0,10.4
Land Rover,LR2,2014,petrol,2.0,10.4
Land Rover,LR2,2015,petrol,2.0,11.9
Land Rover,LR2 HSE 4X4,2008,petrol,3.2,11.2
Land Rover,LR2 SE 4X4,2008,petrol,3.2,11.2
Land Rover,LR2 SE 4X4,2009,petrol,3.2,11.8
Land Rover,LR3 4X4,2005,petrol,4.0,14.5
Land Rover,LR3 4X4,2005,petrol,4.4,14.5
Land Rover,LR3 4X4,2006,petrol,4.0,14.5
Land Rover,LR3 4X4,2006,petrol,4.4,14.5
Land Rover,LR3 4X4,2007,petrol,4.0,14.6
Land Rover,LR3 4X4,2007,petrol,4.4,14.7
Land Rover,LR3 V6 4X4,2008,petrol,4.0,14.6
Land Rover,LR3 V6 4X4,2009,petrol,4.0,14.6
Land Rover,LR3 V8 4X4,2008,petrol,4.4,14.8
Land Rover,LR3 V8 4X4,2009,petrol,4.4,14.8
Land Rover,LR4,2011,petrol,5.0,14.6
Land Rover,LR4,2012,petrol,5.0,14.6
Land Rover,LR4,2013,petrol,5.0,14.6
Land Rover,LR4,2014,petrol,3.0,12.8
Land Rover,LR4,2015,petrol,3.0,14.3
Land Rover,LR4,2016,petrol,3.0,14.3
Land Rover,LR4 V8,2010,petrol,5.0,14.6
Land Rover,New Range Rover P400,2022,petrol,3.0,11.3
Land Rover,New Range Rover P400 LWB,2022,petrol,3.0,11.3
Land Rover,New Range Rover P530,2022,petrol,4.4,13.3
Land Rover,New Range Rover P530 LWB,2022,petrol,4.4,13.3
Land Rover,Range Rover,2010,petrol,5.0,14.8
Land Rover,Range Rover,2013,petrol,5.0,13.1
Land Rover,Range Rover,2015,petrol,3.0,12.3
Land Rover,Range Rover,2016,petrol,3.0,12.4
Land Rover,Range Rover 3.0,2019,petrol,3.0,12.4
Land Rover,Range Rover 3.0,2020,petrol,3.0,11.0
Land Rover,Range Rover 4X4,2005,petrol,4.4,16.9
Land Rover,Range Rover 4X4,2006,petrol,4.4,14.5
Land Rover,Range Rover 4X4,2007,petrol,4.4,14.6
Land Rover,Range Rover 4X4,2008,petrol,4.4,14.5
Land Rover,Range Rover 4X4,2009,petrol,4.4,14.5
Land Rover,Range Rover 4X4 #,2006,petrol,4.2,15.2
Land Rover,Range Rover 4X4 #,2007,petrol,4.2,14.9
Land Rover,Range Rover 5.0 Supercharged,2019,petrol,5.0,13.0
Land Rover,Range Rover 5.0 Supercharged,2020,petrol,5.0,12.9
Land Rover,Range Rover 5.0 Supercharged LWB,2020,petrol,5.0,13.0
Land Rover,Range Rover Evoque,2012,petrol,2.0,9.1
Land Rover,Range Rover Evoque,2013,petrol,2.0,9.1
Land Rover,Range Rover Evoque,2014,petrol,2.0,8.4
Land Rover,Range Rover Evoque,2015,petrol,2.0,9.7
Land Rover,Range Rover Evoque,2016,petrol,2.0,9.7
Land Rover,Range Rover Evoque,2017,petrol,2.0,9.8
Land Rover,Range Rover Evoque,2018,petrol,2.0,9.6
Land Rover,Range Rover Evoque,2019,petrol,2.0,9.6
Land Rover,Range Rover Evoque Convertible,2017,petrol,2.0,10.4
Land Rover,Range Rover Evoque Convertible,2018,petrol,2.0,9.8
Land Rover,Range Rover Evoque Convertible,2019,petrol,2.0,9.8
Land Rover,Range Rover Evoque Coupe,2013,petrol,2.0,9.1
Land Rover,Range Rover Evoque Coupe,2014,petrol,2.0,8.4
Land Rover,Range Rover Evoque Coupe,2015,petrol,2.0,9.7
Land Rover,Range Rover Evoque P250,2020,petrol,2.0,10.4
Land Rover,Range Rover Evoque P250,2021,petrol,2.0,10.5
Land Rover,Range Rover Evoque P250,2022,petrol,2.0,10.5
Land Rover,Range Rover Evoque P250,2023,petrol,2.0,10.5
Land Rover,Range Rover Evoque P250,2024,petrol,2.0,10.5
Land Rover,Range Rover Evoque P250,2025,petrol,2.0,10.5
Land Rover,Range Rover Evoque P250,2026,petrol,2.0,10.5
Land Rover,Range Rover Evoque P300,2020,petrol,2.0,10.3
Land Rover,Range Rover Evoque P300,2022,petrol,2.0,10.3
Land Rover,Range Rover Evoque P300,2023,petrol,2.0,10.3
Land Rover,Range Rover HSE,2011,petrol,5.0,14.4
Land Rover,Range Rover HSE,2012,petrol,5.0,14.4
Land Rover,Range Rover LWB V8 5.0 SC,2014,petrol,5.0,13.6
Land Rover,Range Rover LWB V8 5.0 SC FFV,2014,petrol,5.0,13.3
Land Rover,Range Rover P360,2022,petrol,3.0,11.9
Land Rover,Range Rover P360/P400,2021,petrol,3.0,11.9
Land Rover,Range Rover P400,2022,petrol,3.0,11.9
Land Rover,Range Rover P400,2023,petrol,3.0,11.3
Land Rover,Range Rover P400,2024,petrol,3.0,11.7
Land Rover,Range Rover P400,2025,petrol,3.0,11.3
Land Rover,Range Rover P400 LWB,2023,petrol,3.0,11.3
Land Rover,Range Rover P400 LWB,2024,petrol,3.0,11.7
Land Rover,Range Rover P400 LWB,2025,petrol,3.0,11.3
Land Rover,Range Rover P525,2022,petrol,5.0,13.0
Land Rover,Range Rover P525 LWB,2022,petrol,5.0,13.0
Land Rover,Range Rover P525 Supercharged,2021,petrol,5.0,13.0
Land Rover,Range Rover P525 Supercharged LWB,2021,petrol,5.0,13.0
Land Rover,Range Rover P530,2023,petrol,4.4,13.3
Land Rover,Range Rover P530,2024,petrol,4.4,12.6
Land Rover,Range Rover P530,2025,petrol,4.4,12.6
Land Rover,Range Rover P530,2026,petrol,4.4,12.6
Land Rover,Range Rover P530 LWB,2023,petrol,4.4,13.3
Land Rover,Range Rover P530 LWB,2024,petrol,4.4,13.2
Land Rover,Range Rover P530 LWB,2025,petrol,4.4,13.2
Land Rover,Range Rover P530 LWB,2026,petrol,4.4,13.2
Land Rover,Range Rover P550e PHEV,2025,hybrid,3.0,11.0
Land Rover,Range Rover SC 4X4 #,2008,petrol,4.2,14.8
Land Rover,Range Rover SC 4X4 #,2009,petrol,4.2,14.8
Land Rover,Range Rover SV,2023,petrol,4.4,13.3
Land Rover,Range Rover SV LWB,2023,petrol,4.4,13.3
Land Rover,Range Rover SV P615,2024,petrol,4.4,13.2
Land Rover,Range Rover SV P615,2025,petrol,4.4,13.2
Land Rover,Range Rover SV P615,2026,petrol,4.4,12.9
Land Rover,Range Rover SV P615 LWB,2024,petrol,4.4,13.2
Land Rover,Range Rover SV P615 LWB,2025,petrol,4.4,13.2
Land Rover,Range Rover SV P615 LWB,2026,petrol,4.4,13.2
Land Rover,Range Rover SVAutobiography,2021,petrol,5.0,15.1
Land Rover,Range Rover SVAutobiography,2022,petrol,5.0,15.1
Land Rover,Range Rover SVAutobiography Dynamic,2020,petrol,5.0,15.1
Land Rover,Range Rover SVAutobiography LWB,2019,petrol,5.0,15.5
Land Rover,Range Rover SVAutobiography LWB,2020,petrol,5.0,15.5
Land Rover,Range Rover SVAutobiography LWB,2021,petrol,5.0,15.6
Land Rover,Range Rover SVAutobiography LWB,2022,petrol,5.0,15.5
Land Rover,Range Rover Sport,2013,petrol,5.0,14.3
Land Rover,Range Rover Sport,2015,petrol,3.0,12.4
Land Rover,Range Rover Sport,2016,petrol,3.0,12.4
Land Rover,Range Rover Sport 3.0,2019,petrol,3.0,12.4
Land Rover,Range Rover Sport 3.0,2020,petrol,3.0,11.3
Land Rover,Range Rover Sport 4X4,2006,petrol,4.4,14.4
Land Rover,Range Rover Sport 4X4,2007,petrol,4.4,14.4
Land Rover,Range Rover Sport 4X4,2008,petrol,4.4,14.4
Land Rover,Range Rover Sport 4X4,2009,petrol,4.4,14.4
Land Rover,Range Rover Sport 4X4 #,2006,petrol,4.2,15.2
Land Rover,Range Rover Sport 4X4 #,2007,petrol,4.2,14.9
Land Rover,Range Rover Sport HSE,2011,petrol,5.0,14.3
Land Rover,Range Rover Sport HSE,2012,petrol,5.0,14.3
Land Rover,Range Rover Sport HST P400,2022,petrol,3.0,11.4
Land Rover,Range Rover Sport HST P400,2023,petrol,3.0,11.3
Land Rover,Range Rover Sport P360,2022,petrol,3.0,11.4
Land Rover,Range Rover Sport P360,2023,petrol,3.0,10.8
Land Rover,Range Rover Sport P360,2024,petrol,3.0,11.5
Land Rover,Range Rover Sport P360,2025,petrol,3.0,10.6
Land Rover,Range Rover Sport P360/P400,2021,petrol,3.0,11.4
Land Rover,Range Rover Sport P400,2024,petrol,3.0,11.1
Land Rover,Range Rover Sport P400,2025,petrol,3.0,11.1
Land Rover,Range Rover Sport P460e PHEV,2025,hybrid,3.0,11.0
Land Rover,Range Rover Sport P525,2022,petrol,5.0,12.6
Land Rover,Range Rover Sport P525 Supercharged,2021,petrol,5.0,12.5
Land Rover,Range Rover Sport P530,2023,petrol,4.4,13.3
Land Rover,Range Rover Sport P530,2025,petrol,4.4,12.6
Land Rover,Range Rover Sport P530,2026,petrol,4.4,12.6
Land Rover,Range Rover Sport P550e PHEV,2025,hybrid,3.0,11.0
Land Rover,Range Rover Sport P575 SVR,2022,petrol,5.0,14.3
Land Rover,Range Rover Sport SC,2010,petrol,5.0,15.2
Land Rover,Range Rover Sport SC,2011,petrol,5.0,15.3
Land Rover,Range Rover Sport SC,2012,petrol,5.0,15.3
Land Rover,Range Rover Sport SC,2013,petrol,5.0,15.2
Land Rover,Range Rover Sport SC 4X4 #,2008,petrol,4.2,14.9
Land Rover,Range Rover Sport SC 4X4 #,2009,petrol,4.2,14.9
Land Rover,Range Rover Sport SV,2024,petrol,4.4,13.1
Land Rover,Range Rover Sport SV P635,2025,petrol,4.4,13.1
Land Rover,Range Rover Sport SV P635,2026,petrol,4.4,13.1
Land Rover,Range Rover Sport SVR,2020,petrol,5.0,14.3
Land Rover,Range Rover Sport SVR,2021,petrol,5.0,14.3
Land Rover,Range Rover Sport Supercharged,2015,petrol,5.0,14.7
Land Rover,Range Rover Sport Supercharged,2016,petrol,5.0,14.7
Land Rover,Range Rover Sport Supercharged,2019,petrol,5.0,12.6
Land Rover,Range Rover Sport Supercharged,2020,petrol,5.0,12.6
Land Rover,Range Rover Sport Td6 Diesel,2016,diesel,3.0,9.4
Land Rover,Range Rover Sport Td6 Diesel,2019,diesel,3.0,9.6
Land Rover,Range Rover Sport Td6 Diesel,2020,diesel,3.0,9.6
Land Rover,Range Rover Sport Td6 Diesel,2021,diesel,3.0,9.5
Land Rover,Range Rover Sport V6 3.0 SC,2014,petrol,3.0,10.8
Land Rover,Range Rover Sport V6 3.0 SC FFV,2014,petrol,3.0,10.8
Land Rover,Range Rover Sport V8 5.0 SC,2014,petrol,5.0,13.2
Land Rover,Range Rover Sport V8 5.0 SC FFV,2014,petrol,5.0,12.9
Land Rover,Range Rover Supercharged,2010,petrol,5.0,15.3
Land Rover,Range Rover Supercharged,2011,petrol,5.0,15.2
Land Rover,Range Rover Supercharged,2012,petrol,5.0,15.2
Land Rover,Range Rover Supercharged,2013,petrol,5.0,13.9
Land Rover,Range Rover Supercharged,2015,petrol,5.0,15.1
Land Rover,Range Rover Supercharged,2016,petrol,5.0,15.1
Land Rover,Range Rover Supercharged LWB,2015,petrol,5.0,15.1
Land Rover,Range Rover Supercharged LWB,2016,petrol,5.0,15.1
Land Rover,Range Rover Td6 Diesel,2016,diesel,3.0,9.4
Land Rover,Range Rover Td6 Diesel,2019,diesel,3.0,9.6
Land Rover,Range Rover Td6 Diesel,2020,diesel,3.0,9.6
Land Rover,Range Rover Td6 Diesel,2021,diesel,3.0,9.5
Land Rover,Range Rover V6 3.0 SC,2014,petrol,3.0,10.8
Land Rover,Range Rover V6 3.0 SC FFV,2014,petrol,3.0,10.8
Land Rover,Range Rover V8 5.0 SC,2014,petrol,5.0,13.6
Land Rover,Range Rover V8 5.0 SC FFV,2014,petrol,5.0,13.3
Land Rover,Range Rover Velar,2018,diesel,2.0,8.5
Land Rover,Range Rover Velar,2018,petrol,3.0,11.6
Land Rover,Range Rover Velar D180,2019,diesel,2.0,8.5
Land Rover,Range Rover Velar P250,2020,petrol,2.0,10.2
Land Rover,Range Rover Velar P250,2021,petrol,2.0,10.4
Land Rover,Range Rover Velar P250,2022,petrol,2.0,10.4
Land Rover,Range Rover Velar P250,2023,petrol,2.0,10.4
Land Rover,Range Rover Velar P250,2024,petrol,2.0,10.0
Land Rover,Range Rover Velar P250,2025,petrol,2.0,10.0
Land Rover,Range Rover Velar P250,2026,petrol,2.0,10.0
Land Rover,Range Rover Velar P300,2019,petrol,2.0,10.6
Land Rover,Range Rover Velar P300,2020,petrol,2.0,10.6
Land Rover,Range Rover Velar P340,2020,petrol,3.0,11.6
Land Rover,Range Rover Velar P340,2021,petrol,3.0,10.5
Land Rover,Range Rover Velar P340,2022,petrol,3.0,10.5
Land Rover,Range Rover Velar P340,2023,petrol,3.0,10.5
Land Rover,Range Rover Velar P340,2024,petrol,3.0,10.7
Land Rover,Range Rover Velar P340,2025,petrol,3.0,10.7
Land Rover,Range Rover Velar P340,2026,petrol,3.0,10.7
Land Rover,Range Rover Velar P380,2019,petrol,3.0,11.6
Land Rover,Range Rover Velar P380,2020,petrol,3.0,11.6
Land Rover,Range Rover Velar P400,2021,petrol,3.0,11.3
Land Rover,Range Rover Velar P400,2022,petrol,3.0,11.3
Land Rover,Range Rover Velar P400,2023,petrol,3.0,11.2
Land Rover,Range Rover Velar P400,2024,petrol,3.0,11.1
Land Rover,Range Rover Velar P400,2025,petrol,3.0,11.1
Land Rover,Range Rover Velar P400,2026,petrol,3.0,11.1
Land Rover,Range Rover Velar SVAutobiography Dynamic,2020,petrol,5.0,13.5
Lexus,CT 200h,2011,hybrid,1.8,4.6
Lexus,CT 200h,2012,hybrid,1.8,4.6
Lexus,CT 200h,2013,hybrid,1.8,4.6
Lexus,CT 200h,2014,hybrid,1.8,4.6
Lexus,CT 200h,2015,hybrid,1.8,5.7
Lexus,CT 200h,2016,hybrid,1.8,5.7
Lexus,CT 200h,2017,hybrid,1.8,5.7
Lexus,ES 250 AWD,2021,petrol,2.5,8.4
Lexus,ES 250 AWD,2022,petrol,2.5,8.4
Lexus,ES 250 AWD,2023,petrol,2.5,8.4
Lexus,ES 250 AWD,2024,petrol,2.5,8.4
Lexus,ES 250 AWD,2025,petrol,2.5,8.4
Lexus,ES 300h,2013,petrol,2.5,4.8
Lexus,ES 300h,2014,petrol,2.5,4.8
Lexus,ES 300h,2015,petrol,2.5,5.9
Lexus,ES 300h,2016,petrol,2.5,5.9
Lexus,ES 300h,2017,petrol,2.5,5.9
Lexus,ES 300h,2018,petrol,2.5,5.9
Lexus,ES 300h,2019,petrol,2.5,5.3
Lexus,ES 300h,2020,petrol,2.5,5.3
Lexus,ES 300h,2021,petrol,2.5,5.3
Lexus,ES 300h,2022,petrol,2.5,5.3
Lexus,ES 300h,2023,petrol,2.5,5.3
Lexus,ES 300h,2024,petrol,2.5,5.3
Lexus,ES 300h,2025,petrol,2.5,5.3
Lexus,ES 330,2005,petrol,3.3,9.6
Lexus,ES 330,2006,petrol,3.3,9.6
Lexus,ES 350,2007,petrol,3.5,9.3
Lexus,ES 350,2008,petrol,3.5,9.3
Lexus,ES 350,2009,petrol,3.5,9.3
Lexus,ES 350,2010,petrol,3.5,9.3
Lexus,ES 350,2011,petrol,3.5,9.3
Lexus,ES 350,2012,petrol,3.5,9.2
Lexus,ES 350,2013,petrol,3.5,8.3
Lexus,ES 350,2014,petrol,3.5,8.3
Lexus,ES 350,2015,petrol,3.5,9.6
Lexus,ES 350,2016,petrol,3.5,9.7
Lexus,ES 350,2017,petrol,3.5,9.7
Lexus,ES 350,2018,petrol,3.5,9.7
Lexus,ES 350,2019,petrol,3.5,9.1
Lexus,ES 350,2020,petrol,3.5,9.1
Lexus,ES 350,2021,petrol,3.5,9.1
Lexus,ES 350,2022,petrol,3.5,9.2
Lexus,ES 350,2023,petrol,3.5,9.2
Lexus,ES 350,2024,petrol,3.5,9.2
Lexus,ES 350,2025,petrol,3.5,9.2
Lexus,ES 350 F SPORT,2019,petrol,3.5,9.4
Lexus,ES 350 F SPORT,2020,petrol,3.5,9.4
Lexus,ES 350 F SPORT,2021,petrol,3.5,9.4
Lexus,ES 350 F SPORT,2022,petrol,3.5,9.4
Lexus,ES 350 F SPORT,2023,petrol,3.5,9.4
Lexus,ES 350 F SPORT,2024,petrol,3.5,9.4
Lexus,ES 350 F SPORT,2025,petrol,3.5,9.4
Lexus,"ES 350e (19"" Wheels)",2026,electric,,17.2
Lexus,"ES 350e (21"" Wheels)",2026,electric,,17.3
Lexus,ES 350h AWD,2026,petrol,2.5,5.3
Lexus,"ES 500e AWD (19"" Wheels)",2026,electric,,18.4
Lexus,"ES 500e AWD (21"" Wheels)",2026,electric,,18.7
Lexus,GS 200t,2016,petrol,2.0,9.0
Lexus,GS 200t F SPORT,2016,petrol,2.0,9.7
Lexus,GS 300,2005,petrol,3.0,11.1
Lexus,GS 300,2006,petrol,3.0,9.1
Lexus,GS 300,2006,petrol,4.3,10.9
Lexus,GS 300 4X4,2006,petrol,3.0,9.6
Lexus,GS 350,2007,petrol,3.5,9.4
Lexus,GS 350,2008,petrol,3.5,9.3
Lexus,GS 350,2009,petrol,3.5,9.3
Lexus,GS 350,2010,petrol,3.5,9.3
Lexus,GS 350,2011,petrol,3.5,9.3
Lexus,GS 350,2013,petrol,3.5,9.1
Lexus,GS 350,2014,petrol,3.5,9.0
Lexus,GS 350,2015,petrol,3.5,10.6
Lexus,GS 350,2016,petrol,3.5,10.2
Lexus,GS 350 AWD,2007,petrol,3.5,10.0
Lexus,GS 350 AWD,2008,petrol,3.5,10.0
Lexus,GS 350 AWD,2009,petrol,3.5,10.0
Lexus,GS 350 AWD,2010,petrol,3.5,10.0
Lexus,GS 350 AWD,2011,petrol,3.5,9.8
Lexus,GS 350 AWD,2013,petrol,3.5,9.5
Lexus,GS 350 AWD,2014,petrol,3.5,9.5
Lexus,GS 350 AWD,2015,petrol,3.5,11.0
Lexus,GS 350 AWD,2016,petrol,3.5,10.9
Lexus,GS 350 AWD,2017,petrol,3.5,11.0
Lexus,GS 350 AWD,2018,petrol,3.5,11.0
Lexus,GS 350 AWD,2019,petrol,3.5,10.9
Lexus,GS 350 AWD,2020,petrol,3.5,10.9
Lexus,GS 350 F SPORT,2016,petrol,3.5,10.7
Lexus,GS 430,2005,petrol,4.3,11.5
Lexus,GS 430,2006,petrol,3.0,9.1
Lexus,GS 430,2006,petrol,4.3,10.9
Lexus,GS 430,2007,petrol,4.3,11.0
Lexus,GS 450h,2007,petrol,3.5,8.3
Lexus,GS 450h,2008,petrol,3.5,8.3
Lexus,GS 450h,2009,petrol,3.5,8.2
Lexus,GS 450h,2010,petrol,3.5,8.2
Lexus,GS 450h,2011,petrol,3.5,8.2
Lexus,GS 450h,2013,petrol,3.5,6.4
Lexus,GS 450h,2014,petrol,3.5,6.4
Lexus,GS 450h,2015,petrol,3.5,7.5
Lexus,GS 450h,2016,petrol,3.5,7.6
Lexus,GS 450h,2017,petrol,3.5,7.5
Lexus,GS 450h,2018,petrol,3.5,7.5
Lexus,GS 460,2008,petrol,4.6,10.5
Lexus,GS 460,2009,petrol,4.6,10.5
Lexus,GS 460,2010,petrol,4.6,10.5
Lexus,GS 460,2011,petrol,4.6,10.5
Lexus,GS F,2016,petrol,5.0,12.5
Lexus,GS F,2017,petrol,5.0,12.5
Lexus,GS F,2018,petrol,5.0,12.5
Lexus,GS F,2019,petrol,5.0,12.5
Lexus,GS F,2020,petrol,5.0,12.5
Lexus,GX 460,2010,petrol,4.6,12.1
Lexus,GX 460,2011,petrol,4.6,12.1
Lexus,GX 460,2012,petrol,4.6,12.1
Lexus,GX 460,2013,petrol,4.6,12.1
Lexus,GX 460,2014,petrol,4.6,12.2
Lexus,GX 460,2015,petrol,4.6,13.9
Lexus,GX 460,2016,petrol,4.6,13.9
Lexus,GX 460,2017,petrol,4.6,14.6
Lexus,GX 460,2018,petrol,4.6,14.6
Lexus,GX 460,2019,petrol,4.6,14.6
Lexus,GX 460,2020,petrol,4.6,14.5
Lexus,GX 460,2021,petrol,4.6,14.5
Lexus,GX 460,2022,petrol,4.6,14.5
Lexus,GX 460,2023,petrol,4.6,14.5
Lexus,GX 470,2005,petrol,4.7,13.6
Lexus,GX 470,2006,petrol,4.7,13.6
Lexus,GX 470,2007,petrol,4.7,13.6
Lexus,GX 470,2008,petrol,4.7,13.6
Lexus,GX 470,2009,petrol,4.7,13.6
Lexus,GX 550,2024,petrol,3.4,13.5
Lexus,GX 550,2025,petrol,3.4,13.5
Lexus,GX 550,2026,petrol,3.4,13.5
Lexus,HS 250h,2010,petrol,2.4,5.7
Lexus,HS 250h,2011,petrol,2.4,5.7
Lexus,HS 250h,2012,petrol,2.4,5.7
Lexus,IS 200t,2016,petrol,2.0,9.0
Lexus,IS 200t,2017,petrol,2.0,9.1
Lexus,IS 250,2006,petrol,2.5,9.1
Lexus,IS 250,2007,petrol,2.5,9.05
Lexus,IS 250,2008,petrol,2.5,9.1
Lexus,IS 250,2009,petrol,2.5,9.05
Lexus,IS 250,2010,petrol,2.5,9.1
Lexus,IS 250,2011,petrol,2.5,8.75
Lexus,IS 250,2012,petrol,2.5,8.75
Lexus,IS 250,2013,petrol,2.5,8.2
Lexus,IS 250,2014,petrol,2.5,8.3
Lexus,IS 250,2015,petrol,2.5,9.6
Lexus,IS 250 AWD,2006,petrol,2.5,9.2
Lexus,IS 250 AWD,2007,petrol,2.5,9.2
Lexus,IS 250 AWD,2008,petrol,2.5,9.2
Lexus,IS 250 AWD,2009,petrol,2.5,9.2
Lexus,IS 250 AWD,2010,petrol,2.5,9.2
Lexus,IS 250 AWD,2011,petrol,2.5,9.1
Lexus,IS 250 AWD,2012,petrol,2.5,9.1
Lexus,IS 250 AWD,2013,petrol,2.5,8.8
Lexus,IS 250 AWD,2014,petrol,2.5,9.0
Lexus,IS 250 AWD,2015,petrol,2.5,10.4
Lexus,IS 250 C,2014,petrol,2.5,8.3
Lexus,IS 250 C,2015,petrol,2.5,9.6
Lexus,IS 250C,2010,petrol,2.5,9.1
Lexus,IS 250C,2011,petrol,2.5,8.75
Lexus,IS 250C,2012,petrol,2.5,8.75
Lexus,IS 250C,2013,petrol,2.5,8.2
Lexus,IS 300,2005,petrol,3.0,11.1
Lexus,IS 300,2018,petrol,2.0,9.1
Lexus,IS 300,2019,petrol,2.0,9.5
Lexus,IS 300,2020,petrol,2.0,9.5
Lexus,IS 300,2021,petrol,2.0,9.5
Lexus,IS 300,2022,petrol,2.0,9.5
Lexus,IS 300,2023,petrol,2.0,9.5
Lexus,IS 300 AWD,2016,petrol,3.5,11.1
Lexus,IS 300 AWD,2017,petrol,3.5,11.0
Lexus,IS 300 AWD,2018,petrol,3.5,10.9
Lexus,IS 300 AWD,2019,petrol,3.5,10.9
Lexus,IS 300 AWD,2020,petrol,3.5,10.9
Lexus,IS 300 AWD,2021,petrol,3.5,10.8
Lexus,IS 300 AWD,2022,petrol,3.5,10.8
Lexus,IS 300 AWD,2023,petrol,3.5,10.8
Lexus,IS 300 AWD,2024,petrol,3.5,10.8
Lexus,IS 300 AWD,2025,petrol,3.5,10.8
Lexus,IS 350,2006,petrol,3.5,9.4
Lexus,IS 350,2007,petrol,3.5,9.4
Lexus,IS 350,2009,petrol,3.5,9.5
Lexus,IS 350,2010,petrol,3.5,9.9
Lexus,IS 350,2011,petrol,3.5,9.0
Lexus,IS 350,2012,petrol,3.5,9.2
Lexus,IS 350,2013,petrol,3.5,9.2
Lexus,IS 350,2014,petrol,3.5,9.2
Lexus,IS 350,2015,petrol,3.5,10.6
Lexus,IS 350,2016,petrol,3.5,10.6
Lexus,IS 350 AWD,2008,petrol,3.5,9.5
Lexus,IS 350 AWD,2011,petrol,3.5,9.8
Lexus,IS 350 AWD,2012,petrol,3.5,9.7
Lexus,IS 350 AWD,2013,petrol,3.5,9.4
Lexus,IS 350 AWD,2014,petrol,3.5,9.5
Lexus,IS 350 AWD,2015,petrol,3.5,11.0
Lexus,IS 350 AWD,2016,petrol,3.5,11.1
Lexus,IS 350 AWD,2017,petrol,3.5,11.0
Lexus,IS 350 AWD,2018,petrol,3.5,10.9
Lexus,IS 350 AWD,2019,petrol,3.5,10.9
Lexus,IS 350 AWD,2020,petrol,3.5,10.9
Lexus,IS 350 AWD,2021,petrol,3.5,10.8
Lexus,IS 350 AWD,2022,petrol,3.5,10.8
Lexus,IS 350 AWD,2023,petrol,3.5,10.8
Lexus,IS 350 AWD,2024,petrol,3.5,10.8
Lexus,IS 350 AWD,2025,petrol,3.5,10.8
Lexus,IS 350 AWD,2026,petrol,3.5,10.8
Lexus,IS 350 C,2014,petrol,3.5,9.2
Lexus,IS 350 C,2015,petrol,3.5,10.6
Lexus,IS 350C,2010,petrol,3.5,9.9
Lexus,IS 350C,2011,petrol,3.5,9.0
Lexus,IS 350C,2012,petrol,3.5,9.2
Lexus,IS 350C,2013,petrol,3.5,9.2
Lexus,IS 500,2022,petrol,5.0,11.9
Lexus,IS 500,2023,petrol,5.0,11.9
Lexus,IS 500,2024,petrol,5.0,11.9
Lexus,IS 500,2025,petrol,5.0,11.9
Lexus,IS F,2008,petrol,5.0,11.0
Lexus,IS F,2009,petrol,5.0,11.0
Lexus,IS F,2010,petrol,5.0,11.0
Lexus,IS F,2011,petrol,5.0,11.0
Lexus,IS F,2012,petrol,5.0,11.0
Lexus,IS F,2013,petrol,5.0,11.0
Lexus,IS F,2014,petrol,5.0,11.0
Lexus,LC 500,2018,petrol,5.0,12.2
Lexus,LC 500,2019,petrol,5.0,12.6
Lexus,LC 500,2020,petrol,5.0,12.6
Lexus,LC 500,2021,petrol,5.0,12.6
Lexus,LC 500,2022,petrol,5.0,12.6
Lexus,LC 500,2023,petrol,5.0,12.6
Lexus,LC 500,2024,petrol,5.0,12.7
Lexus,LC 500,2025,petrol,5.0,12.7
Lexus,LC 500,2026,petrol,5.0,12.7
Lexus,LC 500 Convertible,2021,petrol,5.0,13.0
Lexus,LC 500 Convertible,2022,petrol,5.0,13.0
Lexus,LC 500 Convertible,2023,petrol,5.0,13.0
Lexus,LC 500 Convertible,2024,petrol,5.0,13.0
Lexus,LC 500 Convertible,2025,petrol,5.0,13.0
Lexus,LC 500 Convertible,2026,petrol,5.0,13.0
Lexus,LC 500h,2018,petrol,3.5,8.0
Lexus,LC 500h,2019,petrol,3.5,8.1
Lexus,LC 500h,2020,petrol,3.5,8.1
Lexus,LC 500h,2021,petrol,3.5,8.1
Lexus,LC 500h,2022,petrol,3.5,8.1
Lexus,LC 500h,2023,petrol,3.5,8.1
Lexus,LC 500h,2024,petrol,3.5,8.1
Lexus,LC 500h,2025,petrol,3.5,8.1
Lexus,LFA,2012,petrol,4.8,16.6
Lexus,LS 430,2005,petrol,4.3,11.1
Lexus,LS 430,2006,petrol,4.3,10.9
Lexus,LS 460,2007,petrol,4.6,10.5
Lexus,LS 460,2008,petrol,4.6,10.8
Lexus,LS 460,2009,petrol,4.6,10.8
Lexus,LS 460,2010,petrol,4.6,10.8
Lexus,LS 460,2011,petrol,4.6,10.8
Lexus,LS 460,2012,petrol,4.6,10.8
Lexus,LS 460,2013,petrol,4.6,10.8
Lexus,LS 460,2014,petrol,4.6,10.8
Lexus,LS 460,2015,petrol,4.6,12.3
Lexus,LS 460,2016,petrol,4.6,12.3
Lexus,LS 460 AWD,2009,petrol,4.6,11.3
Lexus,LS 460 AWD,2010,petrol,4.6,11.3
Lexus,LS 460 AWD,2011,petrol,4.6,11.3
Lexus,LS 460 AWD,2012,petrol,4.6,11.3
Lexus,LS 460 AWD,2013,petrol,4.6,11.3
Lexus,LS 460 AWD,2014,petrol,4.6,11.4
Lexus,LS 460 AWD,2015,petrol,4.6,12.9
Lexus,LS 460 AWD,2016,petrol,4.6,12.9
Lexus,LS 460 AWD,2017,petrol,4.6,12.9
Lexus,LS 460 L,2007,petrol,4.6,10.8
Lexus,LS 460 L,2008,petrol,4.6,10.8
Lexus,LS 460 L,2009,petrol,4.6,10.8
Lexus,LS 460 L,2010,petrol,4.6,10.8
Lexus,LS 460 L,2011,petrol,4.6,10.8
Lexus,LS 460 L AWD,2009,petrol,4.6,11.3
Lexus,LS 460 L AWD,2010,petrol,4.6,11.3
Lexus,LS 460 L AWD,2011,petrol,4.6,11.3
Lexus,LS 460 L AWD,2012,petrol,4.6,11.3
Lexus,LS 460 L AWD,2013,petrol,4.6,11.3
Lexus,LS 460 L AWD,2014,petrol,4.6,11.4
Lexus,LS 460 L AWD,2015,petrol,4.6,12.9
Lexus,LS 460 L AWD,2016,petrol,4.6,12.9
Lexus,LS 460 L AWD,2017,petrol,4.6,12.9
Lexus,LS 500,2018,petrol,3.4,10.2
Lexus,LS 500 AWD,2018,petrol,3.4,11.0
Lexus,LS 500 AWD,2019,petrol,3.4,11.1
Lexus,LS 500 AWD,2020,petrol,3.4,11.1
Lexus,LS 500 AWD,2021,petrol,3.5,11.1
Lexus,LS 500 AWD,2022,petrol,3.4,11.2
Lexus,LS 500 AWD,2023,petrol,3.4,11.2
Lexus,LS 500 AWD,2024,petrol,3.4,11.2
Lexus,LS 500 AWD,2025,petrol,3.4,11.2
Lexus,LS 500 AWD,2026,petrol,3.4,11.2
Lexus,LS 500h,2018,petrol,3.5,8.4
Lexus,LS 500h AWD,2018,petrol,3.5,9.1
Lexus,LS 500h AWD,2019,petrol,3.5,9.1
Lexus,LS 500h AWD,2020,petrol,3.5,9.1
Lexus,LS 500h AWD,2021,petrol,3.5,9.2
Lexus,LS 500h AWD,2022,petrol,3.5,9.2
Lexus,LS 500h AWD,2023,petrol,3.5,9.2
Lexus,LS 500h AWD,2024,petrol,3.5,9.2
Lexus,LS 500h AWD,2025,petrol,3.5,9.2
Lexus,LS 600h L,2009,petrol,5.0,9.9
Lexus,LS 600h L,2010,petrol,5.0,9.9
Lexus,LS 600h L,2011,petrol,5.0,9.9
Lexus,LS 600h L,2012,petrol,5.0,9.9
Lexus,LS 600h L,2013,petrol,5.0,9.9
Lexus,LS 600h L,2014,petrol,5.0,9.9
Lexus,LS 600h L,2015,petrol,5.0,11.5
Lexus,LS 600h L,2016,petrol,5.0,11.5
Lexus,LS 600h L AWD,2008,petrol,5.0,9.9
Lexus,LX 470,2005,petrol,4.7,15.7
Lexus,LX 470,2006,petrol,4.7,15.5
Lexus,LX 470,2007,petrol,4.7,15.5
Lexus,LX 570,2008,petrol,5.7,14.5
Lexus,LX 570,2009,petrol,5.7,14.5
Lexus,LX 570,2010,petrol,5.7,14.5
Lexus,LX 570,2011,petrol,5.7,14.5
Lexus,LX 570,2013,petrol,5.7,14.5
Lexus,LX 570,2014,petrol,5.7,14.5
Lexus,LX 570,2015,petrol,5.7,16.6
Lexus,LX 570,2016,petrol,5.7,15.9
Lexus,LX 570,2017,petrol,5.7,15.8
Lexus,LX 570,2018,petrol,5.7,15.8
Lexus,LX 570,2019,petrol,5.7,15.8
Lexus,LX 570,2020,petrol,5.7,16.9
Lexus,LX 570,2021,petrol,5.7,16.9
Lexus,LX 600,2022,petrol,3.4,12.7
Lexus,LX 600,2023,petrol,3.4,12.7
Lexus,LX 600,2024,petrol,3.4,12.7
Lexus,LX 600,2025,petrol,3.4,12.7
Lexus,LX 600,2026,petrol,3.4,12.7
Lexus,LX 700h,2025,petrol,3.4,11.7
Lexus,LX 700h,2026,petrol,3.4,11.7
Lexus,NX 200t AWD,2015,petrol,2.0,9.6
Lexus,NX 200t AWD,2016,petrol,2.0,9.6
Lexus,NX 200t AWD,2017,petrol,2.0,9.7
Lexus,NX 200t AWD F SPORT,2015,petrol,2.0,9.9
Lexus,NX 200t AWD F SPORT,2016,petrol,2.0,9.9
Lexus,NX 200t AWD F SPORT,2017,petrol,2.0,9.9
Lexus,NX 250 AWD,2022,petrol,2.5,8.4
Lexus,NX 250 AWD,2023,petrol,2.5,8.4
Lexus,NX 250 AWD,2024,petrol,2.5,8.4
Lexus,NX 250 AWD,2025,petrol,2.5,8.4
Lexus,NX 300 AWD,2018,petrol,2.0,9.7
Lexus,NX 300 AWD,2019,petrol,2.0,9.7
Lexus,NX 300 AWD,2020,petrol,2.0,9.7
Lexus,NX 300 AWD,2021,petrol,2.0,9.7
Lexus,NX 300 AWD F SPORT,2018,petrol,2.0,9.9
Lexus,NX 300 AWD F SPORT,2019,petrol,2.0,9.9
Lexus,NX 300 AWD F SPORT,2020,petrol,2.0,9.9
Lexus,NX 300 AWD F SPORT,2021,petrol,2.0,9.9
Lexus,NX 300h AWD,2015,petrol,2.5,7.4
Lexus,NX 300h AWD,2016,petrol,2.5,7.4
Lexus,NX 300h AWD,2017,petrol,2.5,7.5
Lexus,NX 300h AWD,2018,petrol,2.5,7.5
Lexus,NX 300h AWD,2019,petrol,2.5,7.5
Lexus,NX 300h AWD,2020,petrol,2.5,7.5
Lexus,NX 300h AWD,2021,petrol,2.5,7.5
Lexus,NX 350 AWD,2022,petrol,2.4,9.5
Lexus,NX 350 AWD,2023,petrol,2.4,9.5
Lexus,NX 350 AWD,2024,petrol,2.4,9.8
Lexus,NX 350 AWD,2025,petrol,2.4,9.8
Lexus,NX 350 AWD,2026,petrol,2.4,9.8
Lexus,NX 350 AWD F SPORT,2022,petrol,2.4,9.5
Lexus,NX 350 AWD F SPORT,2023,petrol,2.4,9.5
Lexus,NX 350 AWD F SPORT,2024,petrol,2.4,9.7
Lexus,NX 350 AWD F SPORT,2025,petrol,2.4,9.7
Lexus,NX 350 AWD F SPORT,2026,petrol,2.4,9.7
Lexus,NX 350h AWD,2022,petrol,2.5,6.0
Lexus,NX 350h AWD,2023,petrol,2.5,6.0
Lexus,NX 350h AWD,2024,petrol,2.5,6.0
Lexus,NX 350h AWD,2025,petrol,2.5,6.0
Lexus,NX 350h AWD,2026,petrol,2.5,6.0
Lexus,NX 450h+ AWD,2022,hybrid,2.5,6.6
Lexus,NX 450h+ AWD,2023,hybrid,2.5,6.6
Lexus,NX 450h+ AWD,2024,hybrid,2.5,6.6
Lexus,NX 450h+ AWD,2025,hybrid,2.5,6.6
Lexus,NX 450h+ AWD,2026,hybrid,2.5,6.9
Lexus,RC 200t,2016,petrol,2.0,9.0
Lexus,RC 300 AWD,2016,petrol,3.5,11.1
Lexus,RC 300 AWD,2017,petrol,3.5,11.0
Lexus,RC 300 AWD,2018,petrol,3.5,11.2
Lexus,RC 300 AWD,2019,petrol,3.5,11.2
Lexus,RC 300 AWD,2020,petrol,3.5,11.2
Lexus,RC 300 AWD,2021,petrol,3.5,10.8
Lexus,RC 300 AWD,2022,petrol,3.5,10.8
Lexus,RC 300 AWD,2023,petrol,3.5,10.8
Lexus,RC 300 AWD,2024,petrol,3.5,10.8
Lexus,RC 300 AWD,2025,petrol,3.5,10.8
Lexus,RC 350,2015,petrol,3.5,10.6
Lexus,RC 350,2016,petrol,3.5,10.6
Lexus,RC 350 AWD,2015,petrol,3.5,11.0
Lexus,RC 350 AWD,2016,petrol,3.5,11.1
Lexus,RC 350 AWD,2017,petrol,3.5,11.0
Lexus,RC 350 AWD,2018,petrol,3.5,11.2
Lexus,RC 350 AWD,2019,petrol,3.5,11.2
Lexus,RC 350 AWD,2020,petrol,3.5,11.2
Lexus,RC 350 AWD,2021,petrol,3.5,10.8
Lexus,RC 350 AWD,2022,petrol,3.5,10.8
Lexus,RC 350 AWD,2023,petrol,3.5,10.8
Lexus,RC 350 AWD,2024,petrol,3.5,10.8
Lexus,RC 350 AWD,2025,petrol,3.5,10.8
Lexus,RC F,2015,petrol,5.0,12.6
Lexus,RC F,2016,petrol,5.0,12.6
Lexus,RC F,2017,petrol,5.0,12.6
Lexus,RC F,2018,petrol,5.0,12.6
Lexus,RC F,2019,petrol,5.0,12.6
Lexus,RC F,2020,petrol,5.0,12.2
Lexus,RC F,2021,petrol,5.0,12.2
Lexus,RC F,2022,petrol,5.0,12.2
Lexus,RC F,2023,petrol,5.0,12.2
Lexus,RC F,2024,petrol,5.0,12.2
Lexus,RC F,2025,petrol,5.0,12.2
Lexus,RX 330,2005,petrol,3.3,10.55
Lexus,RX 330 4X4,2005,petrol,3.3,11.1
Lexus,RX 330 4X4,2006,petrol,3.3,11.1
Lexus,RX 350,2010,petrol,3.5,9.9
Lexus,RX 350 4WD,2008,petrol,3.5,10.9
Lexus,RX 350 AWD,2007,petrol,3.5,10.9
Lexus,RX 350 AWD,2009,petrol,3.5,10.9
Lexus,RX 350 AWD,2010,petrol,3.5,10.1
Lexus,RX 350 AWD,2011,petrol,3.5,10.0
Lexus,RX 350 AWD,2012,petrol,3.5,10.2
Lexus,RX 350 AWD,2013,petrol,3.5,9.9
Lexus,RX 350 AWD,2014,petrol,3.5,9.9
Lexus,RX 350 AWD,2015,petrol,3.5,11.4
Lexus,RX 350 AWD,2016,petrol,3.5,10.7
Lexus,RX 350 AWD,2017,petrol,3.5,10.8
Lexus,RX 350 AWD,2018,petrol,3.5,10.8
Lexus,RX 350 AWD,2019,petrol,3.5,10.8
Lexus,RX 350 AWD,2020,petrol,3.5,10.8
Lexus,RX 350 AWD,2021,petrol,3.5,10.8
Lexus,RX 350 AWD,2022,petrol,3.5,10.8
Lexus,RX 350 AWD,2023,petrol,2.4,9.9
Lexus,RX 350 AWD,2024,petrol,2.4,9.9
Lexus,RX 350 AWD,2025,petrol,2.4,9.9
Lexus,RX 350 AWD,2026,petrol,2.4,9.9
Lexus,RX 350 L AWD,2018,petrol,3.5,11.1
Lexus,RX 350 L AWD,2019,petrol,3.5,11.1
Lexus,RX 350 L AWD,2020,petrol,3.5,11.1
Lexus,RX 350 L AWD,2021,petrol,3.5,11.1
Lexus,RX 350 L AWD,2022,petrol,3.5,11.1
Lexus,RX 350h AWD,2023,petrol,2.5,6.5
Lexus,RX 350h AWD,2024,petrol,2.5,6.5
Lexus,RX 350h AWD,2025,petrol,2.5,6.5
Lexus,RX 350h AWD,2026,petrol,2.5,6.5
Lexus,RX 400h 4WD,2008,petrol,3.3,8.1
Lexus,RX 400h 4X4,2006,petrol,3.3,7.8
Lexus,RX 400h AWD,2007,petrol,3.3,7.9
Lexus,RX 450h,2010,petrol,3.5,6.7
Lexus,RX 450h AWD,2010,petrol,3.5,6.8
Lexus,RX 450h AWD,2011,petrol,3.5,6.9
Lexus,RX 450h AWD,2012,petrol,3.5,6.9
Lexus,RX 450h AWD,2013,petrol,3.5,6.9
Lexus,RX 450h AWD,2014,petrol,3.5,6.9
Lexus,RX 450h AWD,2015,petrol,3.5,8.2
Lexus,RX 450h AWD,2016,petrol,3.5,8.0
Lexus,RX 450h AWD,2017,petrol,3.5,7.9
Lexus,RX 450h AWD,2018,petrol,3.5,7.9
Lexus,RX 450h AWD,2019,petrol,3.5,7.9
Lexus,RX 450h AWD,2020,petrol,3.5,7.9
Lexus,RX 450h AWD,2021,petrol,3.5,7.9
Lexus,RX 450h AWD,2022,petrol,3.5,7.9
Lexus,RX 450h L AWD,2019,petrol,3.5,8.1
Lexus,RX 450h L AWD,2020,petrol,3.5,8.1
Lexus,RX 450h L AWD,2021,petrol,3.5,8.1
Lexus,RX 450h L AWD,2022,petrol,3.5,8.1
Lexus,RX 450h+ AWD,2024,hybrid,2.5,6.7
Lexus,RX 450h+ AWD,2025,hybrid,2.5,6.7
Lexus,RX 450h+ AWD,2026,hybrid,2.5,6.7
Lexus,RX 500h AWD,2023,petrol,2.4,8.6
Lexus,RX 500h AWD,2024,petrol,2.4,8.6
Lexus,RX 500h AWD,2025,petrol,2.4,8.6
Lexus,RX 500h AWD,2026,petrol,2.4,8.6
Lexus,RZ 350e,2026,electric,,17.0
Lexus,"RZ 450e AWD (18"" Wheels)",2023,electric,,19.6
Lexus,"RZ 450e AWD (18"" Wheels)",2024,electric,,19.6
Lexus,"RZ 450e AWD (18"" Wheels)",2025,electric,,19.6
Lexus,"RZ 450e AWD (18"" Wheels)",2026,electric,,19.4
Lexus,"RZ 450e AWD (20"" Wheels)",2023,electric,,22.4
Lexus,"RZ 450e AWD (20"" Wheels)",2024,electric,,22.4
Lexus,"RZ 450e AWD (20"" Wheels)",2025,electric,,22.4
Lexus,"RZ 450e AWD (20"" Wheels)",2026,electric,,19.6
Lexus,RZ 550e AWD,2026,electric,,22.0
Lexus,SC 430,2005,petrol,4.3,11.5
Lexus,SC 430,2006,petrol,4.3,10.8
Lexus,SC 430,2007,petrol,4.3,11.0
Lexus,SC 430,2008,petrol,4.3,11.0
Lexus,SC 430,2009,petrol,4.3,11.0
Lexus,SC 430,2010,petrol,4.3,11.0
Lexus,TX 350 AWD,2024,petrol,2.4,10.3
Lexus,TX 350 AWD,2025,petrol,2.4,10.3
Lexus,TX 350 AWD,2026,petrol,2.4,10.3
Lexus,TX 500h AWD,2024,petrol,2.4,8.6
Lexus,TX 500h AWD,2025,petrol,2.4,8.6
Lexus,TX 500h AWD,2026,petrol,2.4,8.6
Lexus,UX 200,2019,petrol,2.0,7.2
Lexus,UX 200,2020,petrol,2.0,7.2
Lexus,UX 200,2021,petrol,2.0,7.2
Lexus,UX 200,2022,petrol,2.0,7.2
Lexus,UX 250h,2019,petrol,2.0,5.6
Lexus,UX 250h,2021,petrol,2.0,5.6
Lexus,UX 250h AWD,2019,petrol,2.0,6.0
Lexus,UX 250h AWD,2020,petrol,2.0,6.0
Lexus,UX 250h AWD,2021,petrol,2.0,6.0
Lexus,UX 250h AWD,2022,petrol,2.0,6.0
Lexus,UX 250h AWD,2023,petrol,2.0,6.0
Lexus,UX 250h AWD,2024,petrol,2.0,6.0
Lexus,UX 300h AWD,2025,petrol,2.0,5.6
Lexus,UX 300h AWD,2026,petrol,2.0,5.6
Lotus,Eletre R Long Range,2026,electric,,29.4
Lotus,Eletre R Performance,2026,electric,,30.4
Lotus,Eletre S Long Range,2026,electric,,27.5
Lotus,Eletre S Performance,2026,electric,,28.4
MINI,Cooper,2005,petrol,1.6,7.55
MINI,Cooper,2006,petrol,1.6,7.55
MINI,Cooper,2007,petrol,1.6,6.75
MINI,Cooper,2008,petrol,1.6,6.6
MINI,Cooper,2009,petrol,1.6,6.6
MINI,Cooper,2010,petrol,1.6,6.6
MINI,Cooper,2011,petrol,1.6,6.25
MINI,Cooper,2012,petrol,1.6,6.3
MINI,Cooper,2013,petrol,1.6,6.25
MINI,Cooper 3 Door,2015,petrol,1.5,7.3
MINI,Cooper 3 Door,2016,petrol,1.5,7.5
MINI,Cooper 3 Door,2017,petrol,1.5,7.7
MINI,Cooper 3 Door,2018,petrol,1.5,7.7
MINI,Cooper 3 Door,2019,petrol,1.5,7.7
MINI,Cooper 3 Door,2020,petrol,1.5,7.5
MINI,Cooper 3 Door,2021,petrol,1.5,7.6
MINI,Cooper 3 Door,2022,petrol,1.5,7.45
MINI,Cooper 3 Door,2023,petrol,1.5,7.45
MINI,Cooper 3 Door,2024,petrol,1.5,7.4
MINI,Cooper 3 Door,2025,petrol,2.0,7.4
MINI,Cooper 3 Door,2026,petrol,2.0,7.4
MINI,Cooper 5 Door,2015,petrol,1.5,7.35
MINI,Cooper 5 Door,2016,petrol,1.5,7.45
MINI,Cooper 5 Door,2017,petrol,1.5,7.7
MINI,Cooper 5 Door,2018,petrol,1.5,7.65
MINI,Cooper 5 Door,2019,petrol,1.5,7.7
MINI,Cooper 5 Door,2020,petrol,1.5,7.5
MINI,Cooper 5 Door,2021,petrol,1.5,7.6
MINI,Cooper 5 Door,2022,petrol,1.5,7.45
MINI,Cooper 5 Door,2023,petrol,1.5,7.45
MINI,Cooper 5 Door,2024,petrol,1.5,7.4
MINI,Cooper 5 Door,2025,petrol,2.0,7.4
MINI,Cooper 5 Door,2026,petrol,2.0,7.4
MINI,Cooper Clubman,2008,petrol,1.6,6.6
MINI,Cooper Clubman,2009,petrol,1.6,6.6
MINI,Cooper Clubman,2010,petrol,1.6,6.6
MINI,Cooper Clubman,2011,petrol,1.6,6.6
MINI,Cooper Clubman,2012,petrol,1.6,6.7
MINI,Cooper Clubman,2013,petrol,1.6,6.65
MINI,Cooper Clubman,2014,petrol,1.6,6.6
MINI,Cooper Clubman,2016,petrol,1.5,8.25
MINI,Cooper Clubman,2017,petrol,1.5,8.4
MINI,Cooper Clubman ALL4,2017,petrol,1.5,9.1
MINI,Cooper Clubman ALL4,2018,petrol,1.5,9.05
MINI,Cooper Clubman ALL4,2019,petrol,1.5,9.05
MINI,Cooper Clubman ALL4,2020,petrol,1.5,8.5
MINI,Cooper Clubman ALL4,2021,petrol,1.5,8.5
MINI,Cooper Clubman ALL4,2023,petrol,1.5,8.5
MINI,Cooper Convertible,2005,petrol,1.6,7.75
MINI,Cooper Convertible,2006,petrol,1.6,7.75
MINI,Cooper Convertible,2007,petrol,1.6,7.9
MINI,Cooper Convertible,2008,petrol,1.6,7.9
MINI,Cooper Convertible,2009,petrol,1.6,6.6
MINI,Cooper Convertible,2010,petrol,1.6,6.6
MINI,Cooper Convertible,2011,petrol,1.6,6.6
MINI,Cooper Convertible,2012,petrol,1.6,6.7
MINI,Cooper Convertible,2013,petrol,1.6,6.65
MINI,Cooper Convertible,2014,petrol,1.6,6.6
MINI,Cooper Convertible,2015,petrol,1.6,7.6
MINI,Cooper Convertible,2016,petrol,1.5,7.45
MINI,Cooper Convertible,2017,petrol,1.5,7.7
MINI,Cooper Convertible,2018,petrol,1.5,7.65
MINI,Cooper Convertible,2019,petrol,1.5,7.7
MINI,Cooper Convertible,2020,petrol,1.5,7.5
MINI,Cooper Convertible,2021,petrol,1.5,7.6
MINI,Cooper Convertible,2022,petrol,1.5,7.45
MINI,Cooper Convertible,2023,petrol,1.5,7.45
MINI,Cooper Convertible,2024,petrol,1.5,7.4
MINI,Cooper Convertible,2025,petrol,2.0,7.7
MINI,Cooper Convertible,2026,petrol,2.0,7.7
MINI,Cooper Countryman,2011,petrol,1.6,6.95
MINI,Cooper Countryman,2012,petrol,1.6,7.05
MINI,Cooper Countryman,2013,petrol,1.6,7.0
MINI,Cooper Countryman,2014,petrol,1.6,7.0
MINI,Cooper Countryman,2015,petrol,1.6,8.1
MINI,Cooper Countryman,2017,petrol,1.5,8.4
MINI,Cooper Countryman,2023,petrol,1.5,8.3
MINI,Cooper Countryman ALL4,2017,petrol,1.5,9.15
MINI,Cooper Countryman ALL4,2018,petrol,1.5,9.15
MINI,Cooper Countryman ALL4,2019,petrol,1.5,9.15
MINI,Cooper Countryman ALL4,2020,petrol,1.5,8.6
MINI,Cooper Countryman ALL4,2021,petrol,1.5,8.8
MINI,Cooper Countryman ALL4,2022,petrol,1.5,9.1
MINI,Cooper Countryman ALL4,2023,petrol,1.5,9.0
MINI,Cooper Countryman ALL4,2024,petrol,1.5,9.0
MINI,Cooper Coupe,2012,petrol,1.6,6.3
MINI,Cooper Coupe,2013,petrol,1.6,6.25
MINI,Cooper Coupe,2014,petrol,1.6,6.3
MINI,Cooper Coupe,2015,petrol,1.6,7.45
MINI,Cooper Paceman,2014,petrol,1.6,7.0
MINI,Cooper Paceman,2015,petrol,1.6,8.1
MINI,Cooper Roadster,2012,petrol,1.6,6.7
MINI,Cooper Roadster,2013,petrol,1.6,6.65
MINI,Cooper Roadster,2014,petrol,1.6,6.6
MINI,Cooper Roadster,2015,petrol,1.6,7.6
MINI,Cooper S,2006,petrol,1.6,8.35
MINI,Cooper S,2007,petrol,1.6,7.4
MINI,Cooper S,2008,petrol,1.6,7.2
MINI,Cooper S,2009,petrol,1.6,7.25
MINI,Cooper S,2010,petrol,1.6,7.25
MINI,Cooper S,2011,petrol,1.6,6.85
MINI,Cooper S,2012,petrol,1.6,6.85
MINI,Cooper S,2013,petrol,1.6,6.9
MINI,Cooper S #,2005,petrol,1.6,8.2
MINI,Cooper S 3 Door,2015,petrol,2.0,8.4
MINI,Cooper S 3 Door,2016,petrol,2.0,8.45
MINI,Cooper S 3 Door,2017,petrol,2.0,8.6
MINI,Cooper S 3 Door,2018,petrol,2.0,8.7
MINI,Cooper S 3 Door,2019,petrol,2.0,8.7
MINI,Cooper S 3 Door,2020,petrol,2.0,7.9
MINI,Cooper S 3 Door,2021,petrol,2.0,8.35
MINI,Cooper S 3 Door,2022,petrol,2.0,8.3
MINI,Cooper S 3 Door,2023,petrol,2.0,8.15
MINI,Cooper S 3 Door,2024,petrol,2.0,8.15
MINI,Cooper S 3 Door,2025,petrol,2.0,7.4
MINI,Cooper S 3 Door,2026,petrol,2.0,7.4
MINI,Cooper S 5 Door,2015,petrol,2.0,8.4
MINI,Cooper S 5 Door,2016,petrol,2.0,8.45
MINI,Cooper S 5 Door,2017,petrol,2.0,8.6
MINI,Cooper S 5 Door,2018,petrol,2.0,8.7
MINI,Cooper S 5 Door,2019,petrol,2.0,8.7
MINI,Cooper S 5 Door,2020,petrol,2.0,7.9
MINI,Cooper S 5 Door,2021,petrol,2.0,8.35
MINI,Cooper S 5 Door,2022,petrol,2.0,8.3
MINI,Cooper S 5 Door,2023,petrol,2.0,8.15
MINI,Cooper S 5 Door,2024,petrol,2.0,8.15
MINI,Cooper S 5 Door,2025,petrol,2.0,7.3
MINI,Cooper S 5 Door,2026,petrol,2.0,7.3
MINI,Cooper S Clubman,2008,petrol,1.6,7.2
MINI,Cooper S Clubman,2009,petrol,1.6,7.25
MINI,Cooper S Clubman,2010,petrol,1.6,7.25
MINI,Cooper S Clubman,2011,petrol,1.6,6.85
MINI,Cooper S Clubman,2012,petrol,1.6,6.85
MINI,Cooper S Clubman,2013,petrol,1.6,6.9
MINI,Cooper S Clubman,2014,petrol,1.6,6.9
MINI,Cooper S Clubman,2016,petrol,2.0,8.85
MINI,Cooper S Clubman,2017,petrol,2.0,9.05
MINI,Cooper S Clubman,2023,petrol,2.0,8.75
MINI,Cooper S Clubman ALL4,2017,petrol,2.0,9.35
MINI,Cooper S Clubman ALL4,2018,petrol,2.0,9.45
MINI,Cooper S Clubman ALL4,2019,petrol,2.0,9.45
MINI,Cooper S Clubman ALL4,2020,petrol,2.0,8.9
MINI,Cooper S Clubman ALL4,2021,petrol,2.0,8.9
MINI,Cooper S Clubman ALL4,2022,petrol,2.0,8.9
MINI,Cooper S Clubman ALL4,2023,petrol,2.0,8.9
MINI,Cooper S Convertible,2006,petrol,1.6,8.35
MINI,Cooper S Convertible,2007,petrol,1.6,8.75
MINI,Cooper S Convertible,2008,petrol,1.6,8.65
MINI,Cooper S Convertible,2009,petrol,1.6,7.25
MINI,Cooper S Convertible,2010,petrol,1.6,7.25
MINI,Cooper S Convertible,2011,petrol,1.6,6.85
MINI,Cooper S Convertible,2012,petrol,1.6,6.85
MINI,Cooper S Convertible,2013,petrol,1.6,6.9
MINI,Cooper S Convertible,2014,petrol,1.6,6.9
MINI,Cooper S Convertible,2015,petrol,1.6,8.1
MINI,Cooper S Convertible,2016,petrol,2.0,8.6
MINI,Cooper S Convertible,2017,petrol,2.0,8.65
MINI,Cooper S Convertible,2018,petrol,2.0,8.65
MINI,Cooper S Convertible,2019,petrol,2.0,8.7
MINI,Cooper S Convertible,2020,petrol,2.0,8.1
MINI,Cooper S Convertible,2021,petrol,2.0,8.55
MINI,Cooper S Convertible,2022,petrol,2.0,8.3
MINI,Cooper S Convertible,2023,petrol,2.0,8.3
MINI,Cooper S Convertible,2024,petrol,2.0,8.3
MINI,Cooper S Convertible,2025,petrol,2.0,7.9
MINI,Cooper S Convertible,2026,petrol,2.0,7.9
MINI,Cooper S Convertible #,2005,petrol,1.6,8.2
MINI,Cooper S Countryman,2011,petrol,1.6,7.15
MINI,Cooper S Countryman,2012,petrol,1.6,7.1
MINI,Cooper S Countryman,2013,petrol,1.6,7.1
MINI,Cooper S Countryman,2023,petrol,2.0,8.5
MINI,Cooper S Countryman ALL4,2011,petrol,1.6,7.5
MINI,Cooper S Countryman ALL4,2012,petrol,1.6,7.45
MINI,Cooper S Countryman ALL4,2013,petrol,1.6,7.5
MINI,Cooper S Countryman ALL4,2014,petrol,1.6,7.5
MINI,Cooper S Countryman ALL4,2015,petrol,1.6,8.85
MINI,Cooper S Countryman ALL4,2016,petrol,1.6,8.8
MINI,Cooper S Countryman ALL4,2017,petrol,2.0,9.4
MINI,Cooper S Countryman ALL4,2018,petrol,2.0,9.45
MINI,Cooper S Countryman ALL4,2019,petrol,2.0,9.45
MINI,Cooper S Countryman ALL4,2020,petrol,2.0,9.1
MINI,Cooper S Countryman ALL4,2021,petrol,2.0,9.1
MINI,Cooper S Countryman ALL4,2022,petrol,2.0,9.1
MINI,Cooper S Countryman ALL4,2023,petrol,2.0,9.1
MINI,Cooper S Countryman ALL4,2024,petrol,2.0,9.1
MINI,Cooper S Countryman ALL4,2025,petrol,2.0,8.7
MINI,Cooper S Coupe,2012,petrol,1.6,6.85
MINI,Cooper S Coupe,2013,petrol,1.6,6.9
MINI,Cooper S Coupe,2014,petrol,1.6,6.9
MINI,Cooper S Coupe,2015,petrol,1.6,8.1
MINI,Cooper S Paceman ALL4,2014,petrol,1.6,7.5
MINI,Cooper S Paceman ALL4,2015,petrol,1.6,8.85
MINI,Cooper S Paceman ALL4,2016,petrol,1.6,8.8
MINI,Cooper S Roadster,2012,petrol,1.6,6.85
MINI,Cooper S Roadster,2013,petrol,1.6,6.9
MINI,Cooper S Roadster,2014,petrol,1.6,6.9
MINI,Cooper S Roadster,2015,petrol,1.6,8.1
MINI,Cooper SE 3 Door,2020,electric,,19.4
MINI,Cooper SE 3 Door,2021,electric,,19.4
MINI,Cooper SE 3 Door,2022,electric,,19.1
MINI,Cooper SE 3 Door,2023,electric,,19.1
MINI,Cooper SE 3 Door,2024,electric,,19.1
MINI,Cooper SE Countryman ALL4,2018,hybrid,1.5,8.6
MINI,Cooper SE Countryman ALL4,2019,hybrid,1.5,8.6
MINI,Cooper SE Countryman ALL4,2020,hybrid,1.5,8.0
MINI,Cooper SE Countryman ALL4,2021,hybrid,1.5,8.0
MINI,Cooper SE Countryman ALL4,2022,hybrid,1.5,8.0
MINI,Cooper SE Countryman ALL4,2023,hybrid,1.5,8.0
MINI,Countryman S ALL4,2026,petrol,2.0,8.7
MINI,"Countryman SE ALL4 (18"" Wheels)",2025,electric,,21.7
MINI,"Countryman SE ALL4 (18"" Wheels)",2026,electric,,21.7
MINI,"Countryman SE ALL4 (19"" Wheels)",2025,electric,,22.9
MINI,"Countryman SE ALL4 (19"" Wheels)",2026,electric,,22.9
MINI,JCW 3 Door,2026,petrol,2.0,7.7
MINI,JCW Convertible,2026,petrol,2.0,7.9
MINI,JCW Countryman ALL4,2026,petrol,2.0,9.2
MINI,John Cooper Works,2009,petrol,1.6,6.9
MINI,John Cooper Works,2010,petrol,1.6,6.9
MINI,John Cooper Works,2011,petrol,1.6,6.7
MINI,John Cooper Works,2012,petrol,1.6,7.2
MINI,John Cooper Works,2013,petrol,1.6,6.9
MINI,John Cooper Works,2015,petrol,2.0,8.8
MINI,John Cooper Works,2016,petrol,2.0,8.85
MINI,John Cooper Works,2018,petrol,2.0,8.7
MINI,John Cooper Works 3 Door,2017,petrol,2.0,8.6
MINI,John Cooper Works 3 Door,2019,petrol,2.0,8.7
MINI,John Cooper Works 3 Door,2020,petrol,2.0,8.1
MINI,John Cooper Works 3 Door,2021,petrol,2.0,8.45
MINI,John Cooper Works 3 Door,2022,petrol,2.0,8.65
MINI,John Cooper Works 3 Door,2023,petrol,2.0,8.75
MINI,John Cooper Works 3 Door,2024,petrol,2.0,8.6
MINI,John Cooper Works 3 Door,2025,petrol,2.0,7.7
MINI,John Cooper Works Clubman,2009,petrol,1.6,6.9
MINI,John Cooper Works Clubman,2010,petrol,1.6,6.9
MINI,John Cooper Works Clubman,2011,petrol,1.6,6.7
MINI,John Cooper Works Clubman,2012,petrol,1.6,7.2
MINI,John Cooper Works Clubman,2013,petrol,1.6,6.9
MINI,John Cooper Works Clubman,2014,petrol,1.6,6.9
MINI,John Cooper Works Clubman ALL4,2017,petrol,2.0,9.35
MINI,John Cooper Works Clubman ALL4,2018,petrol,2.0,9.35
MINI,John Cooper Works Clubman ALL4,2019,petrol,2.0,9.45
MINI,John Cooper Works Clubman ALL4,2020,petrol,2.0,9.0
MINI,John Cooper Works Clubman ALL4,2021,petrol,2.0,9.0
MINI,John Cooper Works Clubman ALL4,2022,petrol,2.0,9.0
MINI,John Cooper Works Clubman ALL4,2023,petrol,2.0,9.0
MINI,John Cooper Works Convertible,2009,petrol,1.6,6.9
MINI,John Cooper Works Convertible,2010,petrol,1.6,6.9
MINI,John Cooper Works Convertible,2011,petrol,1.6,6.7
MINI,John Cooper Works Convertible,2012,petrol,1.6,7.2
MINI,John Cooper Works Convertible,2013,petrol,1.6,6.9
MINI,John Cooper Works Convertible,2014,petrol,1.6,6.9
MINI,John Cooper Works Convertible,2015,petrol,1.6,8.1
MINI,John Cooper Works Convertible,2017,petrol,2.0,8.9
MINI,John Cooper Works Convertible,2018,petrol,2.0,9.05
MINI,John Cooper Works Convertible,2019,petrol,2.0,8.9
MINI,John Cooper Works Convertible,2020,petrol,2.0,8.3
MINI,John Cooper Works Convertible,2021,petrol,2.0,8.3
MINI,John Cooper Works Convertible,2022,petrol,2.0,8.5
MINI,John Cooper Works Convertible,2023,petrol,2.0,8.6
MINI,John Cooper Works Convertible,2024,petrol,2.0,8.5
MINI,John Cooper Works Convertible,2025,petrol,2.0,7.9
MINI,John Cooper Works Countryman ALL4,2013,petrol,1.6,7.5
MINI,John Cooper Works Countryman ALL4,2014,petrol,1.6,7.5
MINI,John Cooper Works Countryman ALL4,2015,petrol,1.6,8.85
MINI,John Cooper Works Countryman ALL4,2016,petrol,1.6,8.8
MINI,John Cooper Works Countryman ALL4,2018,petrol,2.0,9.6
MINI,John Cooper Works Countryman ALL4,2019,petrol,2.0,9.5
MINI,John Cooper Works Countryman ALL4,2020,petrol,2.0,9.0
MINI,John Cooper Works Countryman ALL4,2021,petrol,2.0,9.0
MINI,John Cooper Works Countryman ALL4,2022,petrol,2.0,9.2
MINI,John Cooper Works Countryman ALL4,2023,petrol,2.0,9.0
MINI,John Cooper Works Countryman ALL4,2024,petrol,2.0,9.0
MINI,John Cooper Works Countryman ALL4,2025,petrol,2.0,9.2
MINI,John Cooper Works Coupe,2012,petrol,1.6,7.2
MINI,John Cooper Works Coupe,2013,petrol,1.6,6.9
MINI,John Cooper Works Coupe,2014,petrol,1.6,6.9
MINI,John Cooper Works Coupe,2015,petrol,1.6,8.1
MINI,John Cooper Works GP,2021,petrol,2.0,8.9
MINI,John Cooper Works Paceman ALL4,2014,petrol,1.6,7.5
MINI,John Cooper Works Paceman ALL4,2015,petrol,1.6,8.85
MINI,John Cooper Works Paceman ALL4,2016,petrol,1.6,8.8
MINI,John Cooper Works Roadster,2012,petrol,1.6,7.2
MINI,John Cooper Works Roadster,2013,petrol,1.6,6.9
MINI,John Cooper Works Roadster,2014,petrol,1.6,6.9
MINI,John Cooper Works Roadster,2015,petrol,1.6,8.1
Maserati,Coupe,2006,petrol,4.2,15.4
Maserati,Coupe Cambiocorsa,2005,petrol,4.2,17.1
Maserati,Coupe GT,2005,petrol,4.2,17.1
Maserati,Coupe GT,2006,petrol,4.2,15.4
Maserati,Coupe GrandSport,2006,petrol,4.2,15.4
Maserati,GT2 Stradale,2025,petrol,3.0,12.8
Maserati,Ghibli,2014,petrol,3.0,11.1
Maserati,Ghibli,2015,petrol,3.0,12.7
Maserati,Ghibli,2016,petrol,3.0,12.2
Maserati,Ghibli,2017,petrol,3.0,12.4
Maserati,Ghibli,2018,petrol,3.0,12.2
Maserati,Ghibli,2019,petrol,3.0,12.2
Maserati,Ghibli,2020,petrol,3.0,12.2
Maserati,Ghibli,2021,petrol,3.0,11.9
Maserati,Ghibli AWD,2014,petrol,3.0,11.1
Maserati,Ghibli AWD,2015,petrol,3.0,12.8
Maserati,Ghibli GT,2022,petrol,3.0,11.6
Maserati,Ghibli GT,2023,petrol,3.0,11.6
Maserati,Ghibli GT,2024,petrol,3.0,11.6
Maserati,Ghibli Modena,2022,petrol,3.0,11.6
Maserati,Ghibli Modena,2023,petrol,3.0,11.6
Maserati,Ghibli Modena,2024,petrol,3.0,11.6
Maserati,Ghibli Modena AWD,2022,petrol,3.0,12.6
Maserati,Ghibli Modena AWD,2023,petrol,3.0,12.0
Maserati,Ghibli Modena AWD,2024,petrol,3.0,12.0
Maserati,Ghibli S,2016,petrol,3.0,12.5
Maserati,Ghibli S,2017,petrol,3.0,12.4
Maserati,Ghibli S,2018,petrol,3.0,12.4
Maserati,Ghibli S,2019,petrol,3.0,12.6
Maserati,Ghibli S,2020,petrol,3.0,12.2
Maserati,Ghibli S,2021,petrol,3.0,11.9
Maserati,Ghibli S Q4,2020,petrol,3.0,12.6
Maserati,Ghibli S Q4,2021,petrol,3.0,12.6
Maserati,Ghibli SQ4,2016,petrol,3.0,12.6
Maserati,Ghibli SQ4,2017,petrol,3.0,12.6
Maserati,Ghibli SQ4,2018,petrol,3.0,12.6
Maserati,Ghibli SQ4,2019,petrol,3.0,12.6
Maserati,Ghibli Trofeo,2021,petrol,3.8,14.9
Maserati,Ghibli Trofeo,2022,petrol,3.8,14.9
Maserati,Ghibli Trofeo,2023,petrol,3.8,14.9
Maserati,Ghibli Trofeo,2024,petrol,3.8,14.9
Maserati,GranTurismo,2008,petrol,4.2,14.3
Maserati,GranTurismo,2009,petrol,4.2,15.0
Maserati,GranTurismo,2010,petrol,4.2,14.3
Maserati,GranTurismo,2010,petrol,4.7,15.0
Maserati,GranTurismo,2011,petrol,4.2,14.3
Maserati,GranTurismo,2011,petrol,4.7,14.1
Maserati,GranTurismo,2012,petrol,4.7,14.1
Maserati,GranTurismo,2013,petrol,4.7,14.1
Maserati,GranTurismo,2014,petrol,4.7,13.4
Maserati,GranTurismo,2015,petrol,4.7,15.1
Maserati,GranTurismo,2016,petrol,4.7,15.1
Maserati,GranTurismo,2017,petrol,4.7,15.1
Maserati,GranTurismo Convertible,2011,petrol,4.7,14.3
Maserati,GranTurismo Convertible,2012,petrol,4.7,14.3
Maserati,GranTurismo Convertible,2013,petrol,4.7,14.3
Maserati,GranTurismo Convertible,2014,petrol,4.7,13.5
Maserati,GranTurismo Convertible,2015,petrol,4.7,15.2
Maserati,GranTurismo Convertible,2016,petrol,4.7,15.2
Maserati,GranTurismo Convertible,2017,petrol,4.7,15.2
Maserati,GranTurismo Convertible,2019,petrol,4.7,15.0
Maserati,Grancabrio,2025,petrol,3.0,11.6
Maserati,Grancabrio Trofeo,2025,petrol,3.0,11.6
Maserati,Granturismo,2018,petrol,4.7,15.1
Maserati,Granturismo Convertible,2018,petrol,4.7,15.2
Maserati,Granturismo Modena,2024,petrol,3.0,11.1
Maserati,Granturismo Trofeo,2024,petrol,3.0,11.1
Maserati,Grecale,2025,petrol,2.0,9.8
Maserati,Grecale GT,2023,petrol,2.0,9.4
Maserati,Grecale GT,2024,petrol,2.0,9.4
Maserati,Grecale Modena,2023,petrol,2.0,9.4
Maserati,Grecale Modena,2024,petrol,2.0,9.4
Maserati,Grecale Modena,2025,petrol,2.0,9.8
Maserati,Grecale Trofeo,2023,petrol,3.0,11.6
Maserati,Grecale Trofeo,2024,petrol,3.0,11.6
Maserati,Grecale Trofeo,2025,petrol,3.0,11.6
Maserati,Levante,2017,petrol,3.0,14.7
Maserati,Levante,2018,petrol,3.0,14.4
Maserati,Levante,2019,petrol,3.0,13.7
Maserati,Levante,2020,petrol,3.0,13.7
Maserati,Levante,2021,petrol,3.0,13.2
Maserati,Levante GT,2022,petrol,3.0,13.2
Maserati,Levante GT,2023,petrol,3.0,13.2
Maserati,Levante GT,2024,petrol,3.0,13.2
Maserati,Levante GTS,2019,petrol,3.8,15.3
Maserati,Levante GTS,2020,petrol,3.8,15.3
Maserati,Levante GTS,2021,petrol,3.8,15.0
Maserati,Levante Modena,2022,petrol,3.0,13.2
Maserati,Levante Modena,2023,petrol,3.0,13.2
Maserati,Levante Modena,2024,petrol,3.0,13.2
Maserati,Levante Modena V8,2022,petrol,3.8,15.0
Maserati,Levante Modena V8,2023,petrol,3.8,15.0
Maserati,Levante Modena V8,2024,petrol,3.8,15.0
Maserati,Levante S,2017,petrol,3.0,14.7
Maserati,Levante S,2018,petrol,3.0,14.7
Maserati,Levante S,2019,petrol,3.0,14.0
Maserati,Levante S,2020,petrol,3.0,13.7
Maserati,Levante S,2021,petrol,3.0,13.2
Maserati,Levante Trofeo,2019,petrol,3.8,15.3
Maserati,Levante Trofeo,2020,petrol,3.8,15.3
Maserati,Levante Trofeo,2021,petrol,3.8,15.0
Maserati,Levante Trofeo,2022,petrol,3.8,15.0
Maserati,Levante Trofeo,2023,petrol,3.8,15.0
Maserati,Levante Trofeo,2024,petrol,3.8,15.0
Maserati,MC20,2022,petrol,3.0,12.8
Maserati,MC20,2023,petrol,3.0,12.8
Maserati,MC20,2024,petrol,3.0,12.8
Maserati,MC20 Spyder,2023,petrol,3.0,12.8
Maserati,MC20 Spyder,2024,petrol,3.0,12.8
Maserati,MC20 Spyder,2025,petrol,3.0,12.8
Maserati,Quattroporte,2005,petrol,4.2,16.8
Maserati,Quattroporte,2006,petrol,4.2,15.9
Maserati,Quattroporte,2007,petrol,4.2,14.0
Maserati,Quattroporte,2008,petrol,4.2,15.5
Maserati,Quattroporte,2009,petrol,4.2,15.5
Maserati,Quattroporte,2010,petrol,4.2,15.5
Maserati,Quattroporte,2010,petrol,4.7,15.2
Maserati,Quattroporte,2011,petrol,4.2,15.0
Maserati,Quattroporte,2011,petrol,4.7,15.0
Maserati,Quattroporte,2012,petrol,4.7,15.0
Maserati,Quattroporte,2013,petrol,4.7,15.0
Maserati,Quattroporte GT,2022,petrol,3.0,12.1
Maserati,Quattroporte GT,2023,petrol,3.0,12.1
Maserati,Quattroporte GT,2024,petrol,3.0,12.1
Maserati,Quattroporte GTS,2014,petrol,3.8,12.8
Maserati,Quattroporte GTS,2015,petrol,3.8,14.5
Maserati,Quattroporte GTS,2016,petrol,3.8,14.0
Maserati,Quattroporte GTS,2017,petrol,3.8,13.8
Maserati,Quattroporte GTS,2018,petrol,3.8,13.7
Maserati,Quattroporte GTS,2019,petrol,3.8,13.7
Maserati,Quattroporte GTS,2020,petrol,3.8,13.7
Maserati,Quattroporte Modena,2022,petrol,3.0,12.1
Maserati,Quattroporte Modena,2023,petrol,3.0,12.1
Maserati,Quattroporte Modena,2024,petrol,3.0,12.1
Maserati,Quattroporte Modena AWD,2022,petrol,3.0,12.6
Maserati,Quattroporte Modena AWD,2023,petrol,3.0,12.0
Maserati,Quattroporte Modena AWD,2024,petrol,3.0,12.0
Maserati,Quattroporte S,2016,petrol,3.0,12.9
Maserati,Quattroporte S,2017,petrol,3.0,13.1
Maserati,Quattroporte S,2018,petrol,3.0,12.8
Maserati,Quattroporte S,2019,petrol,3.0,12.8
Maserati,Quattroporte S,2020,petrol,3.0,12.2
Maserati,Quattroporte S,2021,petrol,3.0,12.5
Maserati,Quattroporte S Q4,2020,petrol,3.0,12.8
Maserati,Quattroporte S Q4,2021,petrol,3.0,12.6
Maserati,Quattroporte SQ4,2014,petrol,3.0,11.5
Maserati,Quattroporte SQ4,2015,petrol,3.0,13.0
Maserati,Quattroporte SQ4,2016,petrol,3.0,12.9
Maserati,Quattroporte SQ4,2017,petrol,3.0,13.1
Maserati,Quattroporte SQ4,2018,petrol,3.0,12.8
Maserati,Quattroporte SQ4,2019,petrol,3.0,12.8
Maserati,Quattroporte Trofeo,2021,petrol,3.8,14.9
Maserati,Quattroporte Trofeo,2022,petrol,3.8,14.9
Maserati,Quattroporte Trofeo,2023,petrol,3.8,14.9
Maserati,Quattroporte Trofeo,2024,petrol,3.8,14.9
Maserati,Spyder,2006,petrol,4.2,15.5
Maserati,Spyder Cambiocorsa,2005,petrol,4.2,17.0
Maserati,Spyder GT,2005,petrol,4.2,17.0
Maserati,Spyder GT,2006,petrol,4.2,15.5
Maserati,Spyder GrandSport,2006,petrol,4.2,15.5
Mazda,3,2005,petrol,2.0,7.7
Mazda,3,2005,petrol,2.3,8.55
Mazda,3,2006,petrol,2.0,7.65
Mazda,3,2006,petrol,2.3,8.2
Mazda,3,2007,petrol,2.0,7.65
Mazda,3,2007,petrol,2.3,8.2
Mazda,3,2008,petrol,2.0,7.65
Mazda,3,2008,petrol,2.3,8.2
Mazda,3,2009,petrol,2.0,7.65
Mazda,3,2009,petrol,2.3,8.2
Mazda,3,2010,petrol,2.0,7.3
Mazda,3,2010,petrol,2.5,8.35
Mazda,3,2011,petrol,2.0,7.3
Mazda,3,2011,petrol,2.5,8.4
Mazda,3,2012,petrol,2.0,7.3
Mazda,3,2012,petrol,2.5,8.4
Mazda,3 4-Door,2014,petrol,2.0,5.85
Mazda,3 4-Door,2014,petrol,2.5,6.2
Mazda,3 4-Door,2015,petrol,2.0,6.9
Mazda,3 4-Door,2015,petrol,2.5,7.4
Mazda,3 4-Door,2016,petrol,2.0,6.9
Mazda,3 4-Door,2016,petrol,2.5,7.4
Mazda,3 4-Door,2017,petrol,2.0,7.5
Mazda,3 4-Door,2017,petrol,2.5,7.8
Mazda,3 4-Door,2018,petrol,2.0,7.5
Mazda,3 4-Door,2018,petrol,2.5,7.8
Mazda,3 4-Door,2019,petrol,2.0,7.6
Mazda,3 4-Door,2019,petrol,2.5,7.7
Mazda,3 4-Door,2020,petrol,2.0,7.6
Mazda,3 4-Door,2020,petrol,2.5,7.7
Mazda,3 4-Door,2021,petrol,2.0,7.6
Mazda,3 4-Door,2021,petrol,2.5,7.8
Mazda,3 4-Door,2022,petrol,2.0,7.6
Mazda,3 4-Door,2022,petrol,2.5,7.8
Mazda,3 4-Door,2023,petrol,2.0,7.6
Mazda,3 4-Door,2023,petrol,2.5,7.6
Mazda,3 4-Door,2024,petrol,2.5,7.5
Mazda,3 4-Door,2025,petrol,2.5,7.5
Mazda,3 4-Door,2026,petrol,2.5,7.8
Mazda,3 4-Door (Cylinder Deactivation),2019,petrol,2.5,7.8
Mazda,3 4-Door (Cylinder Deactivation),2020,petrol,2.5,7.8
Mazda,3 4-Door (SIL),2014,petrol,2.0,5.9
Mazda,3 4-Door (SIL),2015,petrol,2.0,7.0
Mazda,3 4-Door (SIL),2015,petrol,2.5,8.0
Mazda,3 4-Door (SIL),2016,petrol,2.0,7.0
Mazda,3 4-Door (SIL),2016,petrol,2.5,8.0
Mazda,3 4-Door (SIL),2017,petrol,2.0,7.5
Mazda,3 4-Door (SIL),2017,petrol,2.5,8.2
Mazda,3 4-Door (SIL),2018,petrol,2.0,7.5
Mazda,3 4-Door (SIL),2018,petrol,2.5,8.2
Mazda,3 4-Door (SIL),2019,petrol,2.0,7.7
Mazda,3 4-Door (SIL),2020,petrol,2.0,7.7
Mazda,3 4-Door (SIL),2021,petrol,2.0,7.7
Mazda,3 4-Door (SIL),2022,petrol,2.0,7.7
Mazda,3 4-Door (SIL),2023,petrol,2.0,7.7
Mazda,3 4-Door (i-ELOOP),2014,petrol,2.5,6.2
Mazda,3 4-Door (i-ELOOP),2015,petrol,2.5,7.2
Mazda,3 4-Door (i-ELOOP),2016,petrol,2.5,7.2
Mazda,3 4-Door (i-ELOOP),2017,petrol,2.5,7.6
Mazda,3 4-Door (i-ELOOP),2018,petrol,2.5,7.6
Mazda,3 4-Door 4WD,2019,petrol,2.5,8.2
Mazda,3 4-Door 4WD,2020,petrol,2.5,8.2
Mazda,3 4-Door 4WD,2021,petrol,2.5,8.2
Mazda,3 4-Door 4WD,2022,petrol,2.5,8.5
Mazda,3 4-Door 4WD,2023,petrol,2.5,7.9
Mazda,3 4-Door 4WD,2024,petrol,2.5,7.9
Mazda,3 4-Door 4WD,2025,petrol,2.5,7.9
Mazda,3 4-Door 4WD,2026,petrol,2.5,8.1
Mazda,3 4-Door Turbo 4WD,2021,petrol,2.5,8.8
Mazda,3 4-Door Turbo 4WD,2022,petrol,2.5,8.8
Mazda,3 4-Door Turbo 4WD,2023,petrol,2.5,8.8
Mazda,3 4-Door Turbo 4WD,2024,petrol,2.5,8.8
Mazda,3 4-Door Turbo 4WD,2025,petrol,2.5,8.8
Mazda,3 4-Door Turbo 4WD,2026,petrol,2.5,8.8
Mazda,3 5-Door,2014,petrol,2.0,5.95
Mazda,3 5-Door,2014,petrol,2.5,6.6
Mazda,3 5-Door,2015,petrol,2.0,7.0
Mazda,3 5-Door,2015,petrol,2.5,7.7
Mazda,3 5-Door,2016,petrol,2.0,7.0
Mazda,3 5-Door,2016,petrol,2.5,7.7
Mazda,3 5-Door,2017,petrol,2.0,7.5
Mazda,3 5-Door,2017,petrol,2.5,7.8
Mazda,3 5-Door,2018,petrol,2.0,7.5
Mazda,3 5-Door,2018,petrol,2.5,7.8
Mazda,3 5-Door,2019,petrol,2.0,7.7
Mazda,3 5-Door,2019,petrol,2.5,8.05
Mazda,3 5-Door,2020,petrol,2.0,7.7
Mazda,3 5-Door,2020,petrol,2.5,8.0
Mazda,3 5-Door,2021,petrol,2.0,7.7
Mazda,3 5-Door,2021,petrol,2.5,8.1
Mazda,3 5-Door,2022,petrol,2.0,7.7
Mazda,3 5-Door,2022,petrol,2.5,8.1
Mazda,3 5-Door,2023,petrol,2.0,7.7
Mazda,3 5-Door,2023,petrol,2.5,7.8
Mazda,3 5-Door,2024,petrol,2.5,7.6
Mazda,3 5-Door,2025,petrol,2.5,7.6
Mazda,3 5-Door,2026,petrol,2.5,7.9
Mazda,3 5-Door (SIL),2014,petrol,2.0,6.0
Mazda,3 5-Door (SIL),2015,petrol,2.0,7.1
Mazda,3 5-Door (SIL),2015,petrol,2.5,8.1
Mazda,3 5-Door (SIL),2016,petrol,2.0,7.1
Mazda,3 5-Door (SIL),2016,petrol,2.5,8.1
Mazda,3 5-Door (SIL),2017,petrol,2.0,7.6
Mazda,3 5-Door (SIL),2017,petrol,2.5,8.4
Mazda,3 5-Door (SIL),2018,petrol,2.0,7.6
Mazda,3 5-Door (SIL),2018,petrol,2.5,8.4
Mazda,3 5-Door (SIL),2019,petrol,2.0,7.8
Mazda,3 5-Door (SIL),2020,petrol,2.0,7.8
Mazda,3 5-Door (SIL),2020,petrol,2.5,8.1
Mazda,3 5-Door (SIL),2021,petrol,2.0,7.8
Mazda,3 5-Door (SIL),2021,petrol,2.5,8.4
Mazda,3 5-Door (SIL),2022,petrol,2.0,7.8
Mazda,3 5-Door (SIL),2022,petrol,2.5,8.4
Mazda,3 5-Door (SIL),2023,petrol,2.0,7.8
Mazda,3 5-Door (SIL),2023,petrol,2.5,7.8
Mazda,3 5-Door (SIL),2024,petrol,2.5,7.8
Mazda,3 5-Door (SIL),2025,petrol,2.5,7.8
Mazda,3 5-Door (SIL),2026,petrol,2.5,8.3
Mazda,3 5-Door (i-ELOOP),2014,petrol,2.5,6.1
Mazda,3 5-Door (i-ELOOP),2015,petrol,2.5,7.2
Mazda,3 5-Door (i-ELOOP),2016,petrol,2.5,7.2
Mazda,3 5-Door (i-ELOOP),2017,petrol,2.5,7.8
Mazda,3 5-Door (i-ELOOP),2018,petrol,2.5,7.8
Mazda,3 5-Door 4WD,2019,petrol,2.5,8.7
Mazda,3 5-Door 4WD,2020,petrol,2.5,8.7
Mazda,3 5-Door 4WD,2021,petrol,2.5,8.5
Mazda,3 5-Door 4WD,2022,petrol,2.5,8.6
Mazda,3 5-Door 4WD,2023,petrol,2.5,8.1
Mazda,3 5-Door 4WD,2024,petrol,2.5,8.1
Mazda,3 5-Door 4WD,2025,petrol,2.5,8.1
Mazda,3 5-Door 4WD,2026,petrol,2.5,8.3
Mazda,3 5-Door Turbo 4WD,2021,petrol,2.5,8.9
Mazda,3 5-Door Turbo 4WD,2022,petrol,2.5,8.9
Mazda,3 5-Door Turbo 4WD,2023,petrol,2.5,8.9
Mazda,3 5-Door Turbo 4WD,2024,petrol,2.5,8.9
Mazda,3 5-Door Turbo 4WD,2025,petrol,2.5,8.9
Mazda,3 5-Door Turbo 4WD,2026,petrol,2.5,8.9
Mazda,3 DI 4-Door,2012,petrol,2.0,6.3
Mazda,3 DI 4-Door,2013,petrol,2.0,6.3
Mazda,3 DI 5-Door,2012,petrol,2.0,6.35
Mazda,3 DI 5-Door,2013,petrol,2.0,6.35
Mazda,3 L5X,2013,petrol,2.5,8.5
Mazda,3 LFX,2013,petrol,2.0,7.35
Mazda,3 Turbo,2007,petrol,2.3,9.9
Mazda,5,2007,petrol,2.3,9.65
Mazda,5,2008,petrol,2.3,8.55
Mazda,5,2009,petrol,2.3,8.55
Mazda,5,2010,petrol,2.3,8.55
Mazda,5,2012,petrol,2.5,8.35
Mazda,5,2013,petrol,2.5,8.3
Mazda,5,2014,petrol,2.5,8.3
Mazda,5,2015,petrol,2.5,9.7
Mazda,5,2016,petrol,2.5,9.75
Mazda,5,2017,petrol,2.5,9.7
Mazda,5 Wagon,2006,petrol,2.3,9.65
Mazda,6,2005,petrol,2.3,8.95
Mazda,6,2005,petrol,3.0,10.3
Mazda,6,2006,petrol,2.3,8.6
Mazda,6,2006,petrol,3.0,10.25
Mazda,6,2007,petrol,2.3,8.6
Mazda,6,2007,petrol,3.0,10.3
Mazda,6,2008,petrol,2.3,8.65
Mazda,6,2008,petrol,3.0,10.2
Mazda,6,2009,petrol,2.5,8.55
Mazda,6,2009,petrol,3.7,10.2
Mazda,6,2010,petrol,2.5,8.55
Mazda,6,2010,petrol,3.7,10.2
Mazda,6,2011,petrol,2.5,8.25
Mazda,6,2011,petrol,3.7,10.1
Mazda,6,2012,petrol,2.5,8.25
Mazda,6,2012,petrol,3.7,10.1
Mazda,6,2013,petrol,2.5,8.2
Mazda,6,2013,petrol,3.7,9.9
Mazda,6,2014,petrol,2.5,6.7
Mazda,6,2015,petrol,2.5,7.85
Mazda,6,2016,petrol,2.5,7.6
Mazda,6,2017,petrol,2.5,8.0
Mazda,6,2018,petrol,2.5,8.0
Mazda,6,2019,petrol,2.5,8.0
Mazda,6,2020,petrol,2.5,8.0
Mazda,6,2021,petrol,2.5,8.0
Mazda,6 (SIL),2016,petrol,2.5,8.1
Mazda,6 (SIL),2017,petrol,2.5,8.4
Mazda,6 (i-ELOOP),2014,petrol,2.5,6.1
Mazda,6 (i-ELOOP),2015,petrol,2.5,7.3
Mazda,6 (i-ELOOP),2016,petrol,2.5,7.3
Mazda,6 (i-ELOOP),2017,petrol,2.5,7.9
Mazda,6 Sport Wagon,2005,petrol,3.0,10.3
Mazda,6 Sport Wagon,2006,petrol,3.0,10.25
Mazda,6 Sport Wagon,2007,petrol,3.0,10.3
Mazda,6 Turbo,2006,petrol,2.3,10.7
Mazda,6 Turbo,2007,petrol,2.3,10.7
Mazda,6 Turbo,2018,petrol,2.5,8.9
Mazda,6 Turbo,2019,petrol,2.5,8.9
Mazda,6 Turbo,2020,petrol,2.5,8.9
Mazda,6 Turbo,2021,petrol,2.5,8.9
Mazda,B2300,2005,petrol,2.3,9.25
Mazda,B2300,2006,petrol,2.3,9.25
Mazda,B2300,2007,petrol,2.3,9.35
Mazda,B2300,2008,petrol,2.3,9.35
Mazda,B2300,2009,petrol,2.3,9.2
Mazda,B2300,2010,petrol,2.3,9.2
Mazda,B3000,2005,petrol,3.0,11.55
Mazda,B3000,2006,petrol,3.0,11.8
Mazda,B3000,2007,petrol,3.0,12.0
Mazda,B3000,2008,petrol,3.0,12.0
Mazda,B4000,2005,petrol,4.0,11.95
Mazda,B4000,2006,petrol,4.0,12.3
Mazda,B4000,2007,petrol,4.0,12.2
Mazda,B4000,2008,petrol,4.0,12.2
Mazda,B4000,2009,petrol,4.0,11.85
Mazda,B4000 4X4,2005,petrol,4.0,13.35
Mazda,B4000 4X4,2006,petrol,4.0,13.3
Mazda,B4000 4X4,2007,petrol,4.0,13.25
Mazda,B4000 4X4,2008,petrol,4.0,13.35
Mazda,B4000 4X4,2009,petrol,4.0,13.05
Mazda,B4000 4X4,2010,petrol,4.0,12.9
Mazda,CX-3,2016,petrol,2.0,7.6
Mazda,CX-3,2017,petrol,2.0,7.6
Mazda,CX-3,2018,petrol,2.0,7.85
Mazda,CX-3,2019,petrol,2.0,7.85
Mazda,CX-3,2020,petrol,2.0,7.7
Mazda,CX-3,2021,petrol,2.0,7.7
Mazda,CX-3,2022,petrol,2.0,7.7
Mazda,CX-3 (SIL),2020,petrol,2.0,8.0
Mazda,CX-3 (SIL),2021,petrol,2.0,8.0
Mazda,CX-3 (SIL),2022,petrol,2.0,8.0
Mazda,CX-3 4WD,2016,petrol,2.0,8.1
Mazda,CX-3 4WD,2017,petrol,2.0,8.2
Mazda,CX-3 4WD,2018,petrol,2.0,8.2
Mazda,CX-3 4WD,2019,petrol,2.0,8.1
Mazda,CX-3 4WD,2020,petrol,2.0,8.1
Mazda,CX-3 4WD,2021,petrol,2.0,8.1
Mazda,CX-3 4WD,2022,petrol,2.0,8.1
Mazda,CX-30,2020,petrol,2.0,8.1
Mazda,CX-30,2020,petrol,2.5,8.3
Mazda,CX-30,2021,petrol,2.0,8.1
Mazda,CX-30,2021,petrol,2.5,8.3
Mazda,CX-30 4WD,2020,petrol,2.0,8.6
Mazda,CX-30 4WD,2020,petrol,2.5,8.9
Mazda,CX-30 4WD,2021,petrol,2.0,8.6
Mazda,CX-30 4WD,2021,petrol,2.5,8.9
Mazda,CX-30 4WD,2022,petrol,2.0,8.6
Mazda,CX-30 4WD,2022,petrol,2.5,8.9
Mazda,CX-30 4WD,2023,petrol,2.0,8.6
Mazda,CX-30 4WD,2023,petrol,2.5,8.2
Mazda,CX-30 4WD,2024,petrol,2.5,8.2
Mazda,CX-30 4WD,2025,petrol,2.5,8.2
Mazda,CX-30 4WD,2026,petrol,2.5,8.7
Mazda,CX-30 4WD (Cylinder Deactivation),2020,petrol,2.5,8.6
Mazda,CX-30 Turbo 4WD,2021,petrol,2.5,9.3
Mazda,CX-30 Turbo 4WD,2022,petrol,2.5,9.3
Mazda,CX-30 Turbo 4WD,2023,petrol,2.5,9.3
Mazda,CX-30 Turbo 4WD,2024,petrol,2.5,9.3
Mazda,CX-30 Turbo 4WD,2025,petrol,2.5,9.3
Mazda,CX-30 Turbo 4WD,2026,petrol,2.5,9.3
Mazda,CX-5,2013,petrol,2.0,6.9
Mazda,CX-5,2014,petrol,2.0,6.85
Mazda,CX-5,2014,petrol,2.5,7.3
Mazda,CX-5,2015,petrol,2.0,8.1
Mazda,CX-5,2015,petrol,2.5,8.6
Mazda,CX-5,2016,petrol,2.0,8.2
Mazda,CX-5,2016,petrol,2.5,8.1
Mazda,CX-5,2017,petrol,2.0,8.5
Mazda,CX-5,2017,petrol,2.5,8.6
Mazda,CX-5,2018,petrol,2.0,8.8
Mazda,CX-5,2018,petrol,2.5,8.8
Mazda,CX-5,2019,petrol,2.0,8.8
Mazda,CX-5,2019,petrol,2.5,8.8
Mazda,CX-5,2020,petrol,2.5,8.8
Mazda,CX-5,2021,petrol,2.5,8.8
Mazda,CX-5 (Cylinder Deactivation),2018,petrol,2.5,8.5
Mazda,CX-5 (Cylinder Deactivation),2019,petrol,2.5,8.5
Mazda,CX-5 (Cylinder Deactivation),2020,petrol,2.5,8.5
Mazda,CX-5 (Cylinder Deactivation),2021,petrol,2.5,8.5
Mazda,CX-5 (SIL),2016,petrol,2.0,8.0
Mazda,CX-5 4WD,2013,petrol,2.0,7.3
Mazda,CX-5 4WD,2014,petrol,2.0,7.3
Mazda,CX-5 4WD,2014,petrol,2.5,7.7
Mazda,CX-5 4WD,2015,petrol,2.0,8.5
Mazda,CX-5 4WD,2015,petrol,2.5,9.0
Mazda,CX-5 4WD,2016,petrol,2.0,8.5
Mazda,CX-5 4WD,2016,petrol,2.5,9.0
Mazda,CX-5 4WD,2017,petrol,2.5,9.2
Mazda,CX-5 4WD,2018,petrol,2.5,9.3
Mazda,CX-5 4WD,2019,petrol,2.5,9.3
Mazda,CX-5 4WD,2020,petrol,2.5,9.3
Mazda,CX-5 4WD,2021,petrol,2.5,9.3
Mazda,CX-5 4WD,2022,petrol,2.5,9.3
Mazda,CX-5 4WD,2023,petrol,2.5,9.0
Mazda,CX-5 4WD,2024,petrol,2.5,9.3
Mazda,CX-5 4WD,2025,petrol,2.5,9.3
Mazda,CX-5 4WD (Cylinder Deactivation),2018,petrol,2.5,9.0
Mazda,CX-5 4WD (Cylinder Deactivation),2019,petrol,2.5,9.0
Mazda,CX-5 4WD (Cylinder Deactivation),2020,petrol,2.5,9.0
Mazda,CX-5 4WD (Cylinder Deactivation),2021,petrol,2.5,9.0
Mazda,CX-5 4WD (Cylinder Deactivation),2022,petrol,2.5,9.0
Mazda,CX-5 4WD (Cylinder Deactivation),2024,petrol,2.5,8.5
Mazda,CX-5 4WD (Cylinder Deactivation),2025,petrol,2.5,8.5
Mazda,CX-5 4WD (SIL),2026,petrol,2.5,9.0
Mazda,CX-5 Diesel 4WD,2019,diesel,2.2,8.4
Mazda,CX-5 Turbo 4WD,2019,petrol,2.5,9.8
Mazda,CX-5 Turbo 4WD,2020,petrol,2.5,9.8
Mazda,CX-5 Turbo 4WD,2021,petrol,2.5,9.8
Mazda,CX-5 Turbo 4WD,2022,petrol,2.5,9.8
Mazda,CX-5 Turbo 4WD,2023,petrol,2.5,9.8
Mazda,CX-5 Turbo 4WD,2024,petrol,2.5,9.8
Mazda,CX-5 Turbo 4WD,2025,petrol,2.5,9.8
Mazda,CX-50 4WD,2023,petrol,2.5,8.9
Mazda,CX-50 4WD,2024,petrol,2.5,8.9
Mazda,CX-50 4WD,2025,petrol,2.5,8.9
Mazda,CX-50 4WD,2026,petrol,2.5,9.3
Mazda,CX-50 Hybrid 4WD,2025,hybrid,2.5,6.2
Mazda,CX-50 Hybrid 4WD,2026,hybrid,2.5,6.2
Mazda,CX-50 Turbo 4WD,2023,petrol,2.5,9.4
Mazda,CX-50 Turbo 4WD,2024,petrol,2.5,9.4
Mazda,CX-50 Turbo 4WD,2025,petrol,2.5,9.4
Mazda,CX-50 Turbo 4WD,2026,petrol,2.5,9.4
Mazda,CX-7,2010,petrol,2.3,10.0
Mazda,CX-7,2010,petrol,2.5,9.0
Mazda,CX-7,2011,petrol,2.3,10.0
Mazda,CX-7,2011,petrol,2.5,9.0
Mazda,CX-7 4WD,2010,petrol,2.3,10.6
Mazda,CX-7 4WD,2011,petrol,2.3,10.6
Mazda,CX-7 4X4 Turbo,2008,petrol,2.3,11.1
Mazda,CX-7 4X4 Turbo,2009,petrol,2.3,11.1
Mazda,CX-7 Turbo,2007,petrol,2.3,11.1
Mazda,CX-7 Turbo,2008,petrol,2.3,10.7
Mazda,CX-7 Turbo,2009,petrol,2.3,10.5
Mazda,CX-70 4WD,2025,petrol,3.3,9.3
Mazda,CX-70 4WD,2026,petrol,3.3,9.3
Mazda,CX-70 4WD (High Power),2025,petrol,3.3,9.5
Mazda,CX-70 4WD (High Power),2026,petrol,3.3,9.5
Mazda,CX-70 PHEV 4WD,2025,hybrid,2.5,9.4
Mazda,CX-70 PHEV 4WD,2026,hybrid,2.5,9.2
Mazda,CX-70 SC PHEV 4WD,2026,hybrid,2.5,9.0
Mazda,CX-9,2008,petrol,3.7,11.3
Mazda,CX-9,2009,petrol,3.7,11.5
Mazda,CX-9,2010,petrol,3.7,11.5
Mazda,CX-9,2011,petrol,3.7,10.8
Mazda,CX-9,2012,petrol,3.7,10.8
Mazda,CX-9,2013,petrol,3.7,10.8
Mazda,CX-9,2014,petrol,3.7,10.8
Mazda,CX-9,2015,petrol,3.7,12.3
Mazda,CX-9,2017,petrol,2.5,9.6
Mazda,CX-9,2018,petrol,2.5,9.6
Mazda,CX-9,2019,petrol,2.5,9.6
Mazda,CX-9 4WD,2010,petrol,3.7,12.0
Mazda,CX-9 4WD,2011,petrol,3.7,11.1
Mazda,CX-9 4WD,2012,petrol,3.7,11.1
Mazda,CX-9 4WD,2013,petrol,3.7,11.1
Mazda,CX-9 4WD,2014,petrol,3.7,11.1
Mazda,CX-9 4WD,2015,petrol,3.7,12.7
Mazda,CX-9 4WD,2017,petrol,2.5,10.4
Mazda,CX-9 4WD,2018,petrol,2.5,10.4
Mazda,CX-9 4WD,2019,petrol,2.5,10.5
Mazda,CX-9 4WD,2020,petrol,2.5,10.5
Mazda,CX-9 4WD,2021,petrol,2.5,10.5
Mazda,CX-9 4WD,2022,petrol,2.5,10.4
Mazda,CX-9 4WD,2023,petrol,2.5,10.5
Mazda,CX-9 4X4,2008,petrol,3.7,12.0
Mazda,CX-9 4X4,2009,petrol,3.7,12.0
Mazda,CX-90 4WD,2024,petrol,3.3,9.3
Mazda,CX-90 4WD,2025,petrol,3.3,9.3
Mazda,CX-90 4WD,2026,petrol,3.3,9.4
Mazda,CX-90 4WD (High Power),2024,petrol,3.3,9.5
Mazda,CX-90 4WD (High Power),2025,petrol,3.3,9.5
Mazda,CX-90 4WD (High Power),2026,petrol,3.3,9.5
Mazda,CX-90 PHEV 4WD,2024,hybrid,2.5,9.4
Mazda,CX-90 PHEV 4WD,2025,hybrid,2.5,9.4
Mazda,CX-90 PHEV 4WD,2026,hybrid,2.5,9.2
Mazda,MPV,2005,petrol,3.0,11.3
Mazda,MPV,2006,petrol,3.0,11.3
Mazda,MX-30,2022,electric,,22.8
Mazda,MX-30,2023,electric,,22.8
Mazda,MX-30,2024,electric,,22.8
Mazda,MX-5,2006,petrol,2.0,8.67
Mazda,MX-5,2007,petrol,2.0,8.7
Mazda,MX-5,2008,petrol,2.0,8.73
Mazda,MX-5,2010,petrol,2.0,8.53
Mazda,MX-5,2011,petrol,2.0,8.53
Mazda,MX-5,2012,petrol,2.0,8.5
Mazda,MX-5,2013,petrol,2.0,8.53
Mazda,MX-5,2014,petrol,2.0,8.5
Mazda,MX-5,2015,petrol,2.0,9.87
Mazda,MX-5,2016,petrol,2.0,7.8
Mazda,MX-5,2017,petrol,2.0,8.0
Mazda,MX-5,2018,petrol,2.0,8.0
Mazda,MX-5,2019,petrol,2.0,7.9
Mazda,MX-5,2020,petrol,2.0,7.9
Mazda,MX-5,2021,petrol,2.0,7.9
Mazda,MX-5,2022,petrol,2.0,7.9
Mazda,MX-5,2023,petrol,2.0,7.9
Mazda,MX-5,2024,petrol,2.0,8.0
Mazda,MX-5,2025,petrol,2.0,8.0
Mazda,MX-5,2026,petrol,2.0,8.0
Mazda,MX-5 (SIL),2016,petrol,2.0,7.8
Mazda,MX-5 (SIL),2017,petrol,2.0,8.1
Mazda,MX-5 (SIL),2018,petrol,2.0,8.1
Mazda,MX-5 (SIL),2019,petrol,2.0,8.1
Mazda,MX-5 (SIL),2020,petrol,2.0,8.1
Mazda,MX-5 (SIL),2021,petrol,2.0,8.1
Mazda,MX-5 (SIL),2022,petrol,2.0,8.1
Mazda,MX-5 (SIL),2023,petrol,2.0,8.1
Mazda,MX-5 (SIL),2024,petrol,2.0,8.1
Mazda,MX-5 (SIL),2025,petrol,2.0,8.1
Mazda,MX-5 (SIL),2026,petrol,2.0,8.1
Mazda,MX-5 Miata,2005,petrol,1.8,9.13
Mazda,Mazda2,2011,petrol,1.5,6.55
Mazda,Mazda2,2012,petrol,1.5,6.4
Mazda,Mazda2,2013,petrol,1.5,6.4
Mazda,Mazda2,2014,petrol,1.5,6.4
Mazda,Mazdaspeed 3 Turbo,2008,petrol,2.3,9.9
Mazda,Mazdaspeed MX-5 Turbo,2005,petrol,1.8,10.1
Mazda,Mazdaspeed3,2010,petrol,2.3,9.9
Mazda,Mazdaspeed3,2011,petrol,2.3,9.9
Mazda,Mazdaspeed3,2012,petrol,2.3,9.9
Mazda,Mazdaspeed3,2013,petrol,2.3,9.9
Mazda,Mazdaspeed3 Turbo,2009,petrol,2.3,9.9
Mazda,RX-8,2005,petrol,1.3,11.25
Mazda,RX-8,2006,petrol,1.3,11.1
Mazda,RX-8,2007,petrol,1.3,11.1
Mazda,RX-8,2008,petrol,1.3,11.1
Mazda,RX-8,2009,petrol,1.3,11.25
Mazda,RX-8,2010,petrol,1.3,11.25
Mazda,RX-8,2011,petrol,1.3,11.25
Mazda,Tribute,2005,petrol,2.3,9.25
Mazda,Tribute,2005,petrol,3.0,10.5
Mazda,Tribute,2006,petrol,2.3,9.15
Mazda,Tribute,2006,petrol,3.0,10.5
Mazda,Tribute,2008,petrol,2.3,8.75
Mazda,Tribute,2008,petrol,3.0,10.1
Mazda,Tribute,2009,petrol,2.5,8.55
Mazda,Tribute,2009,petrol,3.0,9.8
Mazda,Tribute,2010,petrol,2.5,8.5
Mazda,Tribute,2011,petrol,2.5,8.45
Mazda,Tribute 4X4,2005,petrol,2.3,10.5
Mazda,Tribute 4X4,2005,petrol,3.0,11.8
Mazda,Tribute 4X4,2006,petrol,2.3,9.85
Mazda,Tribute 4X4,2006,petrol,3.0,11.1
Mazda,Tribute 4X4,2010,petrol,2.5,9.1
Mazda,Tribute 4X4,2011,petrol,2.5,9.0
Mazda,Tribute 4X4 FFV,2010,petrol,3.0,10.3
Mazda,Tribute 4X4 FFV,2011,petrol,3.0,10.3
Mazda,Tribute AWD,2008,petrol,2.3,9.8
Mazda,Tribute AWD,2008,petrol,3.0,10.8
Mazda,Tribute AWD,2009,petrol,2.5,9.6
Mazda,Tribute AWD,2009,petrol,3.0,10.4
Mazda,Tribute FFV,2010,petrol,3.0,9.6
Mazda,Tribute FFV,2011,petrol,3.0,9.6
Mercedes-Benz,A 220,2019,petrol,2.0,8.4
Mercedes-Benz,A 220 4MATIC,2019,petrol,2.0,8.5
Mercedes-Benz,A 220 4MATIC,2020,petrol,2.0,8.6
Mercedes-Benz,A 220 4MATIC Sedan,2021,petrol,2.0,8.4
Mercedes-Benz,A 220 4MATIC Sedan,2022,petrol,2.0,8.3
Mercedes-Benz,A 250,2019,petrol,2.0,8.3
Mercedes-Benz,A 250 4MATIC,2019,petrol,2.0,8.6
Mercedes-Benz,A 250 4MATIC Hatch,2020,petrol,2.0,8.3
Mercedes-Benz,A 250 4MATIC Hatch,2021,petrol,2.0,8.2
Mercedes-Benz,A 250 4MATIC Hatch,2022,petrol,2.0,8.7
Mercedes-Benz,AMG A 35 4MATIC,2020,petrol,2.0,8.9
Mercedes-Benz,AMG A 35 4MATIC Hatch,2020,petrol,2.0,9.2
Mercedes-Benz,AMG A 35 4MATIC Hatch,2021,petrol,2.0,9.5
Mercedes-Benz,AMG A 35 4MATIC Hatch,2022,petrol,2.0,9.4
Mercedes-Benz,AMG A 35 4MATIC Sedan,2021,petrol,2.0,9.5
Mercedes-Benz,AMG A 35 4MATIC Sedan,2022,petrol,2.0,9.5
Mercedes-Benz,AMG C 43 4MATIC,2018,petrol,3.0,10.4
Mercedes-Benz,AMG C 43 4MATIC,2019,petrol,3.0,10.7
Mercedes-Benz,AMG C 43 4MATIC,2020,petrol,3.0,10.7
Mercedes-Benz,AMG C 43 4MATIC Cabriolet,2018,petrol,3.0,11.0
Mercedes-Benz,AMG C 43 4MATIC Cabriolet,2019,petrol,3.0,11.2
Mercedes-Benz,AMG C 43 4MATIC Cabriolet,2020,petrol,3.0,11.2
Mercedes-Benz,AMG C 43 4MATIC Cabriolet,2021,petrol,3.0,10.7
Mercedes-Benz,AMG C 43 4MATIC Cabriolet,2022,petrol,3.0,10.9
Mercedes-Benz,AMG C 43 4MATIC Cabriolet,2023,petrol,3.0,11.4
Mercedes-Benz,AMG C 43 4MATIC Coupe,2018,petrol,3.0,10.5
Mercedes-Benz,AMG C 43 4MATIC Coupe,2019,petrol,3.0,11.1
Mercedes-Benz,AMG C 43 4MATIC Coupe,2020,petrol,3.0,10.8
Mercedes-Benz,AMG C 43 4MATIC Coupe,2021,petrol,3.0,10.8
Mercedes-Benz,AMG C 43 4MATIC Coupe,2022,petrol,3.0,10.8
Mercedes-Benz,AMG C 43 4MATIC Coupe,2023,petrol,3.0,11.0
Mercedes-Benz,AMG C 43 4MATIC Sedan,2021,petrol,3.0,11.3
Mercedes-Benz,AMG C 43 4MATIC Sedan,2023,petrol,2.0,10.7
Mercedes-Benz,AMG C 43 4MATIC Sedan,2024,petrol,2.0,10.3
Mercedes-Benz,AMG C 43 4MATIC Sedan,2025,petrol,2.0,10.8
Mercedes-Benz,AMG C 43 4MATIC Sedan,2026,petrol,2.0,10.8
Mercedes-Benz,AMG C 43 4MATIC Wagon,2019,petrol,3.0,10.8
Mercedes-Benz,AMG C 43 4MATIC Wagon,2020,petrol,3.0,10.8
Mercedes-Benz,AMG C 43 4MATIC Wagon,2021,petrol,3.0,10.6
Mercedes-Benz,AMG C 63,2016,petrol,4.0,11.7
Mercedes-Benz,AMG C 63,2017,petrol,4.0,11.7
Mercedes-Benz,AMG C 63,2018,petrol,4.0,11.7
Mercedes-Benz,AMG C 63,2019,petrol,4.0,11.2
Mercedes-Benz,AMG C 63,2020,petrol,4.0,11.2
Mercedes-Benz,AMG C 63 Cabriolet,2017,petrol,4.0,12.2
Mercedes-Benz,AMG C 63 Cabriolet,2018,petrol,4.0,12.4
Mercedes-Benz,AMG C 63 Coupe,2017,petrol,4.0,12.1
Mercedes-Benz,AMG C 63 Coupe,2018,petrol,4.0,12.1
Mercedes-Benz,AMG C 63 S,2016,petrol,4.0,11.7
Mercedes-Benz,AMG C 63 S,2017,petrol,4.0,11.7
Mercedes-Benz,AMG C 63 S,2018,petrol,4.0,11.7
Mercedes-Benz,AMG C 63 S,2019,petrol,4.0,11.2
Mercedes-Benz,AMG C 63 S,2020,petrol,4.0,11.2
Mercedes-Benz,AMG C 63 S Cabriolet,2017,petrol,4.0,12.2
Mercedes-Benz,AMG C 63 S Cabriolet,2018,petrol,4.0,12.4
Mercedes-Benz,AMG C 63 S Cabriolet,2019,petrol,4.0,12.0
Mercedes-Benz,AMG C 63 S Cabriolet,2020,petrol,4.0,12.0
Mercedes-Benz,AMG C 63 S Cabriolet,2021,petrol,4.0,12.0
Mercedes-Benz,AMG C 63 S Coupe,2017,petrol,4.0,12.1
Mercedes-Benz,AMG C 63 S Coupe,2018,petrol,4.0,12.2
Mercedes-Benz,AMG C 63 S Coupe,2019,petrol,4.0,11.8
Mercedes-Benz,AMG C 63 S Coupe,2020,petrol,4.0,11.8
Mercedes-Benz,AMG C 63 S Coupe,2021,petrol,4.0,11.6
Mercedes-Benz,AMG C 63 S E Performance,2024,hybrid,2.0,11.2
Mercedes-Benz,AMG C 63 S Sedan,2021,petrol,4.0,11.4
Mercedes-Benz,AMG C 63 Sedan,2021,petrol,4.0,11.4
Mercedes-Benz,AMG CLA 35 4MATIC,2020,petrol,2.0,9.4
Mercedes-Benz,AMG CLA 35 4MATIC Coupe,2021,petrol,2.0,9.5
Mercedes-Benz,AMG CLA 35 4MATIC Coupe,2022,petrol,2.0,9.7
Mercedes-Benz,AMG CLA 35 4MATIC Coupe,2023,petrol,2.0,9.9
Mercedes-Benz,AMG CLA 35 4MATIC Coupe,2024,petrol,2.0,9.6
Mercedes-Benz,AMG CLA 35 4MATIC Coupe,2025,petrol,2.0,9.6
Mercedes-Benz,AMG CLA 35 4MATIC Coupe,2026,petrol,2.0,9.6
Mercedes-Benz,AMG CLA 45,2016,petrol,2.0,9.1
Mercedes-Benz,AMG CLA 45,2017,petrol,2.0,9.3
Mercedes-Benz,AMG CLA 45 4MATIC,2018,petrol,2.0,9.2
Mercedes-Benz,AMG CLA 45 4MATIC,2019,petrol,2.0,9.2
Mercedes-Benz,AMG CLA 45 4MATIC,2020,petrol,2.0,10.1
Mercedes-Benz,AMG CLA 45 4MATIC Coupe,2021,petrol,2.0,10.3
Mercedes-Benz,AMG CLA 45 4MATIC Coupe,2022,petrol,2.0,10.4
Mercedes-Benz,AMG CLA 45 4MATIC Coupe,2023,petrol,2.0,10.3
Mercedes-Benz,AMG CLA 45 S 4MATIC Coupe,2024,petrol,2.0,10.3
Mercedes-Benz,AMG CLA 45 S 4MATIC Coupe,2025,petrol,2.0,10.2
Mercedes-Benz,AMG CLA 45 S 4MATIC+ Coupe,2026,petrol,2.0,10.2
Mercedes-Benz,AMG CLE 53 4MATIC Cabriolet,2026,petrol,3.0,10.8
Mercedes-Benz,AMG CLE 53 4MATIC Coupe,2026,petrol,3.0,10.4
Mercedes-Benz,AMG CLE 53 4MATIC+ Cabriolet,2025,petrol,3.0,10.8
Mercedes-Benz,AMG CLE 53 4MATIC+ Coupe,2024,petrol,3.0,10.4
Mercedes-Benz,AMG CLE 53 4MATIC+ Coupe,2025,petrol,3.0,10.4
Mercedes-Benz,AMG CLS 53 4MATIC+,2019,petrol,3.0,10.7
Mercedes-Benz,AMG CLS 53 4MATIC+,2020,petrol,3.0,10.0
Mercedes-Benz,AMG CLS 53 4MATIC+ Coupe,2021,petrol,3.0,10.3
Mercedes-Benz,AMG CLS 53 4MATIC+ Coupe,2022,petrol,3.0,10.3
Mercedes-Benz,AMG CLS 53 4MATIC+ Coupe,2023,petrol,3.0,10.3
Mercedes-Benz,AMG CLS 63 S 4MATIC,2016,petrol,5.5,13.1
Mercedes-Benz,AMG CLS 63 S 4MATIC,2017,petrol,5.5,13.1
Mercedes-Benz,AMG E 43 4MATIC,2018,petrol,3.0,11.1
Mercedes-Benz,AMG E 53 4MATIC+,2019,petrol,3.0,9.9
Mercedes-Benz,AMG E 53 4MATIC+,2020,petrol,3.0,9.9
Mercedes-Benz,AMG E 53 4MATIC+ Cabriolet,2019,petrol,3.0,10.9
Mercedes-Benz,AMG E 53 4MATIC+ Cabriolet,2020,petrol,3.0,10.4
Mercedes-Benz,AMG E 53 4MATIC+ Cabriolet,2021,petrol,3.0,10.2
Mercedes-Benz,AMG E 53 4MATIC+ Cabriolet,2022,petrol,3.0,10.6
Mercedes-Benz,AMG E 53 4MATIC+ Cabriolet,2023,petrol,3.0,10.3
Mercedes-Benz,AMG E 53 4MATIC+ Coupe,2019,petrol,3.0,10.6
Mercedes-Benz,AMG E 53 4MATIC+ Coupe,2020,petrol,3.0,10.1
Mercedes-Benz,AMG E 53 4MATIC+ Coupe,2021,petrol,3.0,10.0
Mercedes-Benz,AMG E 53 4MATIC+ Coupe,2022,petrol,3.0,10.2
Mercedes-Benz,AMG E 53 4MATIC+ Coupe,2023,petrol,3.0,10.2
Mercedes-Benz,AMG E 53 4MATIC+ Sedan,2021,petrol,3.0,9.5
Mercedes-Benz,AMG E 53 4MATIC+ Sedan,2022,petrol,3.0,9.9
Mercedes-Benz,AMG E 53 4MATIC+ Sedan,2023,petrol,3.0,9.7
Mercedes-Benz,AMG E 53 4MATIC+ Wagon,2019,petrol,3.0,10.2
Mercedes-Benz,AMG E 53 4MATIC+ Wagon,2020,petrol,3.0,10.2
Mercedes-Benz,AMG E 53 4MATIC+ Wagon,2021,petrol,3.0,10.1
Mercedes-Benz,AMG E 53 HYBRID Sedan,2026,hybrid,3.0,10.0
Mercedes-Benz,AMG E 53 HYBRID Wagon,2026,hybrid,3.0,10.5
Mercedes-Benz,AMG E 53 Hybrid,2025,hybrid,3.0,10.2
Mercedes-Benz,AMG E 63 4MATIC+ All-Terrain Wagon,2023,petrol,4.0,12.3
Mercedes-Benz,AMG E 63 S 4MATIC,2016,petrol,5.5,13.3
Mercedes-Benz,AMG E 63 S 4MATIC,2018,petrol,4.0,13.3
Mercedes-Benz,AMG E 63 S 4MATIC Wagon,2016,petrol,5.5,13.3
Mercedes-Benz,AMG E 63 S 4MATIC Wagon,2018,petrol,4.0,13.3
Mercedes-Benz,AMG E 63 S 4MATIC+,2019,petrol,4.0,13.5
Mercedes-Benz,AMG E 63 S 4MATIC+,2020,petrol,4.0,13.5
Mercedes-Benz,AMG E 63 S 4MATIC+ Sedan,2021,petrol,4.0,12.8
Mercedes-Benz,AMG E 63 S 4MATIC+ Sedan,2023,petrol,4.0,12.6
Mercedes-Benz,AMG E 63 S 4MATIC+ Wagon,2019,petrol,4.0,12.7
Mercedes-Benz,AMG E 63 S 4MATIC+ Wagon,2020,petrol,4.0,12.7
Mercedes-Benz,AMG E 63 S 4MATIC+ Wagon,2021,petrol,4.0,12.8
Mercedes-Benz,AMG EQE 4MATIC+ SUV,2024,electric,,28.6
Mercedes-Benz,AMG EQE 4MATIC+ SUV,2025,electric,,28.3
Mercedes-Benz,AMG EQE 4MATIC+ Sedan,2023,electric,,28.3
Mercedes-Benz,AMG EQE 4MATIC+ Sedan,2024,electric,,28.6
Mercedes-Benz,AMG EQE 4MATIC+ Sedan,2025,electric,,29.9
Mercedes-Benz,AMG EQS 4MATIC+ Sedan,2023,electric,,27.9
Mercedes-Benz,AMG EQS 4MATIC+ Sedan,2024,electric,,25.5
Mercedes-Benz,AMG EQS 4MATIC+ Sedan,2025,electric,,26.7
Mercedes-Benz,AMG G 63,2016,petrol,5.5,18.5
Mercedes-Benz,AMG G 63,2017,petrol,5.5,18.5
Mercedes-Benz,AMG G 63,2018,petrol,5.5,17.9
Mercedes-Benz,AMG G 63,2019,petrol,4.0,17.0
Mercedes-Benz,AMG G 63,2020,petrol,4.0,17.0
Mercedes-Benz,AMG G 63 4x4 Squared,2022,petrol,4.0,20.2
Mercedes-Benz,AMG G 63 4x4 Squared SUV,2023,petrol,4.0,21.7
Mercedes-Benz,AMG G 63 4x4 Squared SUV,2024,petrol,4.0,21.7
Mercedes-Benz,AMG G 63 SUV,2021,petrol,4.0,17.2
Mercedes-Benz,AMG G 63 SUV,2022,petrol,4.0,17.6
Mercedes-Benz,AMG G 63 SUV,2023,petrol,4.0,17.7
Mercedes-Benz,AMG G 63 SUV,2024,petrol,4.0,17.7
Mercedes-Benz,AMG G 63 SUV,2025,petrol,4.0,16.2
Mercedes-Benz,AMG G 63 SUV,2026,petrol,4.0,16.2
Mercedes-Benz,AMG G 65,2016,petrol,6.0,21.4
Mercedes-Benz,AMG G 65,2017,petrol,6.0,20.3
Mercedes-Benz,AMG G 65,2018,petrol,6.0,20.3
Mercedes-Benz,AMG GL 63 S,2016,petrol,5.5,16.3
Mercedes-Benz,AMG GLA 35 4MATIC Coupe,2024,petrol,2.0,9.9
Mercedes-Benz,AMG GLA 35 4MATIC Coupe,2025,petrol,2.0,9.8
Mercedes-Benz,AMG GLA 35 4MATIC Coupe,2026,petrol,2.0,9.3
Mercedes-Benz,AMG GLA 35 4MATIC SUV,2021,petrol,2.0,9.4
Mercedes-Benz,AMG GLA 35 4MATIC SUV,2022,petrol,2.0,9.8
Mercedes-Benz,AMG GLA 35 4MATIC SUV,2023,petrol,2.0,9.5
Mercedes-Benz,AMG GLA 45,2016,petrol,2.0,9.3
Mercedes-Benz,AMG GLA 45 4MATIC,2017,petrol,2.0,10.0
Mercedes-Benz,AMG GLA 45 4MATIC,2018,petrol,2.0,9.6
Mercedes-Benz,AMG GLA 45 4MATIC,2019,petrol,2.0,9.6
Mercedes-Benz,AMG GLA 45 4MATIC SUV,2021,petrol,2.0,10.4
Mercedes-Benz,AMG GLA 45 4MATIC SUV,2022,petrol,2.0,11.1
Mercedes-Benz,AMG GLA 45 4MATIC SUV,2023,petrol,2.0,10.9
Mercedes-Benz,AMG GLB 35 4MATIC Coupe,2024,petrol,2.0,10.4
Mercedes-Benz,AMG GLB 35 4MATIC Coupe,2025,petrol,2.0,10.3
Mercedes-Benz,AMG GLB 35 4MATIC SUV,2022,petrol,2.0,11.2
Mercedes-Benz,AMG GLB 35 4MATIC SUV,2023,petrol,2.0,10.2
Mercedes-Benz,AMG GLB 35 SUV,2021,petrol,2.0,10.1
Mercedes-Benz,AMG GLC 43 4MATIC,2018,petrol,3.0,11.8
Mercedes-Benz,AMG GLC 43 4MATIC,2019,petrol,3.0,11.2
Mercedes-Benz,AMG GLC 43 4MATIC,2020,petrol,3.0,11.6
Mercedes-Benz,AMG GLC 43 4MATIC Coupe,2017,petrol,3.0,14.6
Mercedes-Benz,AMG GLC 43 4MATIC Coupe,2018,petrol,3.0,11.6
Mercedes-Benz,AMG GLC 43 4MATIC Coupe,2019,petrol,3.0,11.3
Mercedes-Benz,AMG GLC 43 4MATIC Coupe,2020,petrol,3.0,11.6
Mercedes-Benz,AMG GLC 43 4MATIC Coupe,2021,petrol,3.0,11.7
Mercedes-Benz,AMG GLC 43 4MATIC Coupe,2022,petrol,3.0,12.3
Mercedes-Benz,AMG GLC 43 4MATIC Coupe,2023,petrol,3.0,11.8
Mercedes-Benz,AMG GLC 43 4MATIC Coupe,2024,petrol,2.0,11.4
Mercedes-Benz,AMG GLC 43 4MATIC Coupe,2025,petrol,2.0,11.4
Mercedes-Benz,AMG GLC 43 4MATIC Coupe,2026,petrol,2.0,10.9
Mercedes-Benz,AMG GLC 43 4MATIC SUV,2021,petrol,3.0,11.6
Mercedes-Benz,AMG GLC 43 4MATIC SUV,2022,petrol,3.0,11.3
Mercedes-Benz,AMG GLC 43 4MATIC+ SUV,2024,petrol,2.0,11.2
Mercedes-Benz,AMG GLC 43 4MATIC+ SUV,2025,petrol,2.0,11.2
Mercedes-Benz,AMG GLC 43 4MATIC+ SUV,2026,petrol,2.0,10.8
Mercedes-Benz,AMG GLC 63 S 4MATIC+,2019,petrol,4.0,13.2
Mercedes-Benz,AMG GLC 63 S 4MATIC+,2020,petrol,4.0,13.2
Mercedes-Benz,AMG GLC 63 S 4MATIC+ Coupe,2019,petrol,4.0,13.2
Mercedes-Benz,AMG GLC 63 S 4MATIC+ Coupe,2020,petrol,4.0,13.2
Mercedes-Benz,AMG GLC 63 S 4MATIC+ Coupe,2021,petrol,4.0,13.2
Mercedes-Benz,AMG GLC 63 S 4MATIC+ SUV,2021,petrol,4.0,13.5
Mercedes-Benz,AMG GLC 63 S E PERFORMANCE Coupe,2026,hybrid,2.0,11.9
Mercedes-Benz,AMG GLC 63 S E PERFORMANCE SUV,2026,hybrid,2.0,11.9
Mercedes-Benz,AMG GLE 43 4MATIC,2017,petrol,3.0,12.0
Mercedes-Benz,AMG GLE 43 4MATIC,2018,petrol,3.0,12.1
Mercedes-Benz,AMG GLE 43 4MATIC,2019,petrol,3.0,12.4
Mercedes-Benz,AMG GLE 43 4MATIC Coupe,2017,petrol,3.0,12.0
Mercedes-Benz,AMG GLE 43 4MATIC Coupe,2018,petrol,3.0,12.2
Mercedes-Benz,AMG GLE 43 4MATIC Coupe,2019,petrol,3.0,12.6
Mercedes-Benz,AMG GLE 53 4MATIC+,2020,petrol,3.0,12.1
Mercedes-Benz,AMG GLE 53 4MATIC+ Coupe,2021,petrol,3.0,11.7
Mercedes-Benz,AMG GLE 53 4MATIC+ Coupe,2022,petrol,3.0,12.5
Mercedes-Benz,AMG GLE 53 4MATIC+ Coupe,2023,petrol,3.0,11.9
Mercedes-Benz,AMG GLE 53 4MATIC+ Coupe,2024,petrol,3.0,11.6
Mercedes-Benz,AMG GLE 53 4MATIC+ Coupe,2025,petrol,3.0,12.1
Mercedes-Benz,AMG GLE 53 4MATIC+ Coupe,2026,petrol,3.0,12.1
Mercedes-Benz,AMG GLE 53 4MATIC+ SUV,2021,petrol,3.0,12.1
Mercedes-Benz,AMG GLE 53 4MATIC+ SUV,2022,petrol,3.0,12.1
Mercedes-Benz,AMG GLE 53 4MATIC+ SUV,2023,petrol,3.0,12.2
Mercedes-Benz,AMG GLE 53 4MATIC+ SUV,2024,petrol,3.0,11.7
Mercedes-Benz,AMG GLE 53 4MATIC+ SUV,2025,petrol,3.0,11.7
Mercedes-Benz,AMG GLE 53 4MATIC+ SUV,2026,petrol,3.0,11.7
Mercedes-Benz,AMG GLE 63 S 4MATIC,2016,petrol,5.5,15.6
Mercedes-Benz,AMG GLE 63 S 4MATIC,2017,petrol,5.5,15.6
Mercedes-Benz,AMG GLE 63 S 4MATIC,2018,petrol,5.5,15.5
Mercedes-Benz,AMG GLE 63 S 4MATIC,2019,petrol,4.7,15.8
Mercedes-Benz,AMG GLE 63 S 4MATIC Coupe,2017,petrol,5.5,15.2
Mercedes-Benz,AMG GLE 63 S 4MATIC Coupe,2018,petrol,5.5,15.2
Mercedes-Benz,AMG GLE 63 S 4MATIC Coupe,2019,petrol,4.7,15.2
Mercedes-Benz,AMG GLE 63 S 4MATIC+ Coupe,2021,petrol,4.0,14.7
Mercedes-Benz,AMG GLE 63 S 4MATIC+ Coupe,2022,petrol,4.0,14.8
Mercedes-Benz,AMG GLE 63 S 4MATIC+ Coupe,2023,petrol,4.0,14.8
Mercedes-Benz,AMG GLE 63 S 4MATIC+ Coupe,2024,petrol,4.0,14.7
Mercedes-Benz,AMG GLE 63 S 4MATIC+ Coupe,2025,petrol,4.0,15.2
Mercedes-Benz,AMG GLE 63 S 4MATIC+ Coupe,2026,petrol,4.0,13.8
Mercedes-Benz,AMG GLE 63 S 4MATIC+ SUV,2021,petrol,4.0,14.5
Mercedes-Benz,AMG GLE 63 S 4MATIC+ SUV,2022,petrol,4.0,14.6
Mercedes-Benz,AMG GLE 63 S 4MATIC+ SUV,2023,petrol,4.0,14.7
Mercedes-Benz,AMG GLE 63 S 4MATIC+ SUV,2024,petrol,4.0,14.7
Mercedes-Benz,AMG GLE 63 S 4MATIC+ SUV,2025,petrol,4.0,15.2
Mercedes-Benz,AMG GLE 63 S 4MATIC+ SUV,2026,petrol,4.0,14.0
Mercedes-Benz,AMG GLE 63 S Coupe 4MATIC,2016,petrol,5.5,15.2
Mercedes-Benz,AMG GLS 63,2017,petrol,5.5,16.3
Mercedes-Benz,AMG GLS 63 4MATIC,2018,petrol,5.5,15.7
Mercedes-Benz,AMG GLS 63 4MATIC,2019,petrol,4.7,15.7
Mercedes-Benz,AMG GLS 63 4MATIC+ SUV,2021,petrol,4.0,14.8
Mercedes-Benz,AMG GLS 63 4MATIC+ SUV,2022,petrol,4.0,15.3
Mercedes-Benz,AMG GLS 63 4MATIC+ SUV,2023,petrol,4.0,15.1
Mercedes-Benz,AMG GLS 63 4MATIC+ SUV,2024,petrol,4.0,15.2
Mercedes-Benz,AMG GLS 63 4MATIC+ SUV,2025,petrol,4.0,15.3
Mercedes-Benz,AMG GLS 63 4MATIC+ SUV,2026,petrol,4.0,14.2
Mercedes-Benz,AMG GT 43 Coupe,2026,petrol,2.0,10.8
Mercedes-Benz,AMG GT 53 4MATIC+,2020,petrol,3.0,11.2
Mercedes-Benz,AMG GT 53 4MATIC+,2024,petrol,3.0,11.2
Mercedes-Benz,AMG GT 53 4MATIC+,2025,petrol,3.0,11.3
Mercedes-Benz,AMG GT 53 4MATIC+ 4-Door Coupe,2026,petrol,3.0,11.3
Mercedes-Benz,AMG GT 53 4MATIC+ Coupe,2019,petrol,3.0,11.2
Mercedes-Benz,AMG GT 53 4MATIC+ Coupe,2021,petrol,3.0,10.9
Mercedes-Benz,AMG GT 53 4MATIC+ Coupe,2022,petrol,3.0,11.0
Mercedes-Benz,AMG GT 53 4MATIC+ Coupe,2023,petrol,3.0,11.2
Mercedes-Benz,AMG GT 55 4MATIC+ Coupe,2024,petrol,4.0,15.0
Mercedes-Benz,AMG GT 55 4MATIC+ Coupe,2025,petrol,4.0,16.5
Mercedes-Benz,AMG GT 55 4MATIC+ Coupe,2026,petrol,4.0,14.8
Mercedes-Benz,AMG GT 63 4MATIC+,2020,petrol,4.0,13.7
Mercedes-Benz,AMG GT 63 4MATIC+,2024,petrol,4.0,13.5
Mercedes-Benz,AMG GT 63 4MATIC+,2025,petrol,4.0,13.5
Mercedes-Benz,AMG GT 63 4MATIC+ 4-Door Coupe,2026,petrol,4.0,13.5
Mercedes-Benz,AMG GT 63 4MATIC+ Coupe,2019,petrol,4.0,13.7
Mercedes-Benz,AMG GT 63 4MATIC+ Coupe,2021,petrol,4.0,13.7
Mercedes-Benz,AMG GT 63 4MATIC+ Coupe,2023,petrol,4.0,14.0
Mercedes-Benz,AMG GT 63 4MATIC+ Coupe,2024,petrol,4.0,15.0
Mercedes-Benz,AMG GT 63 4MATIC+ Coupe,2025,petrol,4.0,16.5
Mercedes-Benz,AMG GT 63 4MATIC+ Coupe,2026,petrol,4.0,15.1
Mercedes-Benz,AMG GT 63 PRO 4MATIC+ Coupe,2025,petrol,4.0,16.5
Mercedes-Benz,AMG GT 63 PRO 4MATIC+ Coupe,2026,petrol,4.0,14.8
Mercedes-Benz,AMG GT 63 S 4MATIC+,2020,petrol,4.0,13.7
Mercedes-Benz,AMG GT 63 S 4MATIC+ Coupe,2019,petrol,4.0,13.7
Mercedes-Benz,AMG GT 63 S 4MATIC+ Coupe,2021,petrol,4.0,13.3
Mercedes-Benz,AMG GT 63 S 4MATIC+ Coupe,2023,petrol,4.0,14.0
Mercedes-Benz,AMG GT 63 S E PERFORMANCE 4-Door Coupe,2026,hybrid,4.0,13.3
Mercedes-Benz,AMG GT 63 S E Performance,2024,hybrid,4.0,13.1
Mercedes-Benz,AMG GT 63 S E Performance,2025,hybrid,4.0,13.3
Mercedes-Benz,AMG GT Black Series Coupe,2021,petrol,4.0,13.9
Mercedes-Benz,AMG GT C Coupe,2018,petrol,4.0,13.8
Mercedes-Benz,AMG GT C Coupe,2019,petrol,4.0,13.5
Mercedes-Benz,AMG GT C Coupe,2020,petrol,4.0,13.5
Mercedes-Benz,AMG GT C Coupe,2021,petrol,4.0,14.2
Mercedes-Benz,AMG GT C Roadster,2018,petrol,4.0,13.8
Mercedes-Benz,AMG GT C Roadster,2019,petrol,4.0,13.5
Mercedes-Benz,AMG GT C Roadster,2020,petrol,4.0,14.0
Mercedes-Benz,AMG GT C Roadster,2021,petrol,4.0,14.1
Mercedes-Benz,AMG GT Coupe,2017,petrol,4.0,12.8
Mercedes-Benz,AMG GT Coupe,2018,petrol,4.0,12.8
Mercedes-Benz,AMG GT R Coupe,2018,petrol,4.0,13.9
Mercedes-Benz,AMG GT R Coupe,2019,petrol,4.0,14.0
Mercedes-Benz,AMG GT R Coupe,2020,petrol,4.0,14.0
Mercedes-Benz,AMG GT R Coupe,2021,petrol,4.0,14.4
Mercedes-Benz,AMG GT R Roadster,2020,petrol,4.0,14.0
Mercedes-Benz,AMG GT Roadster,2018,petrol,4.0,13.0
Mercedes-Benz,AMG GT S,2016,petrol,4.0,12.8
Mercedes-Benz,AMG GT S Coupe,2017,petrol,4.0,12.8
Mercedes-Benz,AMG GT S Coupe,2018,petrol,4.0,12.8
Mercedes-Benz,AMG S 63,2016,petrol,5.5,13.2
Mercedes-Benz,AMG S 63 4MATIC,2017,petrol,5.5,13.2
Mercedes-Benz,AMG S 63 4MATIC,2018,petrol,4.0,11.8
Mercedes-Benz,AMG S 63 4MATIC Cabriolet,2018,petrol,4.0,13.1
Mercedes-Benz,AMG S 63 4MATIC Coupe,2018,petrol,4.0,11.6
Mercedes-Benz,AMG S 63 4MATIC+,2019,petrol,4.0,11.8
Mercedes-Benz,AMG S 63 4MATIC+,2020,petrol,4.0,11.8
Mercedes-Benz,AMG S 63 4MATIC+ Cabriolet,2019,petrol,4.0,13.1
Mercedes-Benz,AMG S 63 4MATIC+ Cabriolet,2020,petrol,4.0,13.1
Mercedes-Benz,AMG S 63 4MATIC+ Cabriolet,2021,petrol,4.0,13.5
Mercedes-Benz,AMG S 63 4MATIC+ Coupe,2019,petrol,4.0,11.6
Mercedes-Benz,AMG S 63 4MATIC+ Coupe,2020,petrol,4.0,11.6
Mercedes-Benz,AMG S 63 4MATIC+ Coupe,2021,petrol,4.0,12.4
Mercedes-Benz,AMG S 63 Cabriolet,2017,petrol,5.5,13.8
Mercedes-Benz,AMG S 63 Coupe,2016,petrol,5.5,13.0
Mercedes-Benz,AMG S 63 Coupe,2017,petrol,5.5,13.0
Mercedes-Benz,AMG S 63 E PERFORMANCE Sedan,2026,hybrid,4.0,13.0
Mercedes-Benz,AMG S 63 E Performance,2024,hybrid,4.0,13.1
Mercedes-Benz,AMG S 63 E Performance,2025,hybrid,4.0,13.0
Mercedes-Benz,AMG S 65,2016,petrol,6.0,15.5
Mercedes-Benz,AMG S 65,2017,petrol,6.0,14.6
Mercedes-Benz,AMG S 65,2018,petrol,6.0,15.1
Mercedes-Benz,AMG S 65,2019,petrol,6.0,15.1
Mercedes-Benz,AMG S 65,2020,petrol,6.0,15.1
Mercedes-Benz,AMG S 65 Cabriolet,2017,petrol,6.0,14.3
Mercedes-Benz,AMG S 65 Cabriolet,2019,petrol,6.0,14.3
Mercedes-Benz,AMG S 65 Coupe,2016,petrol,6.0,15.0
Mercedes-Benz,AMG S 65 Coupe,2017,petrol,6.0,15.5
Mercedes-Benz,AMG S 65 Coupe,2019,petrol,6.0,14.6
Mercedes-Benz,AMG SL 43 4MATIC Roadster,2025,petrol,2.0,10.7
Mercedes-Benz,AMG SL 43 4MATIC Roadster,2026,petrol,2.0,10.7
Mercedes-Benz,AMG SL 55 4MATIC+ Roadster,2024,petrol,4.0,14.5
Mercedes-Benz,AMG SL 55 4MATIC+ Roadster,2025,petrol,4.0,15.1
Mercedes-Benz,AMG SL 55 4MATIC+ Roadster,2026,petrol,4.0,14.7
Mercedes-Benz,AMG SL 63,2016,petrol,5.5,12.4
Mercedes-Benz,AMG SL 63,2017,petrol,5.5,12.4
Mercedes-Benz,AMG SL 63,2018,petrol,5.5,12.4
Mercedes-Benz,AMG SL 63,2019,petrol,5.5,13.0
Mercedes-Benz,AMG SL 63 4MATIC+ Roadster,2022,petrol,4.0,14.5
Mercedes-Benz,AMG SL 63 4MATIC+ Roadster,2023,petrol,4.0,15.3
Mercedes-Benz,AMG SL 63 4MATIC+ Roadster,2024,petrol,4.0,14.5
Mercedes-Benz,AMG SL 63 4MATIC+ Roadster,2025,petrol,4.0,15.1
Mercedes-Benz,AMG SL 63 4MATIC+ Roadster,2026,petrol,4.0,14.7
Mercedes-Benz,AMG SL 65,2016,petrol,6.0,14.2
Mercedes-Benz,AMG SL 65,2017,petrol,6.0,14.5
Mercedes-Benz,AMG SL 65,2018,petrol,6.0,14.5
Mercedes-Benz,AMG SLC 43,2017,petrol,3.0,10.1
Mercedes-Benz,AMG SLC 43,2018,petrol,3.0,10.1
Mercedes-Benz,AMG SLC 43,2019,petrol,3.0,10.2
Mercedes-Benz,AMG SLC 43,2020,petrol,3.0,10.2
Mercedes-Benz,AMG SLK 55,2016,petrol,5.5,10.6
Mercedes-Benz,B 200,2007,petrol,2.0,8.1
Mercedes-Benz,B 200,2008,petrol,2.0,8.2
Mercedes-Benz,B 200,2009,petrol,2.0,8.2
Mercedes-Benz,B 200,2010,petrol,2.0,8.2
Mercedes-Benz,B 200,2011,petrol,2.0,8.2
Mercedes-Benz,B 200 #,2006,petrol,2.0,8.1
Mercedes-Benz,B 200 CVT,2007,petrol,2.0,8.3
Mercedes-Benz,B 200 CVT #,2006,petrol,2.0,8.3
Mercedes-Benz,B 200 CVT Turbo,2006,petrol,2.0,8.6
Mercedes-Benz,B 200 CVT Turbo,2007,petrol,2.0,8.6
Mercedes-Benz,B 200 Turbo,2006,petrol,2.0,8.7
Mercedes-Benz,B 200 Turbo,2007,petrol,2.0,8.7
Mercedes-Benz,B 200 Turbo,2008,petrol,2.0,8.7
Mercedes-Benz,B 200 Turbo,2009,petrol,2.0,8.7
Mercedes-Benz,B 200 Turbo,2010,petrol,2.0,8.65
Mercedes-Benz,B 200 Turbo,2011,petrol,2.0,8.65
Mercedes-Benz,B 250,2013,petrol,2.0,6.8
Mercedes-Benz,B 250,2014,petrol,2.0,6.8
Mercedes-Benz,B 250,2015,petrol,2.0,8.0
Mercedes-Benz,B 250,2016,petrol,2.0,8.0
Mercedes-Benz,B 250,2017,petrol,2.0,8.3
Mercedes-Benz,B 250,2018,petrol,2.0,8.4
Mercedes-Benz,B 250,2019,petrol,2.0,8.4
Mercedes-Benz,B 250 4MATIC,2015,petrol,2.0,8.9
Mercedes-Benz,B 250 4MATIC,2016,petrol,2.0,8.9
Mercedes-Benz,B 250 4MATIC,2018,petrol,2.0,9.1
Mercedes-Benz,B 250 4MATIC,2019,petrol,2.0,9.1
Mercedes-Benz,C 230,2008,petrol,2.5,9.75
Mercedes-Benz,C 230,2009,petrol,2.5,9.75
Mercedes-Benz,C 230 #,2006,petrol,2.5,9.5
Mercedes-Benz,C 230 4MATIC,2008,petrol,2.5,10.1
Mercedes-Benz,C 230 4MATIC,2009,petrol,2.5,10.1
Mercedes-Benz,C 230 Sport,2007,petrol,2.5,10.8
Mercedes-Benz,C 230 Sport #,2006,petrol,2.5,9.5
Mercedes-Benz,C 230K 1.8L Sport #,2005,petrol,1.8,8.6
Mercedes-Benz,C 230K 1.8L Sport Coupe #,2005,petrol,1.8,8.65
Mercedes-Benz,C 240 4MATIC,2005,petrol,2.6,10.7
Mercedes-Benz,C 240 4MATIC Wagon,2005,petrol,2.6,11.1
Mercedes-Benz,C 240 FFV,2005,petrol,2.6,10.5
Mercedes-Benz,C 240 Wagon FFV,2005,petrol,2.6,10.4
Mercedes-Benz,C 250,2010,petrol,2.5,9.7
Mercedes-Benz,C 250,2011,petrol,2.5,9.7
Mercedes-Benz,C 250,2012,petrol,1.8,8.1
Mercedes-Benz,C 250,2013,petrol,1.8,8.1
Mercedes-Benz,C 250,2014,petrol,1.8,8.1
Mercedes-Benz,C 250 4MATIC,2010,petrol,2.5,10.1
Mercedes-Benz,C 250 4MATIC,2011,petrol,2.5,10.1
Mercedes-Benz,C 250 4MATIC,2012,petrol,2.5,10.6
Mercedes-Benz,C 250 Coupe,2012,petrol,1.8,8.2
Mercedes-Benz,C 250 Coupe,2013,petrol,1.8,8.1
Mercedes-Benz,C 250 Coupe,2014,petrol,1.8,8.1
Mercedes-Benz,C 250 Coupe,2015,petrol,1.8,9.4
Mercedes-Benz,C 280,2007,petrol,3.0,9.4
Mercedes-Benz,C 280 #,2006,petrol,3.0,9.7
Mercedes-Benz,C 280 4MATIC,2007,petrol,3.0,10.3
Mercedes-Benz,C 280 4MATIC #,2006,petrol,3.0,10.4
Mercedes-Benz,C 300,2008,petrol,3.0,9.9
Mercedes-Benz,C 300,2009,petrol,3.0,9.95
Mercedes-Benz,C 300,2010,petrol,3.0,9.95
Mercedes-Benz,C 300,2011,petrol,3.0,9.9
Mercedes-Benz,C 300 (FFV),2009,petrol,3.0,9.9
Mercedes-Benz,C 300 4MATIC,2008,petrol,3.0,10.2
Mercedes-Benz,C 300 4MATIC,2009,petrol,3.0,10.2
Mercedes-Benz,C 300 4MATIC,2010,petrol,3.0,10.1
Mercedes-Benz,C 300 4MATIC,2011,petrol,3.0,10.1
Mercedes-Benz,C 300 4MATIC,2012,petrol,3.0,10.1
Mercedes-Benz,C 300 4MATIC,2015,petrol,2.0,9.0
Mercedes-Benz,C 300 4MATIC,2016,petrol,2.0,9.0
Mercedes-Benz,C 300 4MATIC,2017,petrol,2.0,9.0
Mercedes-Benz,C 300 4MATIC,2018,petrol,2.0,9.1
Mercedes-Benz,C 300 4MATIC,2019,petrol,2.0,9.4
Mercedes-Benz,C 300 4MATIC,2020,petrol,2.0,9.4
Mercedes-Benz,C 300 4MATIC Cabriolet,2017,petrol,2.0,9.5
Mercedes-Benz,C 300 4MATIC Cabriolet,2018,petrol,2.0,9.6
Mercedes-Benz,C 300 4MATIC Cabriolet,2019,petrol,2.0,9.9
Mercedes-Benz,C 300 4MATIC Cabriolet,2020,petrol,2.0,9.9
Mercedes-Benz,C 300 4MATIC Cabriolet,2021,petrol,2.0,9.5
Mercedes-Benz,C 300 4MATIC Cabriolet,2022,petrol,2.0,9.6
Mercedes-Benz,C 300 4MATIC Cabriolet,2023,petrol,2.0,9.5
Mercedes-Benz,C 300 4MATIC Coupe,2017,petrol,2.0,9.3
Mercedes-Benz,C 300 4MATIC Coupe,2018,petrol,2.0,9.3
Mercedes-Benz,C 300 4MATIC Coupe,2019,petrol,2.0,9.5
Mercedes-Benz,C 300 4MATIC Coupe,2020,petrol,2.0,9.5
Mercedes-Benz,C 300 4MATIC Coupe,2021,petrol,2.0,9.0
Mercedes-Benz,C 300 4MATIC Coupe,2022,petrol,2.0,9.3
Mercedes-Benz,C 300 4MATIC Coupe,2023,petrol,2.0,9.3
Mercedes-Benz,C 300 4MATIC FFV,2012,petrol,3.0,10.1
Mercedes-Benz,C 300 4MATIC FFV,2013,petrol,3.5,9.1
Mercedes-Benz,C 300 4MATIC FFV,2014,petrol,3.5,9.1
Mercedes-Benz,C 300 4MATIC Sedan,2021,petrol,2.0,8.7
Mercedes-Benz,C 300 4MATIC Sedan,2022,petrol,2.0,8.6
Mercedes-Benz,C 300 4MATIC Sedan,2023,petrol,2.0,8.6
Mercedes-Benz,C 300 4MATIC Sedan,2024,petrol,2.0,8.8
Mercedes-Benz,C 300 4MATIC Sedan,2025,petrol,2.0,8.7
Mercedes-Benz,C 300 4MATIC Sedan,2026,petrol,2.0,8.7
Mercedes-Benz,C 300 4MATIC Wagon,2018,petrol,2.0,9.5
Mercedes-Benz,C 300 4MATIC Wagon,2019,petrol,2.0,9.5
Mercedes-Benz,C 300 4MATIC Wagon,2020,petrol,2.0,9.5
Mercedes-Benz,C 300 4MATIC Wagon,2021,petrol,2.0,9.1
Mercedes-Benz,C 300 FFV,2008,petrol,3.0,9.9
Mercedes-Benz,C 300 Sedan,2026,petrol,2.0,8.1
Mercedes-Benz,C 320 4MATIC,2005,petrol,3.2,10.5
Mercedes-Benz,C 320 Sport,2005,petrol,3.2,10.7
Mercedes-Benz,C 320/C 320 Sport FFV,2005,petrol,3.2,10.2
Mercedes-Benz,C 320CL Sport Coupe,2005,petrol,3.2,11.5
Mercedes-Benz,C 320CL Sport Coupe FFV,2005,petrol,3.2,10.9
Mercedes-Benz,C 350,2008,petrol,3.5,10.3
Mercedes-Benz,C 350,2009,petrol,3.5,10.3
Mercedes-Benz,C 350,2010,petrol,3.5,10.3
Mercedes-Benz,C 350,2011,petrol,3.5,10.3
Mercedes-Benz,C 350,2012,petrol,3.5,9.1
Mercedes-Benz,C 350,2013,petrol,3.5,9.1
Mercedes-Benz,C 350,2014,petrol,3.5,9.1
Mercedes-Benz,C 350 4MATIC,2007,petrol,3.5,11.0
Mercedes-Benz,C 350 4MATIC,2008,petrol,3.5,10.6
Mercedes-Benz,C 350 4MATIC,2009,petrol,3.5,10.6
Mercedes-Benz,C 350 4MATIC,2010,petrol,3.5,10.5
Mercedes-Benz,C 350 4MATIC,2011,petrol,3.5,10.5
Mercedes-Benz,C 350 4MATIC,2012,petrol,3.5,9.1
Mercedes-Benz,C 350 4MATIC,2013,petrol,3.5,9.0
Mercedes-Benz,C 350 4MATIC,2014,petrol,3.5,9.0
Mercedes-Benz,C 350 4MATIC #,2006,petrol,3.5,11.0
Mercedes-Benz,C 350 4MATIC Coupe,2012,petrol,3.5,9.1
Mercedes-Benz,C 350 4MATIC Coupe,2014,petrol,3.5,9.2
Mercedes-Benz,C 350 4MATIC Coupe,2015,petrol,3.5,10.6
Mercedes-Benz,C 350 Coupe,2012,petrol,3.5,9.2
Mercedes-Benz,C 350 Coupe,2013,petrol,3.5,9.1
Mercedes-Benz,C 350 Coupe,2014,petrol,3.5,9.1
Mercedes-Benz,C 350 Coupe,2015,petrol,3.5,10.5
Mercedes-Benz,C 350 Coupe 4MATIC,2013,petrol,3.5,9.2
Mercedes-Benz,C 350 Sport,2007,petrol,3.5,9.9
Mercedes-Benz,C 350 Sport #,2006,petrol,3.5,9.85
Mercedes-Benz,C 400 4MATIC,2015,petrol,3.0,9.9
Mercedes-Benz,C 450 AMG Sport 4MATIC,2016,petrol,3.0,10.4
Mercedes-Benz,C 55 AMG,2005,petrol,5.4,12.7
Mercedes-Benz,C 55 AMG #,2006,petrol,5.4,12.2
Mercedes-Benz,C 63 AMG,2008,petrol,6.2,14.7
Mercedes-Benz,C 63 AMG,2009,petrol,6.2,14.1
Mercedes-Benz,C 63 AMG,2010,petrol,6.2,14.1
Mercedes-Benz,C 63 AMG,2011,petrol,6.2,13.9
Mercedes-Benz,C 63 AMG,2012,petrol,6.2,13.5
Mercedes-Benz,C 63 AMG,2013,petrol,6.2,13.3
Mercedes-Benz,C 63 AMG,2014,petrol,6.2,13.3
Mercedes-Benz,C 63 AMG Coupe,2012,petrol,6.2,13.6
Mercedes-Benz,C 63 AMG Coupe,2013,petrol,6.2,13.3
Mercedes-Benz,C 63 AMG Coupe,2014,petrol,6.2,13.6
Mercedes-Benz,C 63 AMG Coupe,2015,petrol,6.2,15.4
Mercedes-Benz,CL 500,2005,petrol,5.0,12.2
Mercedes-Benz,CL 500 #,2006,petrol,5.0,12.2
Mercedes-Benz,CL 55 AMG,2005,petrol,5.4,13.5
Mercedes-Benz,CL 550,2007,petrol,5.5,12.8
Mercedes-Benz,CL 550,2008,petrol,5.5,12.5
Mercedes-Benz,CL 550 4MATIC,2009,petrol,5.5,12.5
Mercedes-Benz,CL 550 4MATIC,2010,petrol,5.5,12.5
Mercedes-Benz,CL 550 4MATIC,2011,petrol,4.7,11.4
Mercedes-Benz,CL 550 4MATIC,2012,petrol,4.7,11.5
Mercedes-Benz,CL 550 4MATIC,2013,petrol,4.7,11.5
Mercedes-Benz,CL 550 4MATIC,2014,petrol,4.7,11.5
Mercedes-Benz,CL 55K AMG #,2006,petrol,5.4,13.3
Mercedes-Benz,CL 600,2005,petrol,5.5,15.3
Mercedes-Benz,CL 600,2009,petrol,5.5,16.0
Mercedes-Benz,CL 600,2010,petrol,5.5,15.4
Mercedes-Benz,CL 600,2011,petrol,5.5,14.7
Mercedes-Benz,CL 600,2012,petrol,5.5,15.0
Mercedes-Benz,CL 600,2013,petrol,5.5,15.0
Mercedes-Benz,CL 600 Turbo,2006,petrol,5.5,15.3
Mercedes-Benz,CL 600 Turbo,2007,petrol,6.0,15.3
Mercedes-Benz,CL 600 Turbo,2008,petrol,5.5,16.0
Mercedes-Benz,CL 63 AMG,2008,petrol,6.2,15.3
Mercedes-Benz,CL 63 AMG,2009,petrol,6.2,15.3
Mercedes-Benz,CL 63 AMG,2010,petrol,6.2,15.3
Mercedes-Benz,CL 63 AMG,2011,petrol,5.5,12.1
Mercedes-Benz,CL 63 AMG,2012,petrol,5.5,11.8
Mercedes-Benz,CL 63 AMG,2013,petrol,5.5,11.8
Mercedes-Benz,CL 63 AMG,2014,petrol,5.5,11.8
Mercedes-Benz,CL 65 AMG,2005,petrol,5.5,15.6
Mercedes-Benz,CL 65 AMG,2009,petrol,6.0,15.8
Mercedes-Benz,CL 65 AMG,2010,petrol,6.0,15.8
Mercedes-Benz,CL 65 AMG,2011,petrol,6.0,14.6
Mercedes-Benz,CL 65 AMG,2012,petrol,6.0,14.5
Mercedes-Benz,CL 65 AMG,2013,petrol,6.0,14.5
Mercedes-Benz,CL 65 AMG Turbo,2006,petrol,6.0,15.2
Mercedes-Benz,CL 65 AMG Turbo,2008,petrol,6.0,15.8
Mercedes-Benz,CLA 250,2014,petrol,2.0,6.6
Mercedes-Benz,CLA 250,2015,petrol,2.0,8.1
Mercedes-Benz,CLA 250,2016,petrol,2.0,8.1
Mercedes-Benz,CLA 250,2017,petrol,2.0,8.1
Mercedes-Benz,CLA 250,2018,petrol,2.0,8.2
Mercedes-Benz,CLA 250,2019,petrol,2.0,8.2
Mercedes-Benz,CLA 250 4MATIC,2015,petrol,2.0,8.8
Mercedes-Benz,CLA 250 4MATIC,2018,petrol,2.0,8.7
Mercedes-Benz,CLA 250 4MATIC,2019,petrol,2.0,8.7
Mercedes-Benz,CLA 250 4MATIC,2020,petrol,2.0,8.8
Mercedes-Benz,CLA 250 4MATIC Coupe,2021,petrol,2.0,8.6
Mercedes-Benz,CLA 250 4MATIC Coupe,2022,petrol,2.0,8.6
Mercedes-Benz,CLA 250 4MATIC Coupe,2023,petrol,2.0,8.6
Mercedes-Benz,CLA 250 4MATIC Coupe,2024,petrol,2.0,8.3
Mercedes-Benz,CLA 250 4MATIC Coupe,2025,petrol,2.0,8.2
Mercedes-Benz,CLA 250 4MATIC Coupe,2026,petrol,2.0,8.2
Mercedes-Benz,CLA 250 4MATIC FFV,2016,petrol,2.0,8.6
Mercedes-Benz,CLA 250 Coupe,2026,petrol,2.0,7.9
Mercedes-Benz,CLA 350 4MATIC with EQ Technology,2026,electric,,17.7
Mercedes-Benz,CLA 45 AMG,2015,petrol,2.0,9.1
Mercedes-Benz,CLA 45 AMG 4MATIC,2014,petrol,2.0,7.9
Mercedes-Benz,CLE 300 4MATIC Cabriolet,2024,petrol,2.0,8.9
Mercedes-Benz,CLE 300 4MATIC Cabriolet,2025,petrol,2.0,9.1
Mercedes-Benz,CLE 300 4MATIC Cabriolet,2026,petrol,2.0,8.6
Mercedes-Benz,CLE 300 4MATIC Coupe,2024,petrol,2.0,8.6
Mercedes-Benz,CLE 300 4MATIC Coupe,2025,petrol,2.0,8.6
Mercedes-Benz,CLE 300 4MATIC Coupe,2026,petrol,2.0,8.7
Mercedes-Benz,CLE 450 4MATIC Cabriolet,2025,petrol,3.0,8.9
Mercedes-Benz,CLE 450 4MATIC Cabriolet,2026,petrol,3.0,8.9
Mercedes-Benz,CLE 450 4MATIC Coupe,2025,petrol,3.0,9.0
Mercedes-Benz,CLE 450 4MATIC Coupe,2026,petrol,3.0,9.0
Mercedes-Benz,CLK 320,2005,petrol,3.2,10.0
Mercedes-Benz,CLK 320 Cabriolet,2005,petrol,3.2,10.2
Mercedes-Benz,CLK 350,2009,petrol,3.5,10.3
Mercedes-Benz,CLK 350 #,2006,petrol,3.5,10.2
Mercedes-Benz,CLK 350 Cabriolet,2007,petrol,3.5,10.3
Mercedes-Benz,CLK 350 Cabriolet,2009,petrol,3.5,10.3
Mercedes-Benz,CLK 350 Cabriolet #,2006,petrol,3.5,10.7
Mercedes-Benz,CLK 350 Convertible,2008,petrol,3.5,10.3
Mercedes-Benz,CLK 350 Coupe,2007,petrol,3.5,10.3
Mercedes-Benz,CLK 350 Coupe,2008,petrol,3.5,10.3
Mercedes-Benz,CLK 500,2005,petrol,5.4,11.6
Mercedes-Benz,CLK 500 #,2006,petrol,5.0,11.6
Mercedes-Benz,CLK 500 Cabriolet,2005,petrol,5.0,11.6
Mercedes-Benz,CLK 500 Cabriolet #,2006,petrol,5.0,11.6
Mercedes-Benz,CLK 55 AMG Cabriolet,2005,petrol,5.4,12.7
Mercedes-Benz,CLK 55 AMG Cabriolet #,2006,petrol,5.4,12.3
Mercedes-Benz,CLK 550,2009,petrol,5.5,12.0
Mercedes-Benz,CLK 550 Cabriolet,2007,petrol,5.5,12.1
Mercedes-Benz,CLK 550 Cabriolet,2009,petrol,5.5,12.2
Mercedes-Benz,CLK 550 Convertible,2008,petrol,5.5,12.2
Mercedes-Benz,CLK 550 Coupe,2007,petrol,5.5,12.0
Mercedes-Benz,CLK 550 Coupe,2008,petrol,5.5,12.0
Mercedes-Benz,CLK 55C AMG,2005,petrol,5.4,12.5
Mercedes-Benz,CLK 63 AMG,2009,petrol,6.2,14.7
Mercedes-Benz,CLK 63 AMG Cabriolet,2007,petrol,6.2,15.1
Mercedes-Benz,CLK 63 AMG Convertible,2008,petrol,6.2,15.0
Mercedes-Benz,CLS 400 4MATIC,2015,petrol,3.0,10.5
Mercedes-Benz,CLS 400 4MATIC,2016,petrol,3.0,10.7
Mercedes-Benz,CLS 450 4MATIC,2019,petrol,3.0,9.8
Mercedes-Benz,CLS 450 4MATIC,2020,petrol,3.0,9.1
Mercedes-Benz,CLS 450 4MATIC Coupe,2021,petrol,3.0,9.4
Mercedes-Benz,CLS 450 4MATIC Coupe,2022,petrol,3.0,9.8
Mercedes-Benz,CLS 450 4MATIC Coupe,2023,petrol,3.0,9.7
Mercedes-Benz,CLS 500 #,2006,petrol,5.0,12.8
Mercedes-Benz,CLS 55 AMG #,2006,petrol,5.4,13.7
Mercedes-Benz,CLS 550,2007,petrol,5.5,13.0
Mercedes-Benz,CLS 550,2008,petrol,5.5,12.6
Mercedes-Benz,CLS 550,2009,petrol,5.5,12.6
Mercedes-Benz,CLS 550,2010,petrol,5.5,12.6
Mercedes-Benz,CLS 550,2011,petrol,5.5,12.9
Mercedes-Benz,CLS 550 4MATIC,2012,petrol,4.7,10.7
Mercedes-Benz,CLS 550 4MATIC,2013,petrol,4.7,10.7
Mercedes-Benz,CLS 550 4MATIC,2014,petrol,4.7,10.1
Mercedes-Benz,CLS 550 4MATIC,2015,petrol,4.7,12.5
Mercedes-Benz,CLS 550 4MATIC,2016,petrol,4.7,11.7
Mercedes-Benz,CLS 550 4MATIC,2017,petrol,4.7,11.7
Mercedes-Benz,CLS 63 AMG,2008,petrol,6.2,14.8
Mercedes-Benz,CLS 63 AMG,2009,petrol,6.2,14.8
Mercedes-Benz,CLS 63 AMG,2010,petrol,6.2,14.8
Mercedes-Benz,CLS 63 AMG,2011,petrol,6.2,14.8
Mercedes-Benz,CLS 63 AMG,2012,petrol,5.5,11.4
Mercedes-Benz,CLS 63 AMG,2013,petrol,5.5,11.4
Mercedes-Benz,CLS 63 AMG #,2007,petrol,6.2,14.7
Mercedes-Benz,CLS 63 AMG 4MATIC,2014,petrol,5.5,11.5
Mercedes-Benz,CLS 63 AMG 4MATIC,2015,petrol,5.5,13.1
Mercedes-Benz,CLS 63 AMG S 4MATIC,2014,petrol,5.5,11.5
Mercedes-Benz,E 250 BlueTec 4MATIC,2014,diesel,2.1,6.1
Mercedes-Benz,E 250 BlueTec 4MATIC,2015,diesel,2.1,7.4
Mercedes-Benz,E 250 BlueTec 4MATIC,2016,diesel,2.1,7.4
Mercedes-Benz,E 280 4MATIC,2007,petrol,3.0,11.2
Mercedes-Benz,E 300 4MATIC,2008,petrol,3.0,10.8
Mercedes-Benz,E 300 4MATIC,2009,petrol,3.0,10.8
Mercedes-Benz,E 300 4MATIC,2012,petrol,3.5,9.3
Mercedes-Benz,E 300 4MATIC,2013,petrol,3.5,9.3
Mercedes-Benz,E 300 4MATIC,2014,petrol,3.5,8.8
Mercedes-Benz,E 300 4MATIC,2015,petrol,3.5,10.2
Mercedes-Benz,E 300 4MATIC,2016,petrol,3.5,10.2
Mercedes-Benz,E 300 4MATIC,2017,petrol,2.0,9.5
Mercedes-Benz,E 300 4MATIC,2018,petrol,2.0,9.7
Mercedes-Benz,E 300 4MATIC,2019,petrol,2.0,9.7
Mercedes-Benz,E 320,2005,petrol,3.2,10.1
Mercedes-Benz,E 320 4MATIC,2005,petrol,3.2,10.7
Mercedes-Benz,E 320 4MATIC Wagon,2005,petrol,3.2,11.1
Mercedes-Benz,E 320 BlueTec,2009,diesel,3.0,7.7
Mercedes-Benz,E 320 BlueTec Turbo,2008,diesel,3.0,7.7
Mercedes-Benz,E 320 CDI Diesel,2005,diesel,3.2,7.5
Mercedes-Benz,E 320 CDI Turbo,2006,diesel,3.2,7.5
Mercedes-Benz,E 320 CDI Turbo,2007,diesel,3.0,7.6
Mercedes-Benz,E 320 Wagon,2005,petrol,3.2,10.1
Mercedes-Benz,E 350 #,2006,petrol,3.5,10.4
Mercedes-Benz,E 350 4MATIC,2007,petrol,3.5,11.1
Mercedes-Benz,E 350 4MATIC,2008,petrol,3.5,11.2
Mercedes-Benz,E 350 4MATIC,2009,petrol,3.5,11.1
Mercedes-Benz,E 350 4MATIC,2010,petrol,3.5,10.7
Mercedes-Benz,E 350 4MATIC,2011,petrol,3.5,10.7
Mercedes-Benz,E 350 4MATIC,2012,petrol,3.5,9.2
Mercedes-Benz,E 350 4MATIC,2013,petrol,3.5,9.2
Mercedes-Benz,E 350 4MATIC,2014,petrol,3.5,8.6
Mercedes-Benz,E 350 4MATIC,2020,petrol,2.0,9.4
Mercedes-Benz,E 350 4MATIC #,2006,petrol,3.5,11.0
Mercedes-Benz,E 350 4MATIC Coupe,2012,petrol,3.5,9.4
Mercedes-Benz,E 350 4MATIC Coupe,2013,petrol,3.5,9.3
Mercedes-Benz,E 350 4MATIC Coupe,2014,petrol,3.5,9.0
Mercedes-Benz,E 350 4MATIC Sedan,2021,petrol,2.0,9.4
Mercedes-Benz,E 350 4MATIC Sedan,2022,petrol,2.0,9.8
Mercedes-Benz,E 350 4MATIC Sedan,2023,petrol,2.0,9.7
Mercedes-Benz,E 350 4MATIC Sedan,2024,petrol,2.0,8.6
Mercedes-Benz,E 350 4MATIC Sedan,2025,petrol,2.0,8.7
Mercedes-Benz,E 350 4MATIC Sedan,2026,petrol,2.0,8.7
Mercedes-Benz,E 350 4MATIC Wagon,2007,petrol,3.5,11.4
Mercedes-Benz,E 350 4MATIC Wagon,2008,petrol,3.5,11.6
Mercedes-Benz,E 350 4MATIC Wagon,2009,petrol,3.5,11.5
Mercedes-Benz,E 350 4MATIC Wagon,2011,petrol,3.5,10.9
Mercedes-Benz,E 350 4MATIC Wagon,2012,petrol,3.5,9.5
Mercedes-Benz,E 350 4MATIC Wagon,2013,petrol,3.5,9.5
Mercedes-Benz,E 350 4MATIC Wagon,2014,petrol,3.5,9.1
Mercedes-Benz,E 350 4MATIC Wagon #,2006,petrol,3.5,11.4
Mercedes-Benz,E 350 BlueTec,2011,diesel,3.0,8.1
Mercedes-Benz,E 350 BlueTec,2012,diesel,3.0,7.8
Mercedes-Benz,E 350 BlueTec,2013,diesel,3.0,7.8
Mercedes-Benz,E 350 Cabriolet,2011,petrol,3.5,10.3
Mercedes-Benz,E 350 Cabriolet,2012,petrol,3.5,9.4
Mercedes-Benz,E 350 Cabriolet,2014,petrol,3.5,9.0
Mercedes-Benz,E 350 Cabriolet FFV,2013,petrol,3.5,9.1
Mercedes-Benz,E 350 Coupe,2010,petrol,3.5,10.0
Mercedes-Benz,E 350 Coupe,2011,petrol,3.5,9.9
Mercedes-Benz,E 350 Coupe,2012,petrol,3.5,9.2
Mercedes-Benz,E 350 Coupe,2014,petrol,3.5,8.9
Mercedes-Benz,E 350 Coupe FFV,2013,petrol,3.5,9.0
Mercedes-Benz,E 350 Wagon #,2006,petrol,3.5,10.8
Mercedes-Benz,E 400 4MATIC,2015,petrol,3.0,10.4
Mercedes-Benz,E 400 4MATIC,2016,petrol,3.0,10.4
Mercedes-Benz,E 400 4MATIC,2017,petrol,3.0,10.4
Mercedes-Benz,E 400 4MATIC,2018,petrol,3.0,10.4
Mercedes-Benz,E 400 4MATIC Cabriolet,2018,petrol,3.0,10.8
Mercedes-Benz,E 400 4MATIC Coupe,2016,petrol,3.0,10.2
Mercedes-Benz,E 400 4MATIC Coupe,2018,petrol,3.0,10.6
Mercedes-Benz,E 400 4MATIC Wagon,2015,petrol,3.5,10.8
Mercedes-Benz,E 400 4MATIC Wagon,2016,petrol,3.0,10.8
Mercedes-Benz,E 400 4MATIC Wagon,2017,petrol,3.0,11.0
Mercedes-Benz,E 400 4MATIC Wagon,2018,petrol,3.0,11.1
Mercedes-Benz,E 400 Cabriolet,2015,petrol,3.5,10.0
Mercedes-Benz,E 400 Cabriolet,2016,petrol,3.0,10.0
Mercedes-Benz,E 400 Cabriolet,2017,petrol,3.0,10.0
Mercedes-Benz,E 400 Coupe,2015,petrol,3.5,10.2
Mercedes-Benz,E 400 Coupe,2017,petrol,3.0,10.2
Mercedes-Benz,E 400 Hybrid,2013,hybrid,3.5,7.6
Mercedes-Benz,E 400 Hybrid,2014,hybrid,3.5,7.5
Mercedes-Benz,E 450 4MATIC,2019,petrol,3.0,10.3
Mercedes-Benz,E 450 4MATIC,2020,petrol,3.0,10.4
Mercedes-Benz,E 450 4MATIC All-Terrain Wagon,2021,petrol,3.0,9.6
Mercedes-Benz,E 450 4MATIC All-Terrain Wagon,2022,petrol,3.0,9.8
Mercedes-Benz,E 450 4MATIC All-Terrain Wagon,2023,petrol,3.0,10.0
Mercedes-Benz,E 450 4MATIC All-Terrain Wagon,2026,petrol,3.0,9.3
Mercedes-Benz,E 450 4MATIC Cabriolet,2019,petrol,3.0,11.6
Mercedes-Benz,E 450 4MATIC Cabriolet,2020,petrol,3.0,11.6
Mercedes-Benz,E 450 4MATIC Cabriolet,2021,petrol,3.0,9.3
Mercedes-Benz,E 450 4MATIC Cabriolet,2022,petrol,3.0,9.9
Mercedes-Benz,E 450 4MATIC Cabriolet,2023,petrol,3.0,9.9
Mercedes-Benz,E 450 4MATIC Coupe,2019,petrol,3.0,11.0
Mercedes-Benz,E 450 4MATIC Coupe,2020,petrol,3.0,11.0
Mercedes-Benz,E 450 4MATIC Coupe,2021,petrol,3.0,9.3
Mercedes-Benz,E 450 4MATIC Coupe,2022,petrol,3.0,9.6
Mercedes-Benz,E 450 4MATIC Coupe,2023,petrol,3.0,9.6
Mercedes-Benz,E 450 4MATIC Sedan,2021,petrol,3.0,9.2
Mercedes-Benz,E 450 4MATIC Sedan,2022,petrol,3.0,9.3
Mercedes-Benz,E 450 4MATIC Sedan,2023,petrol,3.0,9.3
Mercedes-Benz,E 450 4MATIC Sedan,2024,petrol,3.0,9.4
Mercedes-Benz,E 450 4MATIC Sedan,2025,petrol,3.0,9.4
Mercedes-Benz,E 450 4MATIC Sedan,2026,petrol,3.0,9.4
Mercedes-Benz,E 450 4MATIC Wagon,2019,petrol,3.0,10.8
Mercedes-Benz,E 450 4MATIC Wagon,2020,petrol,3.0,10.8
Mercedes-Benz,E 500,2005,petrol,5.0,11.6
Mercedes-Benz,E 500 #,2006,petrol,5.0,11.6
Mercedes-Benz,E 500 4MATIC,2005,petrol,5.0,12.9
Mercedes-Benz,E 500 4MATIC #,2006,petrol,5.0,12.8
Mercedes-Benz,E 500 4MATIC Wagon,2005,petrol,5.0,13.1
Mercedes-Benz,E 500 4MATIC Wagon #,2006,petrol,5.0,13.1
Mercedes-Benz,E 55 AMG,2005,petrol,5.0,13.8
Mercedes-Benz,E 55 AMG #,2006,petrol,5.4,13.3
Mercedes-Benz,E 55 AMG Wagon #,2006,petrol,5.4,13.5
Mercedes-Benz,E 550 4MATIC,2007,petrol,5.5,13.1
Mercedes-Benz,E 550 4MATIC,2008,petrol,5.5,13.4
Mercedes-Benz,E 550 4MATIC,2009,petrol,5.5,13.4
Mercedes-Benz,E 550 4MATIC,2010,petrol,5.5,11.5
Mercedes-Benz,E 550 4MATIC,2011,petrol,5.5,11.7
Mercedes-Benz,E 550 4MATIC,2012,petrol,4.7,10.7
Mercedes-Benz,E 550 4MATIC,2013,petrol,4.7,10.7
Mercedes-Benz,E 550 4MATIC,2014,petrol,4.7,10.1
Mercedes-Benz,E 550 4MATIC,2015,petrol,4.7,11.4
Mercedes-Benz,E 550 4MATIC,2016,petrol,4.7,11.4
Mercedes-Benz,E 550 Cabriolet,2011,petrol,5.5,11.9
Mercedes-Benz,E 550 Cabriolet,2012,petrol,4.7,10.2
Mercedes-Benz,E 550 Cabriolet,2013,petrol,4.7,10.2
Mercedes-Benz,E 550 Cabriolet,2014,petrol,4.7,10.2
Mercedes-Benz,E 550 Cabriolet,2015,petrol,4.7,11.7
Mercedes-Benz,E 550 Cabriolet,2016,petrol,4.7,11.7
Mercedes-Benz,E 550 Cabriolet,2017,petrol,4.7,11.7
Mercedes-Benz,E 550 Coupe,2010,petrol,5.5,11.6
Mercedes-Benz,E 550 Coupe,2011,petrol,5.5,11.6
Mercedes-Benz,E 550 Coupe,2012,petrol,4.7,10.0
Mercedes-Benz,E 550 Coupe,2013,petrol,4.7,10.0
Mercedes-Benz,E 550 Coupe,2014,petrol,4.7,9.9
Mercedes-Benz,E 550 Coupe,2015,petrol,4.7,11.4
Mercedes-Benz,E 550 Coupe,2016,petrol,4.7,11.4
Mercedes-Benz,E 550 Coupe,2017,petrol,4.7,11.4
Mercedes-Benz,E 63 AMG,2009,petrol,6.2,13.5
Mercedes-Benz,E 63 AMG,2010,petrol,6.2,13.7
Mercedes-Benz,E 63 AMG,2011,petrol,6.2,13.7
Mercedes-Benz,E 63 AMG,2012,petrol,5.5,11.4
Mercedes-Benz,E 63 AMG,2013,petrol,5.5,11.4
Mercedes-Benz,E 63 AMG #,2007,petrol,6.2,14.3
Mercedes-Benz,E 63 AMG 4MATIC,2014,petrol,5.5,11.3
Mercedes-Benz,E 63 AMG 4MATIC Wagon,2014,petrol,5.5,11.8
Mercedes-Benz,E 63 AMG S 4MATIC,2014,petrol,5.5,11.3
Mercedes-Benz,E 63 AMG S 4MATIC,2015,petrol,5.5,13.3
Mercedes-Benz,E 63 AMG S 4MATIC Wagon,2014,petrol,5.5,11.8
Mercedes-Benz,E 63 AMG S 4MATIC Wagon,2015,petrol,5.5,13.3
Mercedes-Benz,E 63 AMG Sedan,2008,petrol,6.2,14.3
Mercedes-Benz,E 63 AMG Wagon,2012,petrol,5.5,11.6
Mercedes-Benz,E 63 AMG Wagon,2013,petrol,5.5,11.6
Mercedes-Benz,E 63 AMG Wagon #,2007,petrol,5.5,14.6
Mercedes-Benz,EQB 250+,2023,electric,,19.9
Mercedes-Benz,EQB 250+,2024,electric,,21.7
Mercedes-Benz,EQB 250+,2025,electric,,19.6
Mercedes-Benz,EQB 300 4MATIC,2024,electric,,24.0
Mercedes-Benz,EQB 300 4MATIC,2025,electric,,24.0
Mercedes-Benz,EQB 350 4MATIC SUV,2022,electric,,21.7
Mercedes-Benz,EQB 350 4MATIC SUV,2023,electric,,21.7
Mercedes-Benz,EQE 320 4MATIC SUV,2026,electric,,26.1
Mercedes-Benz,EQE 320 4MATIC Sedan,2026,electric,,24.4
Mercedes-Benz,EQE 350 4MATIC SUV,2023,electric,,25.9
Mercedes-Benz,EQE 350 4MATIC SUV,2024,electric,,24.9
Mercedes-Benz,EQE 350 4MATIC SUV,2025,electric,,26.1
Mercedes-Benz,EQE 350 4MATIC Sedan,2023,electric,,24.2
Mercedes-Benz,EQE 350 4MATIC Sedan,2024,electric,,23.0
Mercedes-Benz,EQE 350 4MATIC Sedan,2025,electric,,24.4
Mercedes-Benz,EQE 500 4MATIC SUV,2023,electric,,23.7
Mercedes-Benz,EQE 500 4MATIC SUV,2024,electric,,24.0
Mercedes-Benz,EQE 500 4MATIC SUV,2025,electric,,26.1
Mercedes-Benz,EQE 500 4MATIC Sedan,2023,electric,,25.2
Mercedes-Benz,EQE 500 4MATIC Sedan,2024,electric,,23.6
Mercedes-Benz,EQE 500 4MATIC Sedan,2025,electric,,24.6
Mercedes-Benz,EQS 400 4MATIC SUV,2026,electric,,26.5
Mercedes-Benz,EQS 450 4MATIC SUV,2023,electric,,26.7
Mercedes-Benz,EQS 450 4MATIC SUV,2024,electric,,25.2
Mercedes-Benz,EQS 450 4MATIC SUV,2025,electric,,26.5
Mercedes-Benz,EQS 450 4MATIC Sedan,2023,electric,,20.3
Mercedes-Benz,EQS 450 4MATIC Sedan,2024,electric,,22.0
Mercedes-Benz,EQS 450 4MATIC Sedan,2025,electric,,22.8
Mercedes-Benz,EQS 450 4MATIC Sedan,2026,electric,,22.8
Mercedes-Benz,EQS 550 4MATIC SUV,2026,electric,,26.1
Mercedes-Benz,EQS 580 4MATIC SUV,2023,electric,,27.3
Mercedes-Benz,EQS 580 4MATIC SUV,2024,electric,,25.2
Mercedes-Benz,EQS 580 4MATIC SUV,2025,electric,,26.1
Mercedes-Benz,EQS 580 4MATIC Sedan,2022,electric,,22.4
Mercedes-Benz,EQS 580 4MATIC Sedan,2023,electric,,23.0
Mercedes-Benz,EQS 580 4MATIC Sedan,2024,electric,,21.8
Mercedes-Benz,EQS 580 4MATIC Sedan,2025,electric,,22.4
Mercedes-Benz,EQS 580 4MATIC Sedan,2026,electric,,22.4
Mercedes-Benz,G 500,2008,petrol,5.0,16.2
Mercedes-Benz,G 55 AMG,2010,petrol,5.4,16.9
Mercedes-Benz,G 55 AMG,2011,petrol,5.4,17.5
Mercedes-Benz,G 55 AMG #,2009,petrol,5.4,16.9
Mercedes-Benz,G 55 AMG Kompressor #,2008,petrol,5.4,17.6
Mercedes-Benz,G 550,2009,petrol,5.5,16.5
Mercedes-Benz,G 550,2010,petrol,5.5,16.5
Mercedes-Benz,G 550,2011,petrol,5.5,16.5
Mercedes-Benz,G 550,2012,petrol,5.5,16.3
Mercedes-Benz,G 550,2013,petrol,5.5,16.1
Mercedes-Benz,G 550,2014,petrol,5.5,16.1
Mercedes-Benz,G 550,2015,petrol,5.5,18.2
Mercedes-Benz,G 550,2016,petrol,5.5,17.9
Mercedes-Benz,G 550,2017,petrol,4.0,17.9
Mercedes-Benz,G 550,2018,petrol,4.0,17.5
Mercedes-Benz,G 550,2019,petrol,4.0,16.3
Mercedes-Benz,G 550,2020,petrol,4.0,16.3
Mercedes-Benz,G 550 SUV,2021,petrol,4.0,13.1
Mercedes-Benz,G 550 SUV,2022,petrol,4.0,15.1
Mercedes-Benz,G 550 SUV,2023,petrol,4.0,16.3
Mercedes-Benz,G 550 SUV,2024,petrol,4.0,16.3
Mercedes-Benz,G 550 SUV,2025,petrol,3.0,13.1
Mercedes-Benz,G 550 SUV,2026,petrol,3.0,13.1
Mercedes-Benz,G 580 with EQ Technology,2025,electric,,33.6
Mercedes-Benz,G 580 with EQ Technology,2026,electric,,33.6
Mercedes-Benz,G 63 AMG,2013,petrol,5.5,15.7
Mercedes-Benz,G 63 AMG,2014,petrol,5.5,15.7
Mercedes-Benz,G 63 AMG,2015,petrol,5.5,18.5
Mercedes-Benz,G500,2005,petrol,5.0,17.0
Mercedes-Benz,G55 AMG,2005,petrol,5.4,17.7
Mercedes-Benz,GL 320 BlueTec 4MATIC,2009,diesel,3.0,10.8
Mercedes-Benz,GL 320 CDI,2007,diesel,3.0,10.2
Mercedes-Benz,GL 320 CDI 4MATIC Turbo,2008,diesel,3.0,10.1
Mercedes-Benz,GL 350 BlueTec,2010,diesel,3.0,10.7
Mercedes-Benz,GL 350 BlueTec 4MATIC,2011,diesel,3.0,10.8
Mercedes-Benz,GL 350 BlueTec 4MATIC,2012,diesel,3.0,11.2
Mercedes-Benz,GL 350 BlueTec 4MATIC,2013,diesel,3.0,9.4
Mercedes-Benz,GL 350 BlueTec 4MATIC,2014,diesel,3.0,10.4
Mercedes-Benz,GL 350 BlueTec 4MATIC,2015,diesel,3.0,12.0
Mercedes-Benz,GL 350 BlueTec 4MATIC,2016,diesel,3.0,12.0
Mercedes-Benz,GL 450,2007,petrol,4.6,14.2
Mercedes-Benz,GL 450 4MATC,2008,petrol,4.7,13.7
Mercedes-Benz,GL 450 4MATIC,2009,petrol,4.7,14.2
Mercedes-Benz,GL 450 4MATIC,2010,petrol,4.7,14.3
Mercedes-Benz,GL 450 4MATIC,2011,petrol,4.7,14.3
Mercedes-Benz,GL 450 4MATIC,2013,petrol,4.7,13.6
Mercedes-Benz,GL 450 4MATIC,2014,petrol,4.7,13.4
Mercedes-Benz,GL 450 4MATIC,2015,petrol,3.0,14.0
Mercedes-Benz,GL 450 4MATIC,2016,petrol,3.0,14.0
Mercedes-Benz,GL 550 4MATIC,2008,petrol,5.5,14.4
Mercedes-Benz,GL 550 4MATIC,2009,petrol,5.5,14.4
Mercedes-Benz,GL 550 4MATIC,2010,petrol,5.5,14.8
Mercedes-Benz,GL 550 4MATIC,2011,petrol,5.5,14.8
Mercedes-Benz,GL 550 4MATIC,2013,petrol,4.7,13.7
Mercedes-Benz,GL 550 4MATIC,2014,petrol,4.7,13.7
Mercedes-Benz,GL 550 4MATIC,2015,petrol,4.7,15.6
Mercedes-Benz,GL 550 4MATIC,2016,petrol,4.7,15.5
Mercedes-Benz,GL 63 AMG,2013,petrol,5.5,13.9
Mercedes-Benz,GL 63 AMG,2014,petrol,5.5,13.9
Mercedes-Benz,GL 63 AMG,2015,petrol,5.5,16.3
Mercedes-Benz,GLA 250 4MATIC,2015,petrol,2.0,8.7
Mercedes-Benz,GLA 250 4MATIC,2016,petrol,2.0,8.7
Mercedes-Benz,GLA 250 4MATIC,2017,petrol,2.0,9.1
Mercedes-Benz,GLA 250 4MATIC,2018,petrol,2.0,9.0
Mercedes-Benz,GLA 250 4MATIC,2019,petrol,2.0,9.0
Mercedes-Benz,GLA 250 4MATIC,2020,petrol,2.0,9.0
Mercedes-Benz,GLA 250 4MATIC SUV,2021,petrol,2.0,8.7
Mercedes-Benz,GLA 250 4MATIC SUV,2022,petrol,2.0,9.0
Mercedes-Benz,GLA 250 4MATIC SUV,2023,petrol,2.0,9.0
Mercedes-Benz,GLA 250 4MATIC SUV,2024,petrol,2.0,8.6
Mercedes-Benz,GLA 250 4MATIC SUV,2025,petrol,2.0,8.4
Mercedes-Benz,GLA 250 4MATIC SUV,2026,petrol,2.0,8.4
Mercedes-Benz,GLA 250 SUV,2026,petrol,2.0,8.2
Mercedes-Benz,GLA 45 AMG 4MATIC,2015,petrol,2.0,9.4
Mercedes-Benz,GLB 250 4MATIC,2020,petrol,2.0,9.0
Mercedes-Benz,GLB 250 4MATIC SUV,2021,petrol,2.0,9.2
Mercedes-Benz,GLB 250 4MATIC SUV,2022,petrol,2.0,9.5
Mercedes-Benz,GLB 250 4MATIC SUV,2023,petrol,2.0,9.4
Mercedes-Benz,GLB 250 4MATIC SUV,2024,petrol,2.0,8.7
Mercedes-Benz,GLB 250 4MATIC SUV,2025,petrol,2.0,8.6
Mercedes-Benz,GLB 250 4MATIC SUV,2026,petrol,2.0,8.6
Mercedes-Benz,GLB 250 SUV,2026,petrol,2.0,8.3
Mercedes-Benz,GLC 300 4MATIC,2017,petrol,2.0,10.0
Mercedes-Benz,GLC 300 4MATIC,2018,petrol,2.0,10.0
Mercedes-Benz,GLC 300 4MATIC,2019,petrol,2.0,10.0
Mercedes-Benz,GLC 300 4MATIC,2020,petrol,2.0,10.0
Mercedes-Benz,GLC 300 4MATIC Coupe,2018,petrol,2.0,10.0
Mercedes-Benz,GLC 300 4MATIC Coupe,2019,petrol,2.0,10.0
Mercedes-Benz,GLC 300 4MATIC Coupe,2020,petrol,2.0,10.0
Mercedes-Benz,GLC 300 4MATIC Coupe,2021,petrol,2.0,9.6
Mercedes-Benz,GLC 300 4MATIC Coupe,2022,petrol,2.0,10.1
Mercedes-Benz,GLC 300 4MATIC Coupe,2023,petrol,2.0,10.9
Mercedes-Benz,GLC 300 4MATIC Coupe,2024,petrol,2.0,9.0
Mercedes-Benz,GLC 300 4MATIC Coupe,2025,petrol,2.0,9.0
Mercedes-Benz,GLC 300 4MATIC Coupe,2026,petrol,2.0,9.0
Mercedes-Benz,GLC 300 4MATIC SUV,2021,petrol,2.0,10.0
Mercedes-Benz,GLC 300 4MATIC SUV,2022,petrol,2.0,10.4
Mercedes-Benz,GLC 300 4MATIC SUV,2023,petrol,2.0,9.8
Mercedes-Benz,GLC 300 4MATIC SUV,2024,petrol,2.0,9.0
Mercedes-Benz,GLC 300 4MATIC SUV,2025,petrol,2.0,8.9
Mercedes-Benz,GLC 300 4MATIC SUV,2026,petrol,2.0,8.9
Mercedes-Benz,GLC 350e 4MATIC,2018,hybrid,2.0,9.3
Mercedes-Benz,GLC 350e 4MATIC,2019,hybrid,2.0,9.3
Mercedes-Benz,GLC 350e 4MATIC,2020,hybrid,2.0,9.4
Mercedes-Benz,GLC 350e 4MATIC SUV,2025,hybrid,2.0,9.4
Mercedes-Benz,GLC 350e 4MATIC SUV,2026,hybrid,2.0,9.5
Mercedes-Benz,GLC 63 S E Performance Coupe,2025,hybrid,2.0,11.9
Mercedes-Benz,GLC 63 S E Performance SUV,2025,hybrid,2.0,11.9
Mercedes-Benz,GLE 350 4MATIC,2020,petrol,2.0,10.6
Mercedes-Benz,GLE 350 4MATIC SUV,2021,petrol,2.0,10.8
Mercedes-Benz,GLE 350 4MATIC SUV,2022,petrol,2.0,10.7
Mercedes-Benz,GLE 350 4MATIC SUV,2023,petrol,2.0,11.0
Mercedes-Benz,GLE 350 4MATIC SUV,2024,petrol,2.0,10.2
Mercedes-Benz,GLE 350 4MATIC SUV,2025,petrol,2.0,10.8
Mercedes-Benz,GLE 350 4MATIC SUV,2026,petrol,2.0,10.8
Mercedes-Benz,GLE 350d 4MATIC,2016,diesel,3.0,9.2
Mercedes-Benz,GLE 350d 4MATIC Coupe,2016,diesel,3.0,9.4
Mercedes-Benz,GLE 400 4MATIC,2016,petrol,3.0,12.0
Mercedes-Benz,GLE 400 4MATIC,2017,petrol,3.0,11.7
Mercedes-Benz,GLE 400 4MATIC,2018,petrol,3.0,12.1
Mercedes-Benz,GLE 400 4MATIC,2019,petrol,3.0,12.1
Mercedes-Benz,GLE 450 4MATIC,2020,petrol,3.0,11.1
Mercedes-Benz,GLE 450 4MATIC Coupe,2022,petrol,3.0,10.5
Mercedes-Benz,GLE 450 4MATIC Coupe,2023,petrol,3.0,10.5
Mercedes-Benz,GLE 450 4MATIC Coupe,2024,petrol,3.0,10.8
Mercedes-Benz,GLE 450 4MATIC Coupe,2025,petrol,3.0,11.2
Mercedes-Benz,GLE 450 4MATIC Coupe,2026,petrol,3.0,11.2
Mercedes-Benz,GLE 450 4MATIC SUV,2021,petrol,3.0,10.4
Mercedes-Benz,GLE 450 4MATIC SUV,2022,petrol,3.0,10.4
Mercedes-Benz,GLE 450 4MATIC SUV,2023,petrol,3.0,10.5
Mercedes-Benz,GLE 450 4MATIC SUV,2024,petrol,3.0,10.8
Mercedes-Benz,GLE 450 4MATIC SUV,2025,petrol,3.0,11.2
Mercedes-Benz,GLE 450 4MATIC SUV,2026,petrol,3.0,11.2
Mercedes-Benz,GLE 450 AMG Sport 4MATIC Coupe,2016,petrol,3.0,12.0
Mercedes-Benz,GLE 450e 4MATIC SUV,2024,hybrid,2.0,9.9
Mercedes-Benz,GLE 450e 4MATIC SUV,2025,hybrid,2.0,10.2
Mercedes-Benz,GLE 450e 4MATIC SUV,2026,hybrid,2.0,10.6
Mercedes-Benz,GLE 550 4MATIC,2016,petrol,4.7,14.2
Mercedes-Benz,GLE 550 4MATIC,2017,petrol,4.7,13.5
Mercedes-Benz,GLE 550 4MATIC,2018,petrol,4.7,13.5
Mercedes-Benz,GLE 550e 4MATIC,2017,hybrid,3.0,11.1
Mercedes-Benz,GLE 550e 4MATIC,2018,hybrid,3.0,11.1
Mercedes-Benz,GLE 580 4MATIC SUV,2026,petrol,4.0,13.4
Mercedes-Benz,GLK 250 BlueTec 4MATIC,2014,diesel,2.1,7.2
Mercedes-Benz,GLK 250 BlueTec 4MATIC,2015,diesel,2.1,8.5
Mercedes-Benz,GLK 350,2012,petrol,3.5,11.3
Mercedes-Benz,GLK 350 4MATIC,2010,petrol,3.5,11.6
Mercedes-Benz,GLK 350 4MATIC,2011,petrol,3.5,11.3
Mercedes-Benz,GLK 350 4MATIC,2012,petrol,3.5,11.3
Mercedes-Benz,GLK 350 4MATIC,2013,petrol,3.5,9.7
Mercedes-Benz,GLK 350 4MATIC,2014,petrol,3.5,9.7
Mercedes-Benz,GLK 350 4MATIC,2015,petrol,3.5,11.2
Mercedes-Benz,GLS 450 4MATIC,2017,petrol,3.0,13.0
Mercedes-Benz,GLS 450 4MATIC,2018,petrol,3.0,13.0
Mercedes-Benz,GLS 450 4MATIC,2019,petrol,3.0,13.2
Mercedes-Benz,GLS 450 4MATIC,2020,petrol,3.0,11.4
Mercedes-Benz,GLS 450 4MATIC SUV,2021,petrol,3.0,11.0
Mercedes-Benz,GLS 450 4MATIC SUV,2022,petrol,3.0,11.5
Mercedes-Benz,GLS 450 4MATIC SUV,2023,petrol,3.0,11.6
Mercedes-Benz,GLS 450 4MATIC SUV,2024,petrol,3.0,11.3
Mercedes-Benz,GLS 450 4MATIC SUV,2025,petrol,3.0,11.3
Mercedes-Benz,GLS 450 4MATIC SUV,2026,petrol,3.0,11.3
Mercedes-Benz,GLS 550 4MATIC,2017,petrol,4.7,15.0
Mercedes-Benz,GLS 550 4MATIC,2018,petrol,4.7,14.7
Mercedes-Benz,GLS 550 4MATIC,2019,petrol,4.7,15.1
Mercedes-Benz,GLS 580 4MATIC,2020,petrol,4.0,13.0
Mercedes-Benz,GLS 580 4MATIC SUV,2021,petrol,4.0,13.0
Mercedes-Benz,GLS 580 4MATIC SUV,2023,petrol,4.0,13.2
Mercedes-Benz,GLS 580 4MATIC SUV,2024,petrol,4.0,14.6
Mercedes-Benz,GLS 580 4MATIC SUV,2025,petrol,4.0,14.6
Mercedes-Benz,GLS 580 4MATIC SUV,2026,petrol,4.0,14.3
Mercedes-Benz,GLS 600 4MATIC Maybach SUV,2022,petrol,4.0,14.4
Mercedes-Benz,GLS 600 4MATIC Maybach SUV,2023,petrol,4.0,14.8
Mercedes-Benz,GLS 600 4MATIC Maybach SUV,2024,petrol,4.0,15.6
Mercedes-Benz,GLS 600 4MATIC Maybach SUV,2025,petrol,4.0,15.6
Mercedes-Benz,M 350 4MATIC,2012,petrol,3.5,10.8
Mercedes-Benz,M 350 BlueTec 4MATIC,2012,diesel,3.0,9.1
Mercedes-Benz,M 550,2012,petrol,4.7,12.5
Mercedes-Benz,M 63 AMG,2012,petrol,5.5,13.7
Mercedes-Benz,ML 320 BlueTec 4MATIC,2009,diesel,3.0,10.2
Mercedes-Benz,ML 320 CDI,2007,diesel,3.0,9.7
Mercedes-Benz,ML 320 CDI 4MATIC Turbo,2008,diesel,3.0,10.0
Mercedes-Benz,ML 350,2005,petrol,3.7,13.9
Mercedes-Benz,ML 350,2007,petrol,3.5,12.3
Mercedes-Benz,ML 350 #,2006,petrol,3.5,12.8
Mercedes-Benz,ML 350 4MATIC,2008,petrol,3.5,12.4
Mercedes-Benz,ML 350 4MATIC,2009,petrol,3.5,12.4
Mercedes-Benz,ML 350 4MATIC,2010,petrol,3.5,12.3
Mercedes-Benz,ML 350 4MATIC,2011,petrol,3.5,12.3
Mercedes-Benz,ML 350 4MATIC,2013,petrol,3.5,10.4
Mercedes-Benz,ML 350 4MATIC FFV,2014,petrol,3.5,10.6
Mercedes-Benz,ML 350 BlueTec,2010,diesel,3.0,9.7
Mercedes-Benz,ML 350 BlueTec 4MATIC,2011,diesel,3.0,9.7
Mercedes-Benz,ML 350 BlueTec 4MATIC,2013,diesel,3.0,8.9
Mercedes-Benz,ML 350 BlueTec 4MATIC,2014,diesel,3.0,8.9
Mercedes-Benz,ML 350 BlueTec 4MATIC,2015,diesel,3.0,10.3
Mercedes-Benz,ML 400 4MATIC,2015,petrol,3.0,12.0
Mercedes-Benz,ML 500,2005,petrol,5.0,14.7
Mercedes-Benz,ML 500,2007,petrol,5.0,14.4
Mercedes-Benz,ML 500 #,2006,petrol,5.0,14.5
Mercedes-Benz,ML 550 4MATIC,2008,petrol,5.5,13.8
Mercedes-Benz,ML 550 4MATIC,2009,petrol,5.5,13.8
Mercedes-Benz,ML 550 4MATIC,2010,petrol,5.5,14.0
Mercedes-Benz,ML 550 4MATIC,2011,petrol,5.5,14.0
Mercedes-Benz,ML 550 4MATIC,2013,petrol,4.7,12.5
Mercedes-Benz,ML 550 4MATIC,2014,petrol,4.7,12.5
Mercedes-Benz,ML 550 4MATIC,2015,petrol,4.7,14.2
Mercedes-Benz,ML 63 AMG,2007,petrol,6.2,17.3
Mercedes-Benz,ML 63 AMG,2008,petrol,6.2,17.3
Mercedes-Benz,ML 63 AMG,2009,petrol,6.2,17.5
Mercedes-Benz,ML 63 AMG,2010,petrol,6.2,17.6
Mercedes-Benz,ML 63 AMG,2013,petrol,5.5,13.7
Mercedes-Benz,ML 63 AMG 4MATIC,2011,petrol,6.2,17.6
Mercedes-Benz,ML 63 AMG 4MATIC,2014,petrol,5.5,13.7
Mercedes-Benz,ML 63 AMG 4MATIC,2015,petrol,5.5,15.6
Mercedes-Benz,Maybach 57,2005,petrol,5.5,16.4
Mercedes-Benz,Maybach 57,2009,petrol,5.5,17.4
Mercedes-Benz,Maybach 57,2010,petrol,5.5,17.4
Mercedes-Benz,Maybach 57,2011,petrol,5.5,17.4
Mercedes-Benz,Maybach 57,2012,petrol,5.5,17.4
Mercedes-Benz,Maybach 57 Turbo,2006,petrol,5.5,16.4
Mercedes-Benz,Maybach 57 Turbo,2008,petrol,5.5,17.4
Mercedes-Benz,Maybach 57 Zeppelin,2010,petrol,6.0,17.1
Mercedes-Benz,Maybach 57S,2009,petrol,6.0,17.5
Mercedes-Benz,Maybach 57S,2010,petrol,6.0,17.5
Mercedes-Benz,Maybach 57S,2011,petrol,6.0,17.1
Mercedes-Benz,Maybach 57S,2012,petrol,6.0,17.1
Mercedes-Benz,Maybach 57S Turbo,2007,petrol,5.5,17.5
Mercedes-Benz,Maybach 57S Turbo,2008,petrol,6.0,17.5
Mercedes-Benz,Maybach 62,2005,petrol,5.5,16.4
Mercedes-Benz,Maybach 62,2009,petrol,5.5,17.4
Mercedes-Benz,Maybach 62,2010,petrol,5.5,17.4
Mercedes-Benz,Maybach 62,2011,petrol,5.5,17.4
Mercedes-Benz,Maybach 62,2012,petrol,5.5,17.4
Mercedes-Benz,Maybach 62 Turbo,2006,petrol,5.5,16.4
Mercedes-Benz,Maybach 62 Turbo,2007,petrol,5.5,16.9
Mercedes-Benz,Maybach 62 Turbo,2008,petrol,5.5,17.4
Mercedes-Benz,Maybach 62 Zeppelin,2010,petrol,6.0,17.1
Mercedes-Benz,Maybach 62S,2009,petrol,6.0,17.5
Mercedes-Benz,Maybach 62S,2010,petrol,6.0,17.5
Mercedes-Benz,Maybach 62S,2011,petrol,6.0,17.1
Mercedes-Benz,Maybach 62S,2012,petrol,6.0,17.1
Mercedes-Benz,Maybach 62S Turbo,2008,petrol,6.0,17.5
Mercedes-Benz,Maybach AMG SL 680 4MATIC Roadster,2026,petrol,4.0,14.5
Mercedes-Benz,Maybach EQS 680 4MATIC SUV,2024,electric,,25.9
Mercedes-Benz,Maybach EQS 680 4MATIC SUV,2025,electric,,27.3
Mercedes-Benz,Maybach GLS 600 4MATIC SUV,2021,petrol,4.0,14.8
Mercedes-Benz,Maybach GLS 600 4MATIC SUV,2026,petrol,4.0,15.6
Mercedes-Benz,Maybach S 560 4MATIC,2019,petrol,4.0,12.2
Mercedes-Benz,Maybach S 560 4MATIC,2020,petrol,4.0,12.2
Mercedes-Benz,Maybach S 580 4MATIC Sedan,2021,petrol,4.0,12.9
Mercedes-Benz,Maybach S 580 4MATIC Sedan,2022,petrol,4.0,12.9
Mercedes-Benz,Maybach S 580 4MATIC Sedan,2023,petrol,4.0,13.0
Mercedes-Benz,Maybach S 580 4MATIC Sedan,2024,petrol,4.0,11.3
Mercedes-Benz,Maybach S 580 4MATIC Sedan,2025,petrol,4.0,12.0
Mercedes-Benz,Maybach S 580 4MATIC Sedan,2026,petrol,4.0,12.0
Mercedes-Benz,Maybach S 600,2016,petrol,6.0,15.3
Mercedes-Benz,Maybach S 600,2017,petrol,6.0,15.0
Mercedes-Benz,Maybach S 650,2018,petrol,6.0,15.1
Mercedes-Benz,Maybach S 650,2019,petrol,6.0,15.1
Mercedes-Benz,Maybach S 650,2020,petrol,6.0,15.1
Mercedes-Benz,Maybach S 680 4MATIC Sedan,2022,petrol,6.0,15.7
Mercedes-Benz,Maybach S 680 4MATIC Sedan,2023,petrol,6.0,16.4
Mercedes-Benz,Maybach S 680 4MATIC Sedan,2024,petrol,6.0,16.1
Mercedes-Benz,Maybach S 680 4MATIC Sedan,2025,petrol,6.0,16.1
Mercedes-Benz,Maybach S 680 4MATIC Sedan,2026,petrol,6.0,16.1
Mercedes-Benz,Metris Cargo,2016,petrol,2.0,10.2
Mercedes-Benz,Metris Cargo,2017,petrol,2.0,10.2
Mercedes-Benz,Metris Cargo,2018,petrol,2.0,10.7
Mercedes-Benz,Metris Cargo,2019,petrol,2.0,10.7
Mercedes-Benz,Metris Cargo,2020,petrol,2.0,10.5
Mercedes-Benz,Metris Cargo LWB,2019,petrol,2.0,10.5
Mercedes-Benz,Metris Cargo LWB,2020,petrol,2.0,10.5
Mercedes-Benz,Metris Cargo Van,2021,petrol,2.0,11.5
Mercedes-Benz,Metris Cargo Van,2022,petrol,2.0,11.5
Mercedes-Benz,Metris Cargo Van,2023,petrol,2.0,11.6
Mercedes-Benz,Metris Cargo Van LWB,2021,petrol,2.0,11.5
Mercedes-Benz,Metris Cargo Van LWB,2022,petrol,2.0,11.5
Mercedes-Benz,Metris Cargo Van LWB,2023,petrol,2.0,11.6
Mercedes-Benz,Metris Passenger,2016,petrol,2.0,10.9
Mercedes-Benz,Metris Passenger,2017,petrol,2.0,10.5
Mercedes-Benz,Metris Passenger,2018,petrol,2.0,11.4
Mercedes-Benz,Metris Passenger,2019,petrol,2.0,11.4
Mercedes-Benz,Metris Passenger,2020,petrol,2.0,11.0
Mercedes-Benz,Metris Passenger Van,2021,petrol,2.0,12.2
Mercedes-Benz,Metris Passenger Van,2022,petrol,2.0,12.1
Mercedes-Benz,Metris Passenger Van,2023,petrol,2.0,12.3
Mercedes-Benz,R 320 BlueTec 4MATIC,2009,diesel,3.0,10.1
Mercedes-Benz,R 320 CDI,2007,diesel,3.0,9.6
Mercedes-Benz,R 320 CDI 4MATIC Turbo,2008,diesel,3.0,9.9
Mercedes-Benz,R 350,2007,petrol,3.5,12.5
Mercedes-Benz,R 350 #,2006,petrol,3.5,12.4
Mercedes-Benz,R 350 4MATIC,2008,petrol,3.5,12.6
Mercedes-Benz,R 350 4MATIC,2009,petrol,3.5,12.6
Mercedes-Benz,R 350 4MATIC,2010,petrol,3.5,12.9
Mercedes-Benz,R 350 4MATIC,2011,petrol,3.5,12.6
Mercedes-Benz,R 350 4MATIC,2012,petrol,3.5,11.5
Mercedes-Benz,R 350 4MATIC,2013,petrol,3.5,11.7
Mercedes-Benz,R 350 BlueTec,2010,diesel,3.0,10.0
Mercedes-Benz,R 350 BlueTec 4MATIC,2011,diesel,3.0,10.0
Mercedes-Benz,R 350 BlueTec 4MATIC,2012,diesel,3.0,10.1
Mercedes-Benz,R 350 BlueTec 4MATIC,2013,diesel,3.0,10.1
Mercedes-Benz,R 500,2007,petrol,5.0,14.8
Mercedes-Benz,R 500 #,2006,petrol,5.0,15.5
Mercedes-Benz,R 550 4MATIC,2008,petrol,5.5,13.9
Mercedes-Benz,R 63 AMG,2007,petrol,6.2,17.1
Mercedes-Benz,S 350 BlueTec 4MATIC,2012,diesel,3.0,8.4
Mercedes-Benz,S 350 BlueTec 4MATIC,2013,diesel,3.0,8.4
Mercedes-Benz,S 400 4MATIC,2015,petrol,4.7,10.8
Mercedes-Benz,S 400 4MATIC SWB,2016,petrol,3.0,10.8
Mercedes-Benz,S 400 4MATIC SWB,2017,petrol,3.0,10.8
Mercedes-Benz,S 400 Hybrid,2010,hybrid,3.5,9.5
Mercedes-Benz,S 400 Hybrid,2011,hybrid,3.5,9.7
Mercedes-Benz,S 400 Hybrid,2012,hybrid,3.5,9.7
Mercedes-Benz,S 400 Hybrid,2013,hybrid,3.5,9.6
Mercedes-Benz,S 430V,2005,petrol,4.3,11.2
Mercedes-Benz,S 430V #,2006,petrol,4.3,11.2
Mercedes-Benz,S 430V 4MATIC,2005,petrol,4.3,12.2
Mercedes-Benz,S 430V 4MATIC #,2006,petrol,4.3,12.2
Mercedes-Benz,S 430W 4MATIC #,2006,petrol,4.3,12.2
Mercedes-Benz,S 450 4MATIC,2008,petrol,4.7,12.1
Mercedes-Benz,S 450 4MATIC,2009,petrol,4.7,11.9
Mercedes-Benz,S 450 4MATIC,2010,petrol,4.7,11.9
Mercedes-Benz,S 450 4MATIC,2011,petrol,4.7,11.9
Mercedes-Benz,S 450 4MATIC SWB,2018,petrol,3.0,10.9
Mercedes-Benz,S 450 4MATIC SWB,2019,petrol,3.0,10.8
Mercedes-Benz,S 450 4MATIC SWB,2020,petrol,3.0,10.8
Mercedes-Benz,S 500 4MATIC SWB Sedan,2021,petrol,3.0,9.8
Mercedes-Benz,S 500 4MATIC SWB Sedan,2022,petrol,3.0,9.9
Mercedes-Benz,S 500 4MATIC Sedan,2023,petrol,3.0,10.4
Mercedes-Benz,S 500 4MATIC Sedan,2024,petrol,3.0,9.7
Mercedes-Benz,S 500 4MATIC Sedan,2025,petrol,3.0,9.6
Mercedes-Benz,S 500 4MATIC Sedan,2026,petrol,3.0,10.1
Mercedes-Benz,S 500V,2005,petrol,5.0,12.2
Mercedes-Benz,S 500V #,2006,petrol,5.0,12.2
Mercedes-Benz,S 500V 4MATIC,2005,petrol,5.0,12.8
Mercedes-Benz,S 500V 4MATIC #,2006,petrol,5.0,12.8
Mercedes-Benz,S 55 AMG #,2006,petrol,5.4,13.3
Mercedes-Benz,S 550,2008,petrol,5.5,12.6
Mercedes-Benz,S 550 4MATIC,2008,petrol,5.5,12.8
Mercedes-Benz,S 550 4MATIC,2009,petrol,5.5,12.4
Mercedes-Benz,S 550 4MATIC,2010,petrol,5.5,12.4
Mercedes-Benz,S 550 4MATIC,2011,petrol,5.5,12.4
Mercedes-Benz,S 550 4MATIC Cabriolet,2017,petrol,4.7,11.8
Mercedes-Benz,S 550 4MATIC Coupe,2015,petrol,4.7,12.3
Mercedes-Benz,S 550 4MATIC Coupe,2016,petrol,4.7,12.3
Mercedes-Benz,S 550 4MATIC Coupe,2017,petrol,4.7,11.9
Mercedes-Benz,S 550 4MATIC LWB,2012,petrol,4.7,11.5
Mercedes-Benz,S 550 4MATIC LWB,2013,petrol,4.7,11.5
Mercedes-Benz,S 550 4MATIC LWB,2014,petrol,4.7,10.6
Mercedes-Benz,S 550 4MATIC LWB,2015,petrol,4.7,12.5
Mercedes-Benz,S 550 4MATIC LWB,2016,petrol,4.7,12.5
Mercedes-Benz,S 550 4MATIC LWB,2017,petrol,4.7,12.0
Mercedes-Benz,S 550 4MATIC SWB,2012,petrol,4.7,11.5
Mercedes-Benz,S 550 4MATIC SWB,2013,petrol,4.7,11.5
Mercedes-Benz,S 550 4MATIC SWB,2014,petrol,4.7,10.5
Mercedes-Benz,S 550 4MATIC SWB,2015,petrol,4.7,12.2
Mercedes-Benz,S 550 4MATIC SWB,2016,petrol,4.7,12.2
Mercedes-Benz,S 550 4MATIC SWB,2017,petrol,4.7,12.0
Mercedes-Benz,S 550V,2007,petrol,5.5,12.4
Mercedes-Benz,S 550V 4MATIC,2007,petrol,5.5,12.7
Mercedes-Benz,S 550e,2016,hybrid,3.0,9.0
Mercedes-Benz,S 550e,2017,hybrid,3.0,9.1
Mercedes-Benz,S 55K AMG,2005,petrol,5.4,13.5
Mercedes-Benz,S 560 4MATIC,2018,petrol,4.0,11.3
Mercedes-Benz,S 560 4MATIC,2019,petrol,4.0,11.3
Mercedes-Benz,S 560 4MATIC,2020,petrol,4.0,11.3
Mercedes-Benz,S 560 4MATIC Coupe,2018,petrol,4.0,11.4
Mercedes-Benz,S 560 4MATIC Coupe,2020,petrol,4.0,11.5
Mercedes-Benz,S 560 4MATIC Coupe,2021,petrol,4.0,12.0
Mercedes-Benz,S 560 4MATIC SWB,2018,petrol,4.0,11.2
Mercedes-Benz,S 560 4MATIC SWB,2019,petrol,4.0,11.3
Mercedes-Benz,S 560 4MATIC SWB,2020,petrol,4.0,11.5
Mercedes-Benz,S 560 Cabriolet,2018,petrol,4.0,11.8
Mercedes-Benz,S 560 Cabriolet,2019,petrol,4.0,11.7
Mercedes-Benz,S 560 Cabriolet,2020,petrol,4.0,11.7
Mercedes-Benz,S 560 Cabriolet,2021,petrol,4.0,12.0
Mercedes-Benz,S 560e,2020,hybrid,3.0,10.3
Mercedes-Benz,S 580 4MATIC LWB Sedan,2021,petrol,4.0,12.2
Mercedes-Benz,S 580 4MATIC LWB Sedan,2022,petrol,4.0,12.2
Mercedes-Benz,S 580 4MATIC Sedan,2023,petrol,4.0,12.2
Mercedes-Benz,S 580 4MATIC Sedan,2024,petrol,4.0,11.0
Mercedes-Benz,S 580 4MATIC Sedan,2025,petrol,4.0,12.0
Mercedes-Benz,S 580 4MATIC Sedan,2026,petrol,4.0,12.0
Mercedes-Benz,S 580e 4MATIC Sedan,2023,hybrid,3.0,10.0
Mercedes-Benz,S 580e 4MATIC Sedan,2024,hybrid,3.0,10.0
Mercedes-Benz,S 600,2009,petrol,5.5,15.6
Mercedes-Benz,S 600,2010,petrol,5.5,15.7
Mercedes-Benz,S 600,2011,petrol,5.5,14.7
Mercedes-Benz,S 600,2012,petrol,5.5,15.2
Mercedes-Benz,S 600,2013,petrol,5.5,15.2
Mercedes-Benz,S 600,2015,petrol,6.0,14.9
Mercedes-Benz,S 600,2016,petrol,6.0,14.5
Mercedes-Benz,S 600,2017,petrol,6.0,14.5
Mercedes-Benz,S 600 Turbo,2008,petrol,5.5,15.6
Mercedes-Benz,S 600V,2005,petrol,5.5,15.6
Mercedes-Benz,S 600V,2007,petrol,6.0,15.2
Mercedes-Benz,S 600V Turbo,2006,petrol,5.5,15.6
Mercedes-Benz,S 63 AMG,2008,petrol,6.2,15.6
Mercedes-Benz,S 63 AMG,2009,petrol,6.2,15.4
Mercedes-Benz,S 63 AMG,2010,petrol,6.2,15.4
Mercedes-Benz,S 63 AMG,2011,petrol,5.5,11.8
Mercedes-Benz,S 63 AMG,2012,petrol,5.5,11.6
Mercedes-Benz,S 63 AMG,2013,petrol,5.5,11.6
Mercedes-Benz,S 63 AMG 4MATIC,2014,petrol,5.5,11.6
Mercedes-Benz,S 63 AMG 4MATIC,2015,petrol,5.5,13.2
Mercedes-Benz,S 63 AMG Coupe,2015,petrol,5.5,13.2
Mercedes-Benz,S 65 AMG,2007,petrol,6.0,15.3
Mercedes-Benz,S 65 AMG,2009,petrol,6.0,16.1
Mercedes-Benz,S 65 AMG,2010,petrol,6.0,16.0
Mercedes-Benz,S 65 AMG,2011,petrol,6.0,14.4
Mercedes-Benz,S 65 AMG,2012,petrol,6.0,14.4
Mercedes-Benz,S 65 AMG,2013,petrol,6.0,14.4
Mercedes-Benz,S 65 AMG,2015,petrol,6.0,15.5
Mercedes-Benz,S 65 AMG Coupe,2015,petrol,6.0,15.0
Mercedes-Benz,S 65 AMG Turbo,2006,petrol,6.0,15.2
Mercedes-Benz,S 65 AMG Turbo,2008,petrol,6.0,16.0
Mercedes-Benz,SL 450,2017,petrol,3.0,10.1
Mercedes-Benz,SL 450,2018,petrol,3.0,10.2
Mercedes-Benz,SL 450,2019,petrol,3.0,10.3
Mercedes-Benz,SL 450,2020,petrol,3.0,10.5
Mercedes-Benz,SL 500,2005,petrol,5.0,12.5
Mercedes-Benz,SL 500 #,2006,petrol,5.0,12.4
Mercedes-Benz,SL 55 AMG,2005,petrol,5.4,14.4
Mercedes-Benz,SL 55 AMG #,2006,petrol,5.4,14.3
Mercedes-Benz,SL 55 AMG #,2007,petrol,5.4,14.8
Mercedes-Benz,SL 55 AMG #,2008,petrol,5.4,14.8
Mercedes-Benz,SL 550,2007,petrol,5.5,13.4
Mercedes-Benz,SL 550,2008,petrol,5.5,12.9
Mercedes-Benz,SL 550,2009,petrol,5.5,12.9
Mercedes-Benz,SL 550,2010,petrol,5.5,13.0
Mercedes-Benz,SL 550,2011,petrol,5.5,12.9
Mercedes-Benz,SL 550,2012,petrol,5.5,12.9
Mercedes-Benz,SL 550,2013,petrol,4.7,10.2
Mercedes-Benz,SL 550,2014,petrol,4.7,10.2
Mercedes-Benz,SL 550,2015,petrol,4.7,11.9
Mercedes-Benz,SL 550,2016,petrol,4.7,12.3
Mercedes-Benz,SL 550,2017,petrol,4.7,11.7
Mercedes-Benz,SL 550,2018,petrol,4.7,11.8
Mercedes-Benz,SL 550,2019,petrol,4.7,11.6
Mercedes-Benz,SL 550,2020,petrol,4.7,11.6
Mercedes-Benz,SL 600,2005,petrol,5.5,15.3
Mercedes-Benz,SL 600,2009,petrol,5.5,15.3
Mercedes-Benz,SL 600,2010,petrol,5.5,15.3
Mercedes-Benz,SL 600,2011,petrol,5.5,15.2
Mercedes-Benz,SL 600 Turbo,2006,petrol,5.5,15.3
Mercedes-Benz,SL 600 Turbo,2007,petrol,6.0,15.4
Mercedes-Benz,SL 600 Turbo,2008,petrol,5.5,15.3
Mercedes-Benz,SL 63 AMG,2009,petrol,6.2,14.6
Mercedes-Benz,SL 63 AMG,2010,petrol,6.2,14.6
Mercedes-Benz,SL 63 AMG,2011,petrol,6.2,14.6
Mercedes-Benz,SL 63 AMG,2012,petrol,6.2,14.7
Mercedes-Benz,SL 63 AMG,2013,petrol,5.5,11.1
Mercedes-Benz,SL 63 AMG,2014,petrol,5.5,11.1
Mercedes-Benz,SL 63 AMG,2015,petrol,5.5,12.4
Mercedes-Benz,SL 65 AMG,2005,petrol,6.0,15.5
Mercedes-Benz,SL 65 AMG,2009,petrol,6.0,15.2
Mercedes-Benz,SL 65 AMG,2010,petrol,6.0,15.1
Mercedes-Benz,SL 65 AMG,2011,petrol,6.0,15.1
Mercedes-Benz,SL 65 AMG,2014,petrol,6.0,12.5
Mercedes-Benz,SL 65 AMG,2015,petrol,6.0,14.2
Mercedes-Benz,SL 65 AMG Turbo,2006,petrol,6.0,15.0
Mercedes-Benz,SL 65 AMG Turbo,2007,petrol,6.0,15.3
Mercedes-Benz,SL 65 AMG Turbo,2008,petrol,6.0,15.2
Mercedes-Benz,SLC 300,2017,petrol,2.0,8.5
Mercedes-Benz,SLC 300,2018,petrol,2.0,8.6
Mercedes-Benz,SLC 300,2019,petrol,2.0,8.8
Mercedes-Benz,SLC 300,2020,petrol,2.0,8.8
Mercedes-Benz,SLK 250,2012,petrol,1.8,7.75
Mercedes-Benz,SLK 250,2013,petrol,1.8,7.75
Mercedes-Benz,SLK 250,2014,petrol,1.8,7.75
Mercedes-Benz,SLK 250,2015,petrol,1.8,9.0
Mercedes-Benz,SLK 280,2007,petrol,3.0,10.2
Mercedes-Benz,SLK 280,2008,petrol,3.0,10.2
Mercedes-Benz,SLK 280 #,2006,petrol,3.0,10.1
Mercedes-Benz,SLK 300,2009,petrol,3.0,9.8
Mercedes-Benz,SLK 300,2010,petrol,3.0,9.5
Mercedes-Benz,SLK 300,2011,petrol,3.0,9.8
Mercedes-Benz,SLK 300,2016,petrol,2.0,8.5
Mercedes-Benz,SLK 350,2005,petrol,3.5,10.75
Mercedes-Benz,SLK 350,2007,petrol,3.5,10.75
Mercedes-Benz,SLK 350,2008,petrol,3.5,10.8
Mercedes-Benz,SLK 350,2009,petrol,3.5,10.25
Mercedes-Benz,SLK 350,2010,petrol,3.5,10.25
Mercedes-Benz,SLK 350,2011,petrol,3.5,9.85
Mercedes-Benz,SLK 350,2012,petrol,3.5,8.8
Mercedes-Benz,SLK 350,2013,petrol,3.5,8.4
Mercedes-Benz,SLK 350,2014,petrol,3.5,8.4
Mercedes-Benz,SLK 350,2015,petrol,3.5,9.8
Mercedes-Benz,SLK 350,2016,petrol,3.5,9.8
Mercedes-Benz,SLK 350 #,2006,petrol,3.5,10.85
Mercedes-Benz,SLK 55,2012,petrol,5.5,9.3
Mercedes-Benz,SLK 55 AMG,2005,petrol,5.4,12.7
Mercedes-Benz,SLK 55 AMG,2007,petrol,5.5,12.7
Mercedes-Benz,SLK 55 AMG,2008,petrol,5.4,12.7
Mercedes-Benz,SLK 55 AMG,2009,petrol,5.4,12.2
Mercedes-Benz,SLK 55 AMG,2010,petrol,5.4,12.2
Mercedes-Benz,SLK 55 AMG,2013,petrol,5.5,9.3
Mercedes-Benz,SLK 55 AMG,2014,petrol,5.5,9.3
Mercedes-Benz,SLK 55 AMG,2015,petrol,5.5,10.6
Mercedes-Benz,SLK 55 AMG #,2006,petrol,5.4,12.7
Mercedes-Benz,SLR,2005,petrol,5.4,15.7
Mercedes-Benz,SLR #,2006,petrol,5.4,15.1
Mercedes-Benz,SLR #,2007,petrol,5.4,15.9
Mercedes-Benz,SLR McLaren #,2008,petrol,5.4,15.2
Mercedes-Benz,SLR McLaren #,2009,petrol,5.4,15.2
Mercedes-Benz,SLS AMG,2011,petrol,6.2,13.3
Mercedes-Benz,SLS AMG Black Series Coupe,2014,petrol,6.2,14.6
Mercedes-Benz,SLS AMG Coupe,2012,petrol,6.2,13.3
Mercedes-Benz,SLS AMG Coupe,2013,petrol,6.2,13.8
Mercedes-Benz,SLS AMG GT Coupe,2014,petrol,6.2,13.8
Mercedes-Benz,SLS AMG GT Coupe,2015,petrol,6.2,15.6
Mercedes-Benz,SLS AMG GT Roadster,2015,petrol,6.2,15.6
Mercedes-Benz,SLS AMG Roadster,2012,petrol,6.2,13.3
Mercedes-Benz,SLS AMG Roadster,2013,petrol,6.2,13.8
Mercedes-Benz,SLS AMG Roadster,2014,petrol,6.2,13.8
Mitsubishi,Eclipse,2005,petrol,2.4,9.43
Mitsubishi,Eclipse,2005,petrol,3.0,9.85
Mitsubishi,Eclipse,2006,petrol,2.4,9.05
Mitsubishi,Eclipse,2006,petrol,3.8,10.6
Mitsubishi,Eclipse,2007,petrol,2.4,9.1
Mitsubishi,Eclipse,2007,petrol,3.8,10.75
Mitsubishi,Eclipse,2008,petrol,2.4,9.1
Mitsubishi,Eclipse,2008,petrol,3.8,10.65
Mitsubishi,Eclipse,2009,petrol,2.4,9.1
Mitsubishi,Eclipse,2009,petrol,3.8,10.85
Mitsubishi,Eclipse,2011,petrol,2.4,8.85
Mitsubishi,Eclipse,2011,petrol,3.8,10.7
Mitsubishi,Eclipse,2012,petrol,2.4,8.85
Mitsubishi,Eclipse,2012,petrol,3.8,10.7
Mitsubishi,Eclipse Cross,2018,petrol,1.5,8.9
Mitsubishi,Eclipse Cross 4WD,2018,petrol,1.5,9.3
Mitsubishi,Eclipse Cross 4WD,2019,petrol,1.5,9.3
Mitsubishi,Eclipse Cross 4WD,2020,petrol,1.5,9.3
Mitsubishi,Eclipse Cross 4WD,2022,petrol,1.5,9.3
Mitsubishi,Eclipse Cross 4WD,2023,petrol,1.5,9.3
Mitsubishi,Eclipse Cross 4WD,2024,petrol,1.5,9.3
Mitsubishi,Eclipse Cross 4WD,2025,petrol,1.5,9.3
Mitsubishi,Eclipse Cross 4WD,2026,petrol,1.5,9.3
Mitsubishi,Eclipse Spyder,2005,petrol,2.4,9.35
Mitsubishi,Eclipse Spyder,2005,petrol,3.0,9.85
Mitsubishi,Eclipse Spyder,2007,petrol,2.4,9.25
Mitsubishi,Eclipse Spyder,2007,petrol,3.8,10.75
Mitsubishi,Eclipse Spyder,2008,petrol,2.4,9.2
Mitsubishi,Eclipse Spyder,2008,petrol,3.8,10.65
Mitsubishi,Eclipse Spyder,2009,petrol,2.4,9.2
Mitsubishi,Eclipse Spyder,2009,petrol,3.8,10.85
Mitsubishi,Eclipse Spyder,2011,petrol,2.4,9.0
Mitsubishi,Eclipse Spyder,2011,petrol,3.8,10.7
Mitsubishi,Eclipse Spyder,2012,petrol,2.4,9.0
Mitsubishi,Eclipse Spyder,2012,petrol,3.8,10.7
Mitsubishi,Endeavor,2005,petrol,3.8,11.6
Mitsubishi,Endeavor,2006,petrol,3.8,11.6
Mitsubishi,Endeavor,2007,petrol,3.8,11.6
Mitsubishi,Endeavor,2008,petrol,3.8,11.6
Mitsubishi,Endeavor,2009,petrol,3.8,11.7
Mitsubishi,Endeavor 4X4,2007,petrol,3.8,12.2
Mitsubishi,Endeavor AWD,2005,petrol,3.8,12.1
Mitsubishi,Endeavor AWD,2006,petrol,3.8,12.1
Mitsubishi,Endeavor AWD,2008,petrol,3.8,12.4
Mitsubishi,Endeavor AWD,2009,petrol,3.8,12.4
Mitsubishi,Endeavor AWD,2010,petrol,3.8,12.4
Mitsubishi,Endeavor AWD,2011,petrol,3.8,12.4
Mitsubishi,Galant,2005,petrol,2.4,8.9
Mitsubishi,Galant,2005,petrol,3.8,10.7
Mitsubishi,Galant,2006,petrol,2.4,9.0
Mitsubishi,Galant,2006,petrol,3.8,10.6
Mitsubishi,Galant,2007,petrol,2.4,9.1
Mitsubishi,Galant,2007,petrol,3.8,10.55
Mitsubishi,Galant,2009,petrol,2.4,9.0
Mitsubishi,Galant,2009,petrol,3.8,10.5
Mitsubishi,Galant,2010,petrol,2.4,8.3
Mitsubishi,Galant #,2009,petrol,3.8,10.8
Mitsubishi,Lancer,2005,petrol,2.0,7.9
Mitsubishi,Lancer,2005,petrol,2.4,9.05
Mitsubishi,Lancer,2006,petrol,2.0,7.9
Mitsubishi,Lancer,2006,petrol,2.4,9.05
Mitsubishi,Lancer,2008,petrol,2.0,8.33
Mitsubishi,Lancer,2009,petrol,2.0,8.97
Mitsubishi,Lancer,2009,petrol,2.4,8.7
Mitsubishi,Lancer,2010,petrol,2.0,8.77
Mitsubishi,Lancer,2010,petrol,2.4,8.7
Mitsubishi,Lancer,2011,petrol,2.0,8.13
Mitsubishi,Lancer,2012,petrol,2.0,8.1
Mitsubishi,Lancer,2013,petrol,2.0,7.05
Mitsubishi,Lancer,2014,petrol,2.0,7.05
Mitsubishi,Lancer,2015,petrol,2.0,8.3
Mitsubishi,Lancer,2016,petrol,2.0,8.1
Mitsubishi,Lancer,2016,petrol,2.4,9.0
Mitsubishi,Lancer,2017,petrol,2.0,8.2
Mitsubishi,Lancer,2017,petrol,2.4,9.1
Mitsubishi,Lancer 4WD,2016,petrol,2.4,9.1
Mitsubishi,Lancer 4WD,2017,petrol,2.4,9.2
Mitsubishi,Lancer AWD,2012,petrol,2.4,8.1
Mitsubishi,Lancer AWD,2013,petrol,2.0,10.1
Mitsubishi,Lancer AWD,2013,petrol,2.4,8.2
Mitsubishi,Lancer AWD,2014,petrol,2.4,8.2
Mitsubishi,Lancer AWD,2015,petrol,2.4,9.5
Mitsubishi,Lancer Evolution,2008,petrol,2.0,10.95
Mitsubishi,Lancer Evolution,2010,petrol,2.0,11.1
Mitsubishi,Lancer Evolution,2011,petrol,2.0,10.85
Mitsubishi,Lancer Evolution,2012,petrol,2.0,10.8
Mitsubishi,Lancer Evolution,2013,petrol,2.0,10.85
Mitsubishi,Lancer Evolution,2014,petrol,2.0,10.85
Mitsubishi,Lancer Evolution,2015,petrol,2.0,12.4
Mitsubishi,Lancer Evolution Turbo,2009,petrol,2.0,11.1
Mitsubishi,Lancer Ralliart,2014,petrol,2.0,10.1
Mitsubishi,Lancer Ralliart,2015,petrol,2.0,11.6
Mitsubishi,Lancer Sportback,2009,petrol,2.0,10.3
Mitsubishi,Lancer Sportback,2009,petrol,2.4,8.9
Mitsubishi,Lancer Sportback,2010,petrol,2.0,10.3
Mitsubishi,Lancer Sportback,2010,petrol,2.4,8.7
Mitsubishi,Lancer Sportback,2011,petrol,2.0,8.3
Mitsubishi,Lancer Sportback,2012,petrol,2.0,7.25
Mitsubishi,Lancer Sportback,2013,petrol,2.0,7.3
Mitsubishi,Lancer Sportback,2014,petrol,2.0,7.3
Mitsubishi,Lancer Sportback,2015,petrol,2.0,8.6
Mitsubishi,Lancer Sportback,2016,petrol,2.0,8.5
Mitsubishi,Lancer Sportback,2017,petrol,2.0,8.55
Mitsubishi,Mirage,2014,petrol,1.2,5.1
Mitsubishi,Mirage,2015,petrol,1.2,6.15
Mitsubishi,Mirage,2016,petrol,1.2,6.1
Mitsubishi,Mirage,2017,petrol,1.2,6.25
Mitsubishi,Mirage,2018,petrol,1.2,6.25
Mitsubishi,Mirage,2019,petrol,1.2,6.35
Mitsubishi,Mirage,2020,petrol,1.2,6.35
Mitsubishi,Mirage,2021,petrol,1.2,6.35
Mitsubishi,Mirage,2022,petrol,1.2,6.35
Mitsubishi,Mirage,2023,petrol,1.2,6.35
Mitsubishi,Mirage,2024,petrol,1.2,6.2
Mitsubishi,Mirage G4,2017,petrol,1.2,6.5
Mitsubishi,Mirage G4,2018,petrol,1.2,6.5
Mitsubishi,Mirage G4,2019,petrol,1.2,6.5
Mitsubishi,Montero 4X4,2005,petrol,3.8,14.1
Mitsubishi,Montero 4X4,2006,petrol,3.8,14.1
Mitsubishi,Outlander,2005,petrol,2.4,9.55
Mitsubishi,Outlander,2006,petrol,2.4,9.55
Mitsubishi,Outlander,2007,petrol,3.0,10.2
Mitsubishi,Outlander,2008,petrol,2.4,9.2
Mitsubishi,Outlander,2009,petrol,2.4,9.3
Mitsubishi,Outlander,2010,petrol,2.4,8.5
Mitsubishi,Outlander,2011,petrol,2.4,8.1
Mitsubishi,Outlander,2012,petrol,2.4,8.1
Mitsubishi,Outlander,2013,petrol,2.4,8.1
Mitsubishi,Outlander,2014,petrol,2.4,7.3
Mitsubishi,Outlander,2015,petrol,2.4,8.6
Mitsubishi,Outlander,2016,petrol,2.4,8.4
Mitsubishi,Outlander,2017,petrol,2.4,8.4
Mitsubishi,Outlander 4WD,2010,petrol,2.4,9.0
Mitsubishi,Outlander 4WD,2010,petrol,3.0,9.8
Mitsubishi,Outlander 4WD,2011,petrol,2.4,8.2
Mitsubishi,Outlander 4WD,2011,petrol,3.0,9.6
Mitsubishi,Outlander 4WD,2012,petrol,2.4,8.2
Mitsubishi,Outlander 4WD,2012,petrol,3.0,9.6
Mitsubishi,Outlander 4WD,2013,petrol,2.4,8.2
Mitsubishi,Outlander 4WD,2013,petrol,3.0,9.6
Mitsubishi,Outlander 4WD,2014,petrol,2.4,7.8
Mitsubishi,Outlander 4WD,2014,petrol,3.0,8.8
Mitsubishi,Outlander 4WD,2015,petrol,2.4,9.1
Mitsubishi,Outlander 4WD,2015,petrol,3.0,10.1
Mitsubishi,Outlander 4WD,2016,petrol,2.4,9.0
Mitsubishi,Outlander 4WD,2016,petrol,3.0,10.4
Mitsubishi,Outlander 4WD,2017,petrol,2.4,9.0
Mitsubishi,Outlander 4WD,2017,petrol,3.0,10.4
Mitsubishi,Outlander 4WD,2018,petrol,2.4,9.1
Mitsubishi,Outlander 4WD,2018,petrol,3.0,10.6
Mitsubishi,Outlander 4WD,2019,petrol,2.4,9.1
Mitsubishi,Outlander 4WD,2019,petrol,3.0,10.6
Mitsubishi,Outlander 4WD,2020,petrol,2.4,9.1
Mitsubishi,Outlander 4WD,2020,petrol,3.0,10.6
Mitsubishi,Outlander 4WD,2022,petrol,2.5,8.9
Mitsubishi,Outlander 4WD,2023,petrol,2.5,8.9
Mitsubishi,Outlander 4WD,2024,petrol,2.5,8.9
Mitsubishi,Outlander 4WD,2025,petrol,2.5,8.9
Mitsubishi,Outlander 4WD,2026,petrol,1.5,8.7
Mitsubishi,Outlander 4X4,2007,petrol,3.0,10.5
Mitsubishi,Outlander 4X4,2008,petrol,2.4,9.3
Mitsubishi,Outlander 4X4,2008,petrol,3.0,10.6
Mitsubishi,Outlander 4X4,2009,petrol,2.4,9.4
Mitsubishi,Outlander 4X4,2009,petrol,3.0,10.3
Mitsubishi,Outlander AWD,2005,petrol,2.4,10.05
Mitsubishi,Outlander AWD,2006,petrol,2.4,10.05
Mitsubishi,Outlander PHEV AWD,2018,hybrid,2.0,9.2
Mitsubishi,Outlander PHEV AWD,2019,hybrid,2.0,9.2
Mitsubishi,Outlander PHEV AWD,2020,hybrid,2.0,9.2
Mitsubishi,Outlander PHEV AWD,2021,hybrid,2.4,9.1
Mitsubishi,Outlander PHEV AWD,2022,hybrid,2.4,9.1
Mitsubishi,Outlander PHEV AWD,2023,hybrid,2.4,9.0
Mitsubishi,Outlander PHEV AWD,2024,hybrid,2.4,9.0
Mitsubishi,Outlander PHEV AWD,2025,hybrid,2.4,9.0
Mitsubishi,Outlander PHEV AWD,2026,hybrid,2.4,8.6
Mitsubishi,RVR,2011,petrol,2.0,7.6
Mitsubishi,RVR,2012,petrol,2.0,7.65
Mitsubishi,RVR,2013,petrol,2.0,7.4
Mitsubishi,RVR,2014,petrol,2.0,7.55
Mitsubishi,RVR,2015,petrol,2.0,8.6
Mitsubishi,RVR,2016,petrol,2.0,9.0
Mitsubishi,RVR,2017,petrol,2.0,9.05
Mitsubishi,RVR,2018,petrol,2.0,9.05
Mitsubishi,RVR,2019,petrol,2.0,8.8
Mitsubishi,RVR,2020,petrol,2.0,8.8
Mitsubishi,RVR,2021,petrol,2.0,8.8
Mitsubishi,RVR,2022,petrol,2.0,8.8
Mitsubishi,RVR,2023,petrol,2.0,8.9
Mitsubishi,RVR,2024,petrol,2.0,8.9
Mitsubishi,RVR,2025,petrol,2.0,8.9
Mitsubishi,RVR,2026,petrol,2.0,8.8
Mitsubishi,RVR 4WD,2011,petrol,2.0,7.6
Mitsubishi,RVR 4WD,2012,petrol,2.0,7.7
Mitsubishi,RVR 4WD,2013,petrol,2.0,7.7
Mitsubishi,RVR 4WD,2014,petrol,2.0,7.7
Mitsubishi,RVR 4WD,2015,petrol,2.0,8.8
Mitsubishi,RVR 4WD,2015,petrol,2.4,9.6
Mitsubishi,RVR 4WD,2016,petrol,2.4,9.6
Mitsubishi,RVR 4WD,2017,petrol,2.0,9.2
Mitsubishi,RVR 4WD,2018,petrol,2.0,9.2
Mitsubishi,RVR 4WD,2018,petrol,2.4,9.4
Mitsubishi,RVR 4WD,2019,petrol,2.0,9.2
Mitsubishi,RVR 4WD,2019,petrol,2.4,9.4
Mitsubishi,RVR 4WD,2020,petrol,2.0,9.2
Mitsubishi,RVR 4WD,2020,petrol,2.4,9.4
Mitsubishi,RVR 4WD,2021,petrol,2.0,9.2
Mitsubishi,RVR 4WD,2021,petrol,2.4,9.4
Mitsubishi,RVR 4WD,2022,petrol,2.0,9.2
Mitsubishi,RVR 4WD,2022,petrol,2.4,9.4
Mitsubishi,RVR 4WD,2023,petrol,2.0,9.1
Mitsubishi,RVR 4WD,2023,petrol,2.4,9.4
Mitsubishi,RVR 4WD,2024,petrol,2.0,9.1
Mitsubishi,RVR 4WD,2024,petrol,2.4,9.4
Mitsubishi,RVR 4WD,2025,petrol,2.0,9.1
Mitsubishi,RVR 4WD,2025,petrol,2.4,9.4
Mitsubishi,RVR 4WD,2026,petrol,2.0,9.2
Mitsubishi,RVR 4WD,2026,petrol,2.4,9.4
Mitsubishi,i-MiEV,2012,electric,,18.7
Mitsubishi,i-MiEV,2013,electric,,18.7
Mitsubishi,i-MiEV,2014,electric,,18.7
Mitsubishi,i-MiEV,2015,electric,,18.7
Mitsubishi,i-MiEV,2016,electric,,18.7
Mitsubishi,i-MiEV,2017,electric,,18.7
Nissan,350Z,2005,petrol,3.5,10.5
Nissan,350Z,2006,petrol,3.5,10.9
Nissan,350Z,2008,petrol,3.5,10.4
Nissan,350Z #,2005,petrol,3.5,10.5
Nissan,350Z #,2006,petrol,3.5,10.7
Nissan,350Z Roadster,2005,petrol,3.5,10.7
Nissan,350Z Roadster,2006,petrol,3.5,11.1
Nissan,350Z Roadster,2008,petrol,3.5,10.5
Nissan,350Z Roadster,2009,petrol,3.5,10.5
Nissan,350Z Roadster #,2006,petrol,3.5,10.8
Nissan,370Z,2010,petrol,3.7,9.65
Nissan,370Z,2011,petrol,3.7,9.6
Nissan,370Z,2012,petrol,3.7,9.75
Nissan,370Z,2013,petrol,3.7,9.9
Nissan,370Z,2014,petrol,3.7,9.8
Nissan,370Z,2016,petrol,3.7,11.3
Nissan,370Z,2017,petrol,3.7,11.3
Nissan,370Z,2018,petrol,3.7,11.3
Nissan,370Z,2019,petrol,3.7,11.3
Nissan,370Z,2020,petrol,3.7,11.3
Nissan,370Z Coupe,2009,petrol,3.7,9.8
Nissan,370Z Coupe,2015,petrol,3.7,11.3
Nissan,370Z Roadster,2010,petrol,3.7,10.1
Nissan,370Z Roadster,2011,petrol,3.7,10.1
Nissan,370Z Roadster,2012,petrol,3.7,10.1
Nissan,370Z Roadster,2013,petrol,3.7,10.1
Nissan,370Z Roadster,2014,petrol,3.7,10.1
Nissan,370Z Roadster,2015,petrol,3.7,11.65
Nissan,370Z Roadster,2016,petrol,3.7,11.65
Nissan,370Z Roadster,2017,petrol,3.7,11.65
Nissan,370Z Roadster,2018,petrol,3.7,11.65
Nissan,370Z Roadster,2019,petrol,3.7,11.65
Nissan,370Z Roadster,2020,petrol,3.7,11.65
Nissan,ARIYA Engage,2024,electric,,20.7
Nissan,ARIYA Engage,2025,electric,,20.7
Nissan,ARIYA Evolve e-4ORCE,2024,electric,,21.9
Nissan,ARIYA Evolve e-4ORCE,2025,electric,,21.9
Nissan,ARIYA Evolve+,2024,electric,,21.4
Nissan,ARIYA Evolve+,2025,electric,,21.4
Nissan,ARIYA Evolve+ e-4ORCE,2024,electric,,22.8
Nissan,ARIYA Evolve+ e-4ORCE,2025,electric,,22.8
Nissan,ARIYA Platinum+ e-4ORCE,2024,electric,,23.4
Nissan,ARIYA Platinum+ e-4ORCE,2026,electric,,23.2
Nissan,"ARIYA Platinum+ e-4ORCE (19"" Wheels)",2025,electric,,23.2
Nissan,"ARIYA Platinum+ e-4ORCE (20"" Wheels)",2025,electric,,24.1
Nissan,ARIYA SL e-4ORCE,2026,electric,,21.9
Nissan,ARIYA SL+,2026,electric,,21.4
Nissan,ARIYA SL+ e-4ORCE,2026,electric,,22.8
Nissan,ARIYA SV,2026,electric,,20.7
Nissan,Altima,2005,petrol,2.5,8.65
Nissan,Altima,2005,petrol,3.5,9.67
Nissan,Altima,2006,petrol,2.5,8.65
Nissan,Altima,2006,petrol,3.5,9.73
Nissan,Altima,2007,petrol,2.5,7.65
Nissan,Altima,2007,petrol,3.5,9.4
Nissan,Altima,2008,petrol,2.5,7.65
Nissan,Altima,2008,petrol,3.5,9.35
Nissan,Altima,2009,petrol,2.5,7.65
Nissan,Altima,2009,petrol,3.5,9.5
Nissan,Altima,2010,petrol,2.5,7.55
Nissan,Altima,2010,petrol,3.5,9.25
Nissan,Altima,2011,petrol,2.5,7.55
Nissan,Altima,2011,petrol,3.5,9.0
Nissan,Altima,2012,petrol,2.5,7.55
Nissan,Altima,2012,petrol,3.5,9.0
Nissan,Altima,2013,petrol,2.5,6.3
Nissan,Altima,2013,petrol,3.5,8.0
Nissan,Altima,2014,petrol,2.5,6.4
Nissan,Altima,2014,petrol,3.5,8.0
Nissan,Altima,2015,petrol,2.5,7.6
Nissan,Altima,2015,petrol,3.5,9.0
Nissan,Altima,2016,petrol,2.5,7.5
Nissan,Altima,2017,petrol,2.5,7.5
Nissan,Altima,2017,petrol,3.5,9.1
Nissan,Altima,2018,petrol,2.5,7.6
Nissan,Altima,2018,petrol,3.5,9.1
Nissan,Altima,2019,petrol,2.5,7.4
Nissan,Altima 3.5,2016,petrol,3.5,9.0
Nissan,Altima AWD,2019,petrol,2.5,8.0
Nissan,Altima AWD,2020,petrol,2.5,8.0
Nissan,Altima AWD,2021,petrol,2.5,8.0
Nissan,Altima AWD,2022,petrol,2.5,7.9
Nissan,Altima AWD,2023,petrol,2.5,8.2
Nissan,Altima AWD,2024,petrol,2.5,8.2
Nissan,Altima AWD,2025,petrol,2.5,8.2
Nissan,Altima AWD SR/Platinum,2019,petrol,2.5,8.1
Nissan,Altima AWD SR/Platinum,2020,petrol,2.5,8.1
Nissan,Altima AWD SR/Platinum,2021,petrol,2.5,8.2
Nissan,Altima AWD SR/Platinum,2022,petrol,2.5,8.1
Nissan,Altima AWD SR/Platinum,2023,petrol,2.5,8.1
Nissan,Altima AWD SR/Platinum,2024,petrol,2.5,8.1
Nissan,Altima AWD SR/Platinum,2025,petrol,2.5,8.4
Nissan,Altima Coupe,2008,petrol,2.5,7.65
Nissan,Altima Coupe,2008,petrol,3.5,9.35
Nissan,Altima Coupe,2009,petrol,2.5,7.65
Nissan,Altima Coupe,2009,petrol,3.5,9.5
Nissan,Altima Coupe,2010,petrol,2.5,7.75
Nissan,Altima Coupe,2010,petrol,3.5,9.25
Nissan,Altima Coupe,2011,petrol,2.5,7.75
Nissan,Altima Coupe,2011,petrol,3.5,9.25
Nissan,Altima Coupe,2012,petrol,2.5,7.75
Nissan,Altima Coupe,2012,petrol,3.5,9.25
Nissan,Altima Coupe,2013,petrol,2.5,7.7
Nissan,Altima Hybrid,2007,hybrid,2.5,5.8
Nissan,Altima Hybrid,2008,hybrid,2.5,5.8
Nissan,Altima Hybrid,2009,hybrid,2.5,5.8
Nissan,Altima Hybrid,2010,hybrid,2.5,5.8
Nissan,Altima Hybrid,2011,hybrid,2.5,5.8
Nissan,Altima SR,2016,petrol,2.5,7.7
Nissan,Altima SR,2017,petrol,2.5,7.8
Nissan,Altima SR,2018,petrol,2.5,7.8
Nissan,Altima SR/Platinum,2019,petrol,2.0,8.1
Nissan,Altima SR/Platinum,2019,petrol,2.5,7.5
Nissan,Armada 4WD,2010,petrol,5.6,14.7
Nissan,Armada 4WD,2011,petrol,5.6,14.7
Nissan,Armada 4WD,2012,petrol,5.6,14.7
Nissan,Armada 4WD,2013,petrol,5.6,14.7
Nissan,Armada 4WD,2014,petrol,5.6,14.7
Nissan,Armada 4WD,2015,petrol,5.6,16.6
Nissan,Armada 4WD,2017,petrol,5.6,15.4
Nissan,Armada 4WD,2018,petrol,5.6,15.4
Nissan,Armada 4WD,2019,petrol,5.6,15.5
Nissan,Armada 4WD,2020,petrol,5.6,15.4
Nissan,Armada 4WD,2021,petrol,5.6,15.4
Nissan,Armada 4WD,2022,petrol,5.6,15.4
Nissan,Armada 4WD,2023,petrol,5.6,15.4
Nissan,Armada 4WD,2024,petrol,5.6,15.4
Nissan,Armada 4WD,2025,petrol,3.5,13.7
Nissan,Armada 4WD,2026,petrol,3.5,13.7
Nissan,Armada 4WD PRO-4X,2025,petrol,3.5,14.4
Nissan,Armada 4WD PRO-4X,2026,petrol,3.5,14.4
Nissan,Armada 4X4,2005,petrol,5.6,15.3
Nissan,Armada 4X4,2006,petrol,5.6,15.2
Nissan,Armada 4X4,2007,petrol,5.6,15.1
Nissan,Armada 4X4,2008,petrol,5.6,15.2
Nissan,Armada 4X4,2009,petrol,5.6,14.7
Nissan,Cube,2010,petrol,1.8,7.15
Nissan,Cube,2011,petrol,1.8,7.25
Nissan,Cube,2012,petrol,1.8,7.25
Nissan,Cube,2013,petrol,1.8,7.25
Nissan,Frontier,2005,petrol,2.5,10.4
Nissan,Frontier,2006,petrol,2.5,10.4
Nissan,Frontier,2007,petrol,2.5,10.4
Nissan,Frontier,2008,petrol,2.5,10.4
Nissan,Frontier,2008,petrol,4.0,12.25
Nissan,Frontier,2009,petrol,2.5,10.4
Nissan,Frontier,2009,petrol,4.0,12.2
Nissan,Frontier,2010,petrol,2.5,10.4
Nissan,Frontier,2010,petrol,4.0,12.3
Nissan,Frontier,2011,petrol,2.5,10.35
Nissan,Frontier,2011,petrol,4.0,12.2
Nissan,Frontier,2012,petrol,2.5,10.35
Nissan,Frontier,2012,petrol,4.0,12.2
Nissan,Frontier,2013,petrol,2.5,10.25
Nissan,Frontier,2013,petrol,4.0,11.0
Nissan,Frontier,2014,petrol,2.5,10.25
Nissan,Frontier,2014,petrol,4.0,11.0
Nissan,Frontier,2015,petrol,2.5,11.8
Nissan,Frontier,2015,petrol,4.0,12.7
Nissan,Frontier,2016,petrol,2.5,11.7
Nissan,Frontier,2016,petrol,4.0,12.7
Nissan,Frontier,2017,petrol,2.5,11.8
Nissan,Frontier,2017,petrol,4.0,12.9
Nissan,Frontier,2018,petrol,2.5,11.85
Nissan,Frontier,2018,petrol,4.0,12.8
Nissan,Frontier,2019,petrol,2.5,12.3
Nissan,Frontier,2019,petrol,4.0,12.7
Nissan,Frontier,2020,petrol,3.8,11.6
Nissan,Frontier,2022,petrol,3.8,11.3
Nissan,Frontier,2023,petrol,3.8,11.1
Nissan,Frontier,2024,petrol,3.8,11.1
Nissan,Frontier,2025,petrol,3.8,11.6
Nissan,Frontier,2026,petrol,3.8,11.6
Nissan,Frontier 4WD,2010,petrol,4.0,12.55
Nissan,Frontier 4WD,2011,petrol,4.0,12.5
Nissan,Frontier 4WD,2012,petrol,4.0,12.55
Nissan,Frontier 4WD,2013,petrol,4.0,11.7
Nissan,Frontier 4WD,2014,petrol,4.0,11.7
Nissan,Frontier 4WD,2015,petrol,4.0,13.5
Nissan,Frontier 4WD,2016,petrol,4.0,13.5
Nissan,Frontier 4WD,2017,petrol,4.0,13.65
Nissan,Frontier 4WD,2018,petrol,4.0,13.7
Nissan,Frontier 4WD,2019,petrol,4.0,13.7
Nissan,Frontier 4WD,2020,petrol,3.8,12.2
Nissan,Frontier 4WD,2022,petrol,3.8,12.8
Nissan,Frontier 4WD,2023,petrol,3.8,12.6
Nissan,Frontier 4WD,2024,petrol,3.8,12.0
Nissan,Frontier 4WD,2025,petrol,3.8,12.3
Nissan,Frontier 4WD,2026,petrol,3.8,12.4
Nissan,Frontier 4WD (ISS),2023,petrol,3.8,12.0
Nissan,Frontier 4WD PRO-4X,2023,petrol,3.8,13.0
Nissan,Frontier 4WD PRO-4X,2024,petrol,3.8,12.4
Nissan,Frontier 4WD PRO-4X,2025,petrol,3.8,13.0
Nissan,Frontier 4WD PRO-4X,2026,petrol,3.8,12.9
Nissan,Frontier 4WD PRO-4X (ISS),2023,petrol,3.8,12.4
Nissan,Frontier 4X4,2008,petrol,4.0,12.55
Nissan,Frontier 4X4,2009,petrol,4.0,12.4
Nissan,Frontier V6,2005,petrol,4.0,12.35
Nissan,Frontier V6,2006,petrol,4.0,12.4
Nissan,Frontier V6,2007,petrol,4.0,12.3
Nissan,Frontier V6 4X4,2005,petrol,4.0,12.75
Nissan,Frontier V6 4X4,2006,petrol,4.0,12.8
Nissan,Frontier V6 4X4,2007,petrol,4.0,12.6
Nissan,GT-R,2010,petrol,3.8,11.9
Nissan,GT-R,2011,petrol,3.8,11.9
Nissan,GT-R,2012,petrol,3.8,11.3
Nissan,GT-R,2013,petrol,3.8,11.2
Nissan,GT-R,2014,petrol,3.8,11.2
Nissan,GT-R,2015,petrol,3.8,12.6
Nissan,GT-R,2016,petrol,3.8,12.6
Nissan,GT-R,2017,petrol,3.8,12.8
Nissan,GT-R,2018,petrol,3.8,12.8
Nissan,GT-R,2019,petrol,3.8,12.6
Nissan,GT-R,2020,petrol,3.8,12.8
Nissan,GT-R,2021,petrol,3.8,12.8
Nissan,GT-R,2023,petrol,3.8,12.8
Nissan,GT-R,2024,petrol,3.8,12.8
Nissan,GT-R Turbo,2009,petrol,3.8,11.5
Nissan,Juke,2011,petrol,1.6,7.15
Nissan,Juke,2012,petrol,1.6,7.1
Nissan,Juke,2013,petrol,1.6,7.1
Nissan,Juke,2014,petrol,1.6,7.1
Nissan,Juke,2015,petrol,1.6,7.8
Nissan,Juke,2016,petrol,1.6,7.85
Nissan,Juke,2017,petrol,1.6,8.0
Nissan,Juke AWD,2011,petrol,1.6,7.4
Nissan,Juke AWD,2012,petrol,1.6,7.4
Nissan,Juke AWD,2013,petrol,1.6,7.4
Nissan,Juke AWD,2014,petrol,1.6,7.4
Nissan,Juke AWD,2015,petrol,1.6,8.2
Nissan,Juke AWD,2016,petrol,1.6,8.2
Nissan,Juke AWD,2017,petrol,1.6,8.4
Nissan,Juke Nismo RS,2015,petrol,1.6,8.3
Nissan,Juke Nismo RS,2016,petrol,1.6,8.3
Nissan,Juke Nismo RS,2017,petrol,1.6,8.4
Nissan,Juke Nismo RS AWD,2015,petrol,1.6,8.8
Nissan,Juke Nismo RS AWD,2016,petrol,1.6,8.8
Nissan,Juke Nismo RS AWD,2017,petrol,1.6,8.9
Nissan,Kicks,2018,petrol,1.6,7.2
Nissan,Kicks,2019,petrol,1.6,7.2
Nissan,Kicks,2020,petrol,1.6,7.2
Nissan,Kicks,2021,petrol,1.6,7.2
Nissan,Kicks,2022,petrol,1.6,7.2
Nissan,Kicks,2023,petrol,1.6,7.2
Nissan,Kicks,2024,petrol,1.6,7.2
Nissan,Kicks,2025,petrol,2.0,7.4
Nissan,Kicks,2026,petrol,2.0,7.4
Nissan,Kicks AWD,2025,petrol,2.0,7.7
Nissan,Kicks AWD,2026,petrol,2.0,7.8
Nissan,Kicks Play,2025,petrol,1.6,7.2
Nissan,LEAF,2012,electric,,21.1
Nissan,LEAF,2013,electric,,21.1
Nissan,LEAF,2014,electric,,18.4
Nissan,LEAF,2015,electric,,18.4
Nissan,LEAF,2017,electric,,18.6
Nissan,LEAF,2018,electric,,18.8
Nissan,LEAF (24 kWh),2016,electric,,18.4
Nissan,LEAF (30 kWh),2016,electric,,18.6
Nissan,LEAF (40 kWh),2019,electric,,18.7
Nissan,LEAF (40 kWh),2020,electric,,18.9
Nissan,LEAF (40 kWh),2021,electric,,18.9
Nissan,LEAF (40 kWh),2022,electric,,18.9
Nissan,LEAF Platinum PLUS,2026,electric,,20.3
Nissan,LEAF S PLUS,2019,electric,,19.5
Nissan,LEAF S PLUS,2020,electric,,19.5
Nissan,LEAF S PLUS,2021,electric,,19.5
Nissan,LEAF S PLUS,2022,electric,,19.5
Nissan,LEAF S PLUS,2026,electric,,17.3
Nissan,LEAF SV,2024,electric,,18.9
Nissan,LEAF SV,2025,electric,,18.9
Nissan,LEAF SV PLUS,2024,electric,,19.1
Nissan,LEAF SV PLUS,2025,electric,,19.1
Nissan,LEAF SV PLUS,2026,electric,,18.4
Nissan,LEAF SV/SL PLUS,2019,electric,,20.0
Nissan,LEAF SV/SL PLUS,2020,electric,,20.0
Nissan,LEAF SV/SL PLUS,2021,electric,,20.0
Nissan,LEAF SV/SL PLUS,2022,electric,,20.0
Nissan,Maxima,2005,petrol,3.5,9.8
Nissan,Maxima,2006,petrol,3.5,9.8
Nissan,Maxima,2007,petrol,3.5,9.6
Nissan,Maxima,2008,petrol,3.5,9.7
Nissan,Maxima,2009,petrol,3.5,9.4
Nissan,Maxima,2010,petrol,3.5,9.5
Nissan,Maxima,2011,petrol,3.5,9.4
Nissan,Maxima,2012,petrol,3.5,9.4
Nissan,Maxima,2013,petrol,3.5,9.4
Nissan,Maxima,2014,petrol,3.5,9.5
Nissan,Maxima,2016,petrol,3.5,9.5
Nissan,Maxima,2017,petrol,3.5,9.6
Nissan,Maxima,2018,petrol,3.5,9.6
Nissan,Maxima,2019,petrol,3.5,9.9
Nissan,Maxima,2020,petrol,3.5,9.9
Nissan,Maxima,2021,petrol,3.5,9.9
Nissan,Maxima,2022,petrol,3.5,9.9
Nissan,Maxima,2023,petrol,3.5,9.9
Nissan,Micra,2015,petrol,1.6,7.75
Nissan,Micra,2016,petrol,1.6,7.75
Nissan,Micra,2017,petrol,1.6,7.9
Nissan,Micra,2018,petrol,1.6,7.95
Nissan,Micra,2019,petrol,1.6,7.95
Nissan,Murano,2005,petrol,3.5,10.3
Nissan,Murano,2006,petrol,3.5,10.3
Nissan,Murano,2007,petrol,3.5,10.3
Nissan,Murano,2015,petrol,3.5,9.8
Nissan,Murano,2016,petrol,3.5,9.8
Nissan,Murano,2017,petrol,3.5,9.8
Nissan,Murano,2018,petrol,3.5,9.8
Nissan,Murano,2019,petrol,3.5,10.2
Nissan,Murano,2020,petrol,3.5,10.2
Nissan,Murano,2021,petrol,3.5,10.2
Nissan,Murano AWD,2005,petrol,3.5,10.6
Nissan,Murano AWD,2006,petrol,3.5,10.6
Nissan,Murano AWD,2007,petrol,3.5,10.6
Nissan,Murano AWD,2009,petrol,3.5,10.4
Nissan,Murano AWD,2010,petrol,3.5,10.4
Nissan,Murano AWD,2011,petrol,3.5,10.2
Nissan,Murano AWD,2012,petrol,3.5,10.2
Nissan,Murano AWD,2013,petrol,3.5,10.3
Nissan,Murano AWD,2014,petrol,3.5,10.2
Nissan,Murano AWD,2015,petrol,3.5,9.9
Nissan,Murano AWD,2016,petrol,3.5,9.9
Nissan,Murano AWD,2017,petrol,3.5,9.9
Nissan,Murano AWD,2018,petrol,3.5,9.9
Nissan,Murano AWD,2019,petrol,3.5,10.4
Nissan,Murano AWD,2020,petrol,3.5,10.5
Nissan,Murano AWD,2021,petrol,3.5,10.5
Nissan,Murano AWD,2022,petrol,3.5,10.5
Nissan,Murano AWD,2023,petrol,3.5,10.6
Nissan,Murano AWD,2024,petrol,3.5,10.6
Nissan,Murano AWD,2025,petrol,2.0,9.7
Nissan,Murano AWD,2026,petrol,2.0,9.7
Nissan,NV200 Cargo Van,2013,petrol,2.0,8.0
Nissan,NV200 Cargo Van,2014,petrol,2.0,8.0
Nissan,NV200 Cargo Van,2015,petrol,2.0,9.4
Nissan,NV200 Cargo Van,2016,petrol,2.0,9.4
Nissan,NV200 Cargo Van,2017,petrol,2.0,9.4
Nissan,NV200 Cargo Van,2018,petrol,2.0,9.3
Nissan,NV200 Cargo Van,2019,petrol,2.0,9.3
Nissan,NV200 Cargo Van,2020,petrol,2.0,9.3
Nissan,NV200 Cargo Van,2021,petrol,2.0,9.5
Nissan,Pathfinder,2013,petrol,3.5,9.3
Nissan,Pathfinder,2014,petrol,3.5,9.2
Nissan,Pathfinder,2015,petrol,3.5,10.4
Nissan,Pathfinder,2016,petrol,3.5,10.4
Nissan,Pathfinder,2017,petrol,3.5,10.2
Nissan,Pathfinder,2018,petrol,3.5,10.2
Nissan,Pathfinder,2019,petrol,3.5,10.2
Nissan,Pathfinder,2020,petrol,3.5,10.2
Nissan,Pathfinder 4WD,2010,petrol,4.0,12.8
Nissan,Pathfinder 4WD,2011,petrol,4.0,12.8
Nissan,Pathfinder 4WD,2012,petrol,4.0,12.8
Nissan,Pathfinder 4WD,2013,petrol,3.5,9.5
Nissan,Pathfinder 4WD,2014,petrol,3.5,9.5
Nissan,Pathfinder 4WD,2015,petrol,3.5,10.7
Nissan,Pathfinder 4WD,2016,petrol,3.5,10.7
Nissan,Pathfinder 4WD,2017,petrol,3.5,10.7
Nissan,Pathfinder 4WD,2018,petrol,3.5,10.7
Nissan,Pathfinder 4WD,2019,petrol,3.5,10.7
Nissan,Pathfinder 4WD,2020,petrol,3.5,10.7
Nissan,Pathfinder 4WD,2022,petrol,3.5,10.5
Nissan,Pathfinder 4WD,2023,petrol,3.5,10.5
Nissan,Pathfinder 4WD,2024,petrol,3.5,10.6
Nissan,Pathfinder 4WD,2025,petrol,3.5,10.6
Nissan,Pathfinder 4WD,2026,petrol,3.5,10.8
Nissan,Pathfinder 4WD Platinum,2015,petrol,3.5,11.0
Nissan,Pathfinder 4WD Platinum,2016,petrol,3.5,11.0
Nissan,Pathfinder 4WD Platinum,2017,petrol,3.5,11.0
Nissan,Pathfinder 4WD Platinum,2018,petrol,3.5,11.0
Nissan,Pathfinder 4WD Platinum,2019,petrol,3.5,11.0
Nissan,Pathfinder 4WD Platinum,2020,petrol,3.5,11.0
Nissan,Pathfinder 4WD Rock Creek,2023,petrol,3.5,11.1
Nissan,Pathfinder 4WD Rock Creek,2024,petrol,3.5,11.1
Nissan,Pathfinder 4WD Rock Creek,2025,petrol,3.5,11.1
Nissan,Pathfinder 4WD Rock Creek,2026,petrol,3.5,11.2
Nissan,Pathfinder 4X4,2006,petrol,4.0,13.4
Nissan,Pathfinder 4X4,2007,petrol,4.0,13.1
Nissan,Pathfinder 4X4,2008,petrol,4.0,13.0
Nissan,Pathfinder 4X4,2008,petrol,5.6,14.5
Nissan,Pathfinder 4X4,2009,petrol,4.0,12.7
Nissan,Pathfinder 4X4,2009,petrol,5.6,14.3
Nissan,Pathfinder Hybrid 4WD,2014,hybrid,2.5,7.4
Nissan,Pathfinder Hybrid 4WD,2015,hybrid,2.5,8.8
Nissan,Qashqai,2017,petrol,2.0,8.8
Nissan,Qashqai,2018,petrol,2.0,8.8
Nissan,Qashqai,2019,petrol,2.0,8.7
Nissan,Qashqai,2020,petrol,2.0,8.8
Nissan,Qashqai,2021,petrol,2.0,8.65
Nissan,Qashqai,2022,petrol,2.0,8.65
Nissan,Qashqai,2023,petrol,2.0,8.2
Nissan,Qashqai AWD,2017,petrol,2.0,8.5
Nissan,Qashqai AWD,2018,petrol,2.0,8.5
Nissan,Qashqai AWD,2019,petrol,2.0,8.7
Nissan,Qashqai AWD,2020,petrol,2.0,8.7
Nissan,Qashqai AWD,2021,petrol,2.0,8.6
Nissan,Qashqai AWD,2022,petrol,2.0,8.6
Nissan,Qashqai AWD,2023,petrol,2.0,8.6
Nissan,Quest,2005,petrol,3.5,10.8
Nissan,Quest,2006,petrol,3.5,10.8
Nissan,Quest,2007,petrol,3.5,10.9
Nissan,Quest,2008,petrol,3.5,10.9
Nissan,Quest,2009,petrol,3.5,10.9
Nissan,Quest,2012,petrol,3.5,9.7
Nissan,Quest,2013,petrol,3.5,9.6
Nissan,Quest,2014,petrol,3.5,9.6
Nissan,Quest,2015,petrol,3.5,10.5
Nissan,Rogue,2008,petrol,2.5,8.3
Nissan,Rogue,2009,petrol,2.5,8.3
Nissan,Rogue,2010,petrol,2.5,8.3
Nissan,Rogue,2011,petrol,2.5,8.1
Nissan,Rogue,2012,petrol,2.5,8.1
Nissan,Rogue,2013,petrol,2.5,8.1
Nissan,Rogue,2014,petrol,2.5,7.1
Nissan,Rogue,2015,petrol,2.5,8.3
Nissan,Rogue,2016,petrol,2.5,8.2
Nissan,Rogue,2017,petrol,2.5,8.2
Nissan,Rogue,2018,petrol,2.5,8.2
Nissan,Rogue,2019,petrol,2.5,8.2
Nissan,Rogue,2020,petrol,2.5,8.2
Nissan,Rogue,2021,petrol,2.5,8.3
Nissan,Rogue,2022,petrol,1.5,7.2
Nissan,Rogue,2022,petrol,2.5,8.4
Nissan,Rogue,2023,petrol,1.5,7.2
Nissan,Rogue,2023,petrol,2.5,8.4
Nissan,Rogue,2024,petrol,1.5,7.2
Nissan,Rogue,2025,petrol,1.5,7.2
Nissan,Rogue,2026,petrol,1.5,7.4
Nissan,Rogue AWD,2008,petrol,2.5,8.7
Nissan,Rogue AWD,2009,petrol,2.5,8.6
Nissan,Rogue AWD,2010,petrol,2.5,8.8
Nissan,Rogue AWD,2011,petrol,2.5,8.6
Nissan,Rogue AWD,2012,petrol,2.5,8.8
Nissan,Rogue AWD,2013,petrol,2.5,8.8
Nissan,Rogue AWD,2014,petrol,2.5,7.3
Nissan,Rogue AWD,2015,petrol,2.5,8.5
Nissan,Rogue AWD,2016,petrol,2.5,8.6
Nissan,Rogue AWD,2017,petrol,2.5,8.6
Nissan,Rogue AWD,2018,petrol,2.5,8.7
Nissan,Rogue AWD,2019,petrol,2.5,8.8
Nissan,Rogue AWD,2020,petrol,2.5,8.7
Nissan,Rogue AWD,2021,petrol,2.5,8.3
Nissan,Rogue AWD,2022,petrol,1.5,7.6
Nissan,Rogue AWD,2022,petrol,2.5,8.3
Nissan,Rogue AWD,2023,petrol,1.5,7.6
Nissan,Rogue AWD,2023,petrol,2.5,8.3
Nissan,Rogue AWD,2024,petrol,1.5,7.6
Nissan,Rogue AWD,2025,petrol,1.5,7.6
Nissan,Rogue AWD,2026,petrol,1.5,7.6
Nissan,Rogue AWD Rock Creek,2026,petrol,1.5,8.0
Nissan,Rogue AWD SL/Platinum,2022,petrol,1.5,7.7
Nissan,Rogue AWD SL/Platinum,2023,petrol,1.5,7.7
Nissan,Rogue AWD SL/Platinum,2024,petrol,1.5,7.7
Nissan,Rogue Plug-in Hybrid,2026,hybrid,2.4,9.1
Nissan,Sentra,2005,petrol,1.8,7.4
Nissan,Sentra,2005,petrol,2.5,8.95
Nissan,Sentra,2006,petrol,1.8,7.45
Nissan,Sentra,2006,petrol,2.5,9.0
Nissan,Sentra,2007,petrol,2.0,7.35
Nissan,Sentra,2008,petrol,2.0,7.35
Nissan,Sentra,2008,petrol,2.5,8.1
Nissan,Sentra,2009,petrol,2.0,7.3
Nissan,Sentra,2009,petrol,2.5,8.05
Nissan,Sentra,2010,petrol,2.0,7.1
Nissan,Sentra,2010,petrol,2.5,8.1
Nissan,Sentra,2011,petrol,2.0,7.15
Nissan,Sentra,2011,petrol,2.5,8.1
Nissan,Sentra,2012,petrol,2.0,7.15
Nissan,Sentra,2012,petrol,2.5,8.1
Nissan,Sentra,2013,petrol,1.8,6.2
Nissan,Sentra,2014,petrol,1.8,6.25
Nissan,Sentra,2015,petrol,1.8,7.55
Nissan,Sentra,2016,petrol,1.8,7.55
Nissan,Sentra,2017,petrol,1.8,7.65
Nissan,Sentra,2018,petrol,1.8,7.65
Nissan,Sentra,2019,petrol,1.8,7.55
Nissan,Sentra,2020,petrol,2.0,7.55
Nissan,Sentra,2021,petrol,2.0,7.55
Nissan,Sentra,2022,petrol,2.0,7.5
Nissan,Sentra,2023,petrol,2.0,7.5
Nissan,Sentra,2024,petrol,2.0,7.35
Nissan,Sentra,2025,petrol,2.0,7.3
Nissan,Sentra (Turbo),2017,petrol,1.6,8.25
Nissan,Sentra (Turbo),2018,petrol,1.6,8.25
Nissan,Sentra (Turbo),2019,petrol,1.6,8.25
Nissan,Sentra Nismo,2017,petrol,1.6,8.7
Nissan,Sentra Nismo,2018,petrol,1.6,8.7
Nissan,Sentra Nismo,2019,petrol,1.6,8.7
Nissan,Sentra S,2026,petrol,2.0,7.1
Nissan,Sentra SL/SR,2026,petrol,2.0,7.2
Nissan,Sentra SR,2020,petrol,2.0,7.3
Nissan,Sentra SR,2021,petrol,2.0,7.7
Nissan,Sentra SR,2022,petrol,2.0,7.7
Nissan,Sentra SR,2023,petrol,2.0,7.7
Nissan,Sentra SR,2024,petrol,2.0,7.5
Nissan,Sentra SR,2025,petrol,2.0,7.55
Nissan,Sentra SV,2026,petrol,2.0,7.1
Nissan,Titan,2005,petrol,5.6,14.5
Nissan,Titan,2006,petrol,5.6,14.6
Nissan,Titan,2007,petrol,5.6,14.5
Nissan,Titan,2008,petrol,5.6,14.6
Nissan,Titan,2009,petrol,5.6,14.4
Nissan,Titan,2010,petrol,5.6,14.2
Nissan,Titan,2011,petrol,5.6,13.8
Nissan,Titan,2012,petrol,5.6,13.8
Nissan,Titan,2013,petrol,5.6,13.8
Nissan,Titan,2014,petrol,5.6,13.8
Nissan,Titan,2015,petrol,5.6,16.1
Nissan,Titan,2017,petrol,5.6,13.3
Nissan,Titan,2018,petrol,5.6,13.3
Nissan,Titan,2019,petrol,5.6,13.3
Nissan,Titan 4WD,2010,petrol,5.6,15.1
Nissan,Titan 4WD,2011,petrol,5.6,14.8
Nissan,Titan 4WD,2012,petrol,5.6,15.2
Nissan,Titan 4WD,2013,petrol,5.6,15.2
Nissan,Titan 4WD,2014,petrol,5.6,15.2
Nissan,Titan 4WD,2015,petrol,5.6,17.2
Nissan,Titan 4WD,2017,petrol,5.6,13.4
Nissan,Titan 4WD,2018,petrol,5.6,13.4
Nissan,Titan 4WD,2019,petrol,5.6,13.4
Nissan,Titan 4WD,2020,petrol,5.6,13.3
Nissan,Titan 4WD,2021,petrol,5.6,13.4
Nissan,Titan 4WD PRO-4X,2017,petrol,5.6,14.2
Nissan,Titan 4WD PRO-4X,2018,petrol,5.6,14.1
Nissan,Titan 4WD PRO-4X,2019,petrol,5.6,14.1
Nissan,Titan 4WD PRO-4X,2020,petrol,5.6,13.3
Nissan,Titan 4WD PRO-4X,2021,petrol,5.6,13.6
Nissan,Titan 4X4,2005,petrol,5.6,15.0
Nissan,Titan 4X4,2006,petrol,5.6,14.9
Nissan,Titan 4X4,2007,petrol,5.6,15.2
Nissan,Titan 4X4,2008,petrol,5.6,15.4
Nissan,Titan 4X4,2009,petrol,5.6,15.1
Nissan,Versa,2007,petrol,1.8,7.23
Nissan,Versa,2008,petrol,1.8,7.13
Nissan,Versa,2009,petrol,1.8,7.13
Nissan,Versa,2010,petrol,1.6,6.9
Nissan,Versa,2010,petrol,1.8,7.07
Nissan,Versa,2011,petrol,1.6,6.95
Nissan,Versa,2011,petrol,1.8,7.07
Nissan,Versa,2012,petrol,1.6,6.3
Nissan,Versa,2012,petrol,1.8,7.07
Nissan,Versa,2013,petrol,1.6,6.0
Nissan,Versa,2014,petrol,1.6,6.0
Nissan,Versa,2015,petrol,1.6,7.25
Nissan,Versa,2016,petrol,1.6,7.2
Nissan,Versa,2017,petrol,1.6,7.35
Nissan,Versa,2018,petrol,1.6,7.35
Nissan,Versa,2019,petrol,1.6,7.35
Nissan,Versa,2020,petrol,1.6,7.2
Nissan,Versa,2021,petrol,1.6,7.2
Nissan,Versa,2022,petrol,1.6,7.2
Nissan,Versa,2023,petrol,1.6,7.2
Nissan,Versa,2024,petrol,1.6,7.2
Nissan,Versa,2025,petrol,1.6,7.25
Nissan,X-Trail,2005,petrol,2.5,9.3
Nissan,X-Trail,2006,petrol,2.5,9.3
Nissan,X-Trail AWD,2005,petrol,2.5,9.55
Nissan,X-Trail AWD,2006,petrol,2.5,9.55
Nissan,Xterra 4WD,2010,petrol,4.0,12.25
Nissan,Xterra 4WD,2011,petrol,4.0,12.45
Nissan,Xterra 4WD,2012,petrol,4.0,12.45
Nissan,Xterra 4WD,2013,petrol,4.0,12.2
Nissan,Xterra 4WD,2014,petrol,4.0,12.25
Nissan,Xterra 4WD,2015,petrol,4.0,14.3
Nissan,Xterra 4X4,2006,petrol,4.0,12.7
Nissan,Xterra 4X4,2007,petrol,4.0,12.35
Nissan,Xterra 4X4,2008,petrol,4.0,12.3
Nissan,Xterra 4X4,2009,petrol,4.0,12.25
Nissan,Z,2023,petrol,3.0,11.25
Nissan,Z,2024,petrol,3.0,11.25
Nissan,Z,2025,petrol,3.0,11.25
Nissan,Z,2026,petrol,3.0,11.25
Nissan,Z NISMO,2024,petrol,3.0,12.2
Nissan,Z NISMO,2025,petrol,3.0,12.2
Nissan,Z Nismo,2026,petrol,3.0,12.2
Polestar,1,2021,hybrid,2.0,9.2
Polestar,2,2021,electric,,22.8
Polestar,2 BST Edition,2023,electric,,22.1
Polestar,2 Dual Motor,2022,electric,,23.5
Polestar,2 Dual Motor,2023,electric,,20.9
Polestar,"2 Dual Motor (19"" Wheels)",2024,electric,,19.7
Polestar,"2 Dual Motor (19"" Wheels)",2025,electric,,20.8
Polestar,"2 Dual Motor (20"" Wheels)",2024,electric,,20.5
Polestar,"2 Dual Motor (20"" Wheels)",2025,electric,,21.7
Polestar,2 Dual Motor Performance Pack,2023,electric,,20.9
Polestar,2 Dual Motor Performance Pack,2024,electric,,21.7
Polestar,2 Dual Motor Performance Pack,2025,electric,,22.9
Polestar,2 Single Motor,2022,electric,,19.6
Polestar,2 Single Motor,2023,electric,,19.6
Polestar,"2 Single Motor (19"" Wheels)",2024,electric,,18.2
Polestar,"2 Single Motor (19"" Wheels)",2025,electric,,18.4
Polestar,"2 Single Motor (20"" Wheels)",2024,electric,,18.6
Polestar,"2 Single Motor (20"" Wheels)",2025,electric,,19.2
Polestar,"3 Long Range Dual Motor (20"" Wheels)",2025,electric,,24.2
Polestar,"3 Long Range Dual Motor (20"" Wheels)",2026,electric,,23.6
Polestar,"3 Long Range Dual Motor (21"" Wheels)",2025,electric,,23.8
Polestar,"3 Long Range Dual Motor (21"" Wheels)",2026,electric,,23.3
Polestar,"3 Long Range Dual Motor (22"" Wheels)",2025,electric,,26.1
Polestar,"3 Long Range Dual Motor (22"" Wheels)",2026,electric,,25.8
Polestar,3 Long Range Dual Motor Performance Pack,2025,electric,,27.2
Polestar,3 Long Range Dual Motor Performance Pack,2026,electric,,25.8
Polestar,"3 Long Range Single Motor (20"" Wheels)",2025,electric,,22.4
Polestar,"3 Long Range Single Motor (20"" Wheels)",2026,electric,,22.1
Polestar,"3 Long Range Single Motor (21"" Wheels)",2025,electric,,21.9
Polestar,"3 Long Range Single Motor (21"" Wheels)",2026,electric,,21.6
Polestar,"3 Long Range Single Motor (22"" Wheels)",2025,electric,,23.0
Polestar,4 Long Range Dual Motor,2025,electric,,25.5
Polestar,4 Long Range Dual Motor,2026,electric,,24.9
Polestar,4 Long Range Dual Motor Performance,2026,electric,,27.3
Polestar,4 Long Range Single Motor,2025,electric,,23.0
Polestar,4 Long Range Single Motor,2026,electric,,21.7
Porsche,718 Boxster,2020,petrol,2.0,10.25
Porsche,718 Boxster,2021,petrol,2.0,10.25
Porsche,718 Boxster,2022,petrol,2.0,10.25
Porsche,718 Boxster,2023,petrol,2.0,10.45
Porsche,718 Boxster,2024,petrol,2.0,10.45
Porsche,718 Boxster,2025,petrol,2.0,10.45
Porsche,718 Boxster GTS,2023,petrol,4.0,11.65
Porsche,718 Boxster GTS,2025,petrol,4.0,11.65
Porsche,718 Boxster GTS 4.0,2021,petrol,4.0,11.65
Porsche,718 Boxster GTS 4.0,2022,petrol,4.0,11.65
Porsche,718 Boxster GTS 4.0,2024,petrol,4.0,11.65
Porsche,718 Boxster S,2020,petrol,2.5,11.05
Porsche,718 Boxster S,2021,petrol,2.5,11.05
Porsche,718 Boxster S,2022,petrol,2.5,11.05
Porsche,718 Boxster S,2023,petrol,2.5,11.05
Porsche,718 Boxster S,2024,petrol,2.5,11.05
Porsche,718 Boxster S,2025,petrol,2.5,11.05
Porsche,718 Boxster T,2020,petrol,2.0,10.3
Porsche,718 Boxster T,2021,petrol,2.0,10.3
Porsche,718 Boxster T,2022,petrol,2.0,10.3
Porsche,718 Boxster T,2023,petrol,2.0,10.3
Porsche,718 Cayman,2020,petrol,2.0,10.25
Porsche,718 Cayman,2021,petrol,2.0,10.25
Porsche,718 Cayman,2022,petrol,2.0,10.25
Porsche,718 Cayman,2023,petrol,2.0,10.45
Porsche,718 Cayman,2024,petrol,2.0,10.45
Porsche,718 Cayman,2025,petrol,2.0,10.45
Porsche,718 Cayman GT4,2020,petrol,4.0,12.5
Porsche,718 Cayman GT4,2021,petrol,4.0,11.9
Porsche,718 Cayman GT4,2022,petrol,4.0,11.9
Porsche,718 Cayman GT4,2023,petrol,4.0,11.95
Porsche,718 Cayman GTS,2023,petrol,4.0,11.65
Porsche,718 Cayman GTS,2025,petrol,4.0,11.65
Porsche,718 Cayman GTS 4.0,2021,petrol,4.0,11.65
Porsche,718 Cayman GTS 4.0,2022,petrol,4.0,11.65
Porsche,718 Cayman GTS 4.0,2024,petrol,4.0,11.65
Porsche,718 Cayman S,2020,petrol,2.5,11.05
Porsche,718 Cayman S,2021,petrol,2.5,11.05
Porsche,718 Cayman S,2022,petrol,2.5,11.05
Porsche,718 Cayman S,2023,petrol,2.5,11.05
Porsche,718 Cayman S,2024,petrol,2.5,11.05
Porsche,718 Cayman S,2025,petrol,2.5,11.05
Porsche,718 Cayman T,2020,petrol,2.0,10.3
Porsche,718 Cayman T,2021,petrol,2.0,10.3
Porsche,718 Cayman T,2022,petrol,2.0,10.3
Porsche,718 Cayman T,2023,petrol,2.0,10.3
Porsche,718 GT4 RS,2023,petrol,4.0,14.4
Porsche,718 GT4 RS,2024,petrol,4.0,14.4
Porsche,718 GT4 RS,2025,petrol,4.0,14.4
Porsche,718 Spyder,2020,petrol,4.0,12.5
Porsche,718 Spyder,2021,petrol,4.0,11.9
Porsche,718 Spyder,2022,petrol,4.0,11.9
Porsche,718 Spyder,2023,petrol,4.0,11.95
Porsche,718 Spyder RS,2024,petrol,4.0,14.6
Porsche,718 Spyder RS,2025,petrol,4.0,14.6
Porsche,911 Carrera,2010,petrol,3.6,9.55
Porsche,911 Carrera,2011,petrol,3.6,9.6
Porsche,911 Carrera,2012,petrol,3.6,9.6
Porsche,911 Carrera,2013,petrol,3.4,9.05
Porsche,911 Carrera,2014,petrol,3.4,9.05
Porsche,911 Carrera,2015,petrol,3.4,10.35
Porsche,911 Carrera,2016,petrol,3.4,10.35
Porsche,911 Carrera,2017,petrol,3.0,9.75
Porsche,911 Carrera,2018,petrol,3.0,9.75
Porsche,911 Carrera,2019,petrol,3.0,9.75
Porsche,911 Carrera,2020,petrol,3.0,11.6
Porsche,911 Carrera,2021,petrol,3.0,11.6
Porsche,911 Carrera,2022,petrol,3.0,11.6
Porsche,911 Carrera,2023,petrol,3.0,11.6
Porsche,911 Carrera,2024,petrol,3.0,11.6
Porsche,911 Carrera,2025,petrol,3.0,11.3
Porsche,911 Carrera,2026,petrol,3.0,11.3
Porsche,911 Carrera 2 Cabriolet 997,2005,petrol,3.6,10.7
Porsche,911 Carrera 2 Coupe 997,2005,petrol,3.6,10.7
Porsche,911 Carrera 2S Cabriolet 997,2005,petrol,3.8,10.7
Porsche,911 Carrera 2S Coupe 997,2005,petrol,3.8,10.7
Porsche,911 Carrera 4,2010,petrol,3.6,9.7
Porsche,911 Carrera 4,2011,petrol,3.6,9.75
Porsche,911 Carrera 4,2012,petrol,3.6,9.75
Porsche,911 Carrera 4,2013,petrol,3.4,9.1
Porsche,911 Carrera 4,2014,petrol,3.4,9.1
Porsche,911 Carrera 4,2015,petrol,3.4,10.45
Porsche,911 Carrera 4,2016,petrol,3.4,10.45
Porsche,911 Carrera 4,2017,petrol,3.0,10.0
Porsche,911 Carrera 4,2018,petrol,3.0,10.0
Porsche,911 Carrera 4,2019,petrol,3.0,10.0
Porsche,911 Carrera 4,2020,petrol,3.0,11.6
Porsche,911 Carrera 4,2021,petrol,3.0,11.6
Porsche,911 Carrera 4,2022,petrol,3.0,11.6
Porsche,911 Carrera 4,2023,petrol,3.0,11.6
Porsche,911 Carrera 4,2024,petrol,3.0,11.6
Porsche,911 Carrera 4 Cabriolet,2010,petrol,3.6,9.75
Porsche,911 Carrera 4 Cabriolet,2011,petrol,3.6,9.75
Porsche,911 Carrera 4 Cabriolet,2012,petrol,3.6,9.75
Porsche,911 Carrera 4 Cabriolet,2013,petrol,3.4,9.3
Porsche,911 Carrera 4 Cabriolet,2014,petrol,3.4,9.3
Porsche,911 Carrera 4 Cabriolet,2015,petrol,3.4,10.7
Porsche,911 Carrera 4 Cabriolet,2016,petrol,3.4,10.7
Porsche,911 Carrera 4 Cabriolet,2017,petrol,3.0,10.15
Porsche,911 Carrera 4 Cabriolet,2018,petrol,3.0,10.15
Porsche,911 Carrera 4 Cabriolet,2019,petrol,3.0,10.15
Porsche,911 Carrera 4 Cabriolet,2020,petrol,3.0,11.6
Porsche,911 Carrera 4 Cabriolet,2021,petrol,3.0,11.6
Porsche,911 Carrera 4 Cabriolet,2022,petrol,3.0,11.6
Porsche,911 Carrera 4 Cabriolet,2023,petrol,3.0,11.6
Porsche,911 Carrera 4 Cabriolet,2024,petrol,3.0,11.6
Porsche,911 Carrera 4 GTS,2015,petrol,3.8,11.2
Porsche,911 Carrera 4 GTS,2016,petrol,3.8,11.2
Porsche,911 Carrera 4 GTS,2018,petrol,3.0,10.8
Porsche,911 Carrera 4 GTS,2019,petrol,3.0,10.8
Porsche,911 Carrera 4 GTS,2022,petrol,3.0,12.15
Porsche,911 Carrera 4 GTS,2023,petrol,3.0,12.15
Porsche,911 Carrera 4 GTS,2024,petrol,3.0,12.15
Porsche,911 Carrera 4 GTS,2025,petrol,3.6,12.2
Porsche,911 Carrera 4 GTS Cabriolet,2015,petrol,3.8,11.5
Porsche,911 Carrera 4 GTS Cabriolet,2016,petrol,3.8,11.5
Porsche,911 Carrera 4 GTS Cabriolet,2018,petrol,3.0,10.9
Porsche,911 Carrera 4 GTS Cabriolet,2019,petrol,3.0,10.95
Porsche,911 Carrera 4 GTS Cabriolet,2022,petrol,3.0,12.5
Porsche,911 Carrera 4 GTS Cabriolet,2023,petrol,3.0,12.5
Porsche,911 Carrera 4 GTS Cabriolet,2024,petrol,3.0,12.5
Porsche,911 Carrera 4 GTS Cabriolet,2025,petrol,3.6,12.0
Porsche,911 Carrera 4S,2010,petrol,3.8,9.9
Porsche,911 Carrera 4S,2011,petrol,3.8,9.8
Porsche,911 Carrera 4S,2012,petrol,3.8,9.8
Porsche,911 Carrera 4S,2013,petrol,3.8,9.5
Porsche,911 Carrera 4S,2014,petrol,3.8,9.5
Porsche,911 Carrera 4S,2015,petrol,3.8,10.85
Porsche,911 Carrera 4S,2016,petrol,3.8,10.85
Porsche,911 Carrera 4S,2017,petrol,3.0,10.15
Porsche,911 Carrera 4S,2018,petrol,3.0,10.15
Porsche,911 Carrera 4S,2019,petrol,3.0,10.15
Porsche,911 Carrera 4S,2020,petrol,3.0,11.9
Porsche,911 Carrera 4S,2021,petrol,3.0,11.8
Porsche,911 Carrera 4S,2022,petrol,3.0,11.8
Porsche,911 Carrera 4S,2023,petrol,3.0,11.8
Porsche,911 Carrera 4S,2024,petrol,3.0,11.8
Porsche,911 Carrera 4S Cabriolet,2010,petrol,3.8,9.85
Porsche,911 Carrera 4S Cabriolet,2011,petrol,3.8,9.9
Porsche,911 Carrera 4S Cabriolet,2012,petrol,3.8,9.9
Porsche,911 Carrera 4S Cabriolet,2013,petrol,3.8,9.7
Porsche,911 Carrera 4S Cabriolet,2014,petrol,3.8,9.7
Porsche,911 Carrera 4S Cabriolet,2015,petrol,3.8,11.1
Porsche,911 Carrera 4S Cabriolet,2016,petrol,3.8,11.1
Porsche,911 Carrera 4S Cabriolet,2017,petrol,3.0,10.2
Porsche,911 Carrera 4S Cabriolet,2018,petrol,3.0,10.2
Porsche,911 Carrera 4S Cabriolet,2019,petrol,3.0,10.2
Porsche,911 Carrera 4S Cabriolet,2020,petrol,3.0,11.9
Porsche,911 Carrera 4S Cabriolet,2021,petrol,3.0,11.85
Porsche,911 Carrera 4S Cabriolet,2022,petrol,3.0,11.85
Porsche,911 Carrera 4S Cabriolet,2023,petrol,3.0,11.85
Porsche,911 Carrera 4S Cabriolet,2024,petrol,3.0,11.85
Porsche,911 Carrera Black Edition,2012,petrol,3.6,9.6
Porsche,911 Carrera Black Edition Cabriolet,2012,petrol,3.6,9.6
Porsche,911 Carrera Cabriolet,2010,petrol,3.6,9.55
Porsche,911 Carrera Cabriolet,2011,petrol,3.6,9.6
Porsche,911 Carrera Cabriolet,2012,petrol,3.6,9.6
Porsche,911 Carrera Cabriolet,2013,petrol,3.4,9.05
Porsche,911 Carrera Cabriolet,2014,petrol,3.4,9.05
Porsche,911 Carrera Cabriolet,2015,petrol,3.4,10.4
Porsche,911 Carrera Cabriolet,2016,petrol,3.4,10.4
Porsche,911 Carrera Cabriolet,2017,petrol,3.0,10.0
Porsche,911 Carrera Cabriolet,2018,petrol,3.0,10.0
Porsche,911 Carrera Cabriolet,2019,petrol,3.0,10.0
Porsche,911 Carrera Cabriolet,2020,petrol,3.0,12.0
Porsche,911 Carrera Cabriolet,2021,petrol,3.0,11.6
Porsche,911 Carrera Cabriolet,2022,petrol,3.0,11.6
Porsche,911 Carrera Cabriolet,2023,petrol,3.0,11.6
Porsche,911 Carrera Cabriolet,2024,petrol,3.0,11.6
Porsche,911 Carrera Cabriolet,2025,petrol,3.0,11.4
Porsche,911 Carrera Cabriolet,2026,petrol,3.0,11.4
Porsche,911 Carrera GTS,2015,petrol,3.8,11.1
Porsche,911 Carrera GTS,2016,petrol,3.8,11.1
Porsche,911 Carrera GTS,2018,petrol,3.0,10.75
Porsche,911 Carrera GTS,2019,petrol,3.0,10.8
Porsche,911 Carrera GTS,2022,petrol,3.0,12.0
Porsche,911 Carrera GTS,2023,petrol,3.0,12.0
Porsche,911 Carrera GTS,2024,petrol,3.0,12.0
Porsche,911 Carrera GTS,2025,petrol,3.6,11.6
Porsche,911 Carrera GTS Cabriolet,2015,petrol,3.8,11.35
Porsche,911 Carrera GTS Cabriolet,2016,petrol,3.8,11.35
Porsche,911 Carrera GTS Cabriolet,2018,petrol,3.0,10.8
Porsche,911 Carrera GTS Cabriolet,2019,petrol,3.0,10.85
Porsche,911 Carrera GTS Cabriolet,2022,petrol,3.0,12.05
Porsche,911 Carrera GTS Cabriolet,2023,petrol,3.0,12.05
Porsche,911 Carrera GTS Cabriolet,2024,petrol,3.0,12.05
Porsche,911 Carrera GTS Cabriolet,2025,petrol,3.6,12.1
Porsche,911 Carrera S,2010,petrol,3.8,9.7
Porsche,911 Carrera S,2011,petrol,3.8,9.75
Porsche,911 Carrera S,2012,petrol,3.8,9.75
Porsche,911 Carrera S,2013,petrol,3.8,9.3
Porsche,911 Carrera S,2014,petrol,3.8,9.3
Porsche,911 Carrera S,2015,petrol,3.8,10.6
Porsche,911 Carrera S,2016,petrol,3.8,10.6
Porsche,911 Carrera S,2017,petrol,3.0,10.05
Porsche,911 Carrera S,2018,petrol,3.0,10.05
Porsche,911 Carrera S,2019,petrol,3.0,10.0
Porsche,911 Carrera S,2020,petrol,3.0,11.65
Porsche,911 Carrera S,2021,petrol,3.0,11.5
Porsche,911 Carrera S,2022,petrol,3.0,11.5
Porsche,911 Carrera S,2023,petrol,3.0,11.5
Porsche,911 Carrera S,2024,petrol,3.0,11.5
Porsche,911 Carrera S,2025,petrol,3.0,11.4
Porsche,911 Carrera S Cabriolet,2010,petrol,3.8,9.7
Porsche,911 Carrera S Cabriolet,2011,petrol,3.8,9.65
Porsche,911 Carrera S Cabriolet,2012,petrol,3.8,9.65
Porsche,911 Carrera S Cabriolet,2013,petrol,3.8,9.4
Porsche,911 Carrera S Cabriolet,2014,petrol,3.8,9.4
Porsche,911 Carrera S Cabriolet,2015,petrol,3.8,10.75
Porsche,911 Carrera S Cabriolet,2016,petrol,3.8,10.75
Porsche,911 Carrera S Cabriolet,2017,petrol,3.0,10.05
Porsche,911 Carrera S Cabriolet,2018,petrol,3.0,10.05
Porsche,911 Carrera S Cabriolet,2019,petrol,3.0,10.05
Porsche,911 Carrera S Cabriolet,2020,petrol,3.0,11.7
Porsche,911 Carrera S Cabriolet,2021,petrol,3.0,11.75
Porsche,911 Carrera S Cabriolet,2022,petrol,3.0,11.75
Porsche,911 Carrera S Cabriolet,2023,petrol,3.0,11.75
Porsche,911 Carrera S Cabriolet,2024,petrol,3.0,11.75
Porsche,911 Carrera S Cabriolet,2025,petrol,3.0,11.5
Porsche,911 Carrera T,2019,petrol,3.0,11.45
Porsche,911 Carrera T,2023,petrol,3.0,11.7
Porsche,911 Carrera T,2024,petrol,3.0,11.6
Porsche,911 Carrera T,2025,petrol,3.0,11.8
Porsche,911 Carrera T Cabriolet,2025,petrol,3.0,11.9
Porsche,911 Dakar,2023,petrol,3.0,12.5
Porsche,911 Dakar,2024,petrol,3.0,12.5
Porsche,911 GT2,2005,petrol,3.6,12.7
Porsche,911 GT2,2009,petrol,3.6,11.6
Porsche,911 GT2 RS,2019,petrol,3.8,13.5
Porsche,911 GT2RS,2011,petrol,3.6,11.0
Porsche,911 GT3,2005,petrol,3.6,12.8
Porsche,911 GT3,2007,petrol,3.6,11.3
Porsche,911 GT3,2008,petrol,3.6,11.7
Porsche,911 GT3,2010,petrol,3.8,12.7
Porsche,911 GT3,2011,petrol,3.8,12.7
Porsche,911 GT3,2014,petrol,3.8,12.3
Porsche,911 GT3,2015,petrol,3.8,14.0
Porsche,911 GT3,2016,petrol,3.8,14.0
Porsche,911 GT3,2018,petrol,4.0,14.5
Porsche,911 GT3,2019,petrol,4.0,14.5
Porsche,911 GT3,2022,petrol,4.0,14.75
Porsche,911 GT3,2023,petrol,4.0,14.75
Porsche,911 GT3,2024,petrol,4.0,15.2
Porsche,911 GT3,2025,petrol,4.0,15.05
Porsche,911 GT3 RS,2007,petrol,3.6,11.7
Porsche,911 GT3 RS,2008,petrol,3.6,11.5
Porsche,911 GT3 RS,2010,petrol,3.8,12.7
Porsche,911 GT3 RS,2019,petrol,4.0,14.4
Porsche,911 GT3 RS,2023,petrol,4.0,15.1
Porsche,911 GT3 RS,2024,petrol,4.0,15.1
Porsche,911 GT3 RS,2025,petrol,4.0,15.1
Porsche,911 GT3 Touring,2019,petrol,4.0,14.1
Porsche,911 GT3 Touring,2022,petrol,4.0,14.8
Porsche,911 GT3 Touring,2023,petrol,4.0,14.8
Porsche,911 GT3 Touring,2024,petrol,4.0,15.2
Porsche,911 GT3 Touring,2025,petrol,4.0,15.1
Porsche,911 GT3RS,2011,petrol,3.8,12.7
Porsche,911 GT3RS,2016,petrol,4.0,14.3
Porsche,911 GT3RS 4.0,2011,petrol,4.0,13.5
Porsche,911 GTS,2011,petrol,3.8,9.75
Porsche,911 GTS,2012,petrol,3.8,9.75
Porsche,911 GTS 4,2012,petrol,3.8,9.8
Porsche,911 GTS 4 Cabriolet,2012,petrol,3.8,9.9
Porsche,911 GTS Cabriolet,2011,petrol,3.8,9.65
Porsche,911 GTS Cabriolet,2012,petrol,3.8,9.65
Porsche,911 S/T,2024,petrol,4.0,15.5
Porsche,911 Speedster,2011,petrol,3.8,9.5
Porsche,911 Speedster,2019,petrol,4.0,15.1
Porsche,911 Sport Classic,2023,petrol,3.7,13.7
Porsche,911 Targa 4,2010,petrol,3.6,9.75
Porsche,911 Targa 4,2011,petrol,3.6,9.75
Porsche,911 Targa 4,2012,petrol,3.6,9.75
Porsche,911 Targa 4,2015,petrol,3.4,10.95
Porsche,911 Targa 4,2016,petrol,3.4,10.95
Porsche,911 Targa 4,2017,petrol,3.0,10.15
Porsche,911 Targa 4,2018,petrol,3.0,10.15
Porsche,911 Targa 4,2019,petrol,3.0,10.15
Porsche,911 Targa 4,2021,petrol,3.0,11.6
Porsche,911 Targa 4,2022,petrol,3.0,11.6
Porsche,911 Targa 4,2023,petrol,3.0,11.6
Porsche,911 Targa 4,2024,petrol,3.0,11.6
Porsche,911 Targa 4 GTS,2018,petrol,3.0,11.1
Porsche,911 Targa 4 GTS,2019,petrol,3.0,11.1
Porsche,911 Targa 4 GTS,2022,petrol,3.0,12.5
Porsche,911 Targa 4 GTS,2023,petrol,3.0,12.5
Porsche,911 Targa 4 GTS,2024,petrol,3.0,12.5
Porsche,911 Targa 4 GTS,2025,petrol,3.6,12.1
Porsche,911 Targa 4S,2010,petrol,3.8,9.85
Porsche,911 Targa 4S,2011,petrol,3.8,9.9
Porsche,911 Targa 4S,2012,petrol,3.8,9.9
Porsche,911 Targa 4S,2015,petrol,3.8,11.3
Porsche,911 Targa 4S,2016,petrol,3.8,11.3
Porsche,911 Targa 4S,2017,petrol,3.0,10.25
Porsche,911 Targa 4S,2018,petrol,3.0,10.25
Porsche,911 Targa 4S,2019,petrol,3.0,10.25
Porsche,911 Targa 4S,2021,petrol,3.0,11.85
Porsche,911 Targa 4S,2022,petrol,3.0,11.85
Porsche,911 Targa 4S,2023,petrol,3.0,11.85
Porsche,911 Targa 4S,2024,petrol,3.0,11.85
Porsche,911 Turbo,2005,petrol,3.6,13.3
Porsche,911 Turbo,2007,petrol,3.6,11.25
Porsche,911 Turbo,2008,petrol,3.6,11.25
Porsche,911 Turbo,2009,petrol,3.6,11.25
Porsche,911 Turbo,2010,petrol,3.6,10.7
Porsche,911 Turbo,2011,petrol,3.8,10.7
Porsche,911 Turbo,2012,petrol,3.8,10.7
Porsche,911 Turbo,2013,petrol,3.8,10.7
Porsche,911 Turbo,2014,petrol,3.8,10.3
Porsche,911 Turbo,2015,petrol,3.8,11.9
Porsche,911 Turbo,2016,petrol,3.8,11.9
Porsche,911 Turbo,2017,petrol,3.8,11.4
Porsche,911 Turbo,2018,petrol,3.8,11.4
Porsche,911 Turbo,2019,petrol,3.8,11.4
Porsche,911 Turbo,2021,petrol,3.7,13.7
Porsche,911 Turbo,2022,petrol,3.7,13.7
Porsche,911 Turbo,2023,petrol,3.7,13.7
Porsche,911 Turbo,2024,petrol,3.7,14.2
Porsche,911 Turbo,2025,petrol,3.7,14.2
Porsche,911 Turbo Cabriolet,2005,petrol,3.6,13.3
Porsche,911 Turbo Cabriolet,2008,petrol,3.6,11.5
Porsche,911 Turbo Cabriolet,2009,petrol,3.6,11.5
Porsche,911 Turbo Cabriolet,2010,petrol,3.8,10.95
Porsche,911 Turbo Cabriolet,2011,petrol,3.8,10.95
Porsche,911 Turbo Cabriolet,2012,petrol,3.8,10.95
Porsche,911 Turbo Cabriolet,2013,petrol,3.8,10.95
Porsche,911 Turbo Cabriolet,2014,petrol,3.8,10.3
Porsche,911 Turbo Cabriolet,2015,petrol,3.8,11.9
Porsche,911 Turbo Cabriolet,2016,petrol,3.8,11.9
Porsche,911 Turbo Cabriolet,2017,petrol,3.8,11.4
Porsche,911 Turbo Cabriolet,2018,petrol,3.8,11.4
Porsche,911 Turbo Cabriolet,2019,petrol,3.8,11.4
Porsche,911 Turbo Cabriolet,2021,petrol,3.7,13.9
Porsche,911 Turbo Cabriolet,2022,petrol,3.7,13.9
Porsche,911 Turbo Cabriolet,2023,petrol,3.7,13.9
Porsche,911 Turbo Cabriolet,2024,petrol,3.7,14.5
Porsche,911 Turbo Cabriolet,2025,petrol,3.7,14.5
Porsche,911 Turbo Cabriolet Kit,2005,petrol,3.6,13.3
Porsche,911 Turbo Cabriolet S,2005,petrol,3.6,13.3
Porsche,911 Turbo Kit,2005,petrol,3.6,13.3
Porsche,911 Turbo S,2005,petrol,3.6,13.3
Porsche,911 Turbo S,2011,petrol,3.8,10.6
Porsche,911 Turbo S,2012,petrol,3.8,10.6
Porsche,911 Turbo S,2013,petrol,3.8,10.6
Porsche,911 Turbo S,2014,petrol,3.8,10.3
Porsche,911 Turbo S,2015,petrol,3.8,11.9
Porsche,911 Turbo S,2016,petrol,3.8,11.9
Porsche,911 Turbo S,2017,petrol,3.8,11.4
Porsche,911 Turbo S,2018,petrol,3.8,11.4
Porsche,911 Turbo S,2019,petrol,3.8,11.4
Porsche,911 Turbo S,2021,petrol,3.7,13.7
Porsche,911 Turbo S,2022,petrol,3.7,13.7
Porsche,911 Turbo S,2023,petrol,3.7,13.7
Porsche,911 Turbo S,2024,petrol,3.7,14.4
Porsche,911 Turbo S,2025,petrol,3.7,14.4
Porsche,911 Turbo S Cabriolet,2011,petrol,3.8,11.0
Porsche,911 Turbo S Cabriolet,2012,petrol,3.8,11.0
Porsche,911 Turbo S Cabriolet,2013,petrol,3.8,11.0
Porsche,911 Turbo S Cabriolet,2014,petrol,3.8,10.3
Porsche,911 Turbo S Cabriolet,2015,petrol,3.8,11.9
Porsche,911 Turbo S Cabriolet,2016,petrol,3.8,11.9
Porsche,911 Turbo S Cabriolet,2017,petrol,3.8,11.4
Porsche,911 Turbo S Cabriolet,2018,petrol,3.8,11.4
Porsche,911 Turbo S Cabriolet,2019,petrol,3.8,11.4
Porsche,911 Turbo S Cabriolet,2021,petrol,3.7,14.1
Porsche,911 Turbo S Cabriolet,2022,petrol,3.7,14.1
Porsche,911 Turbo S Cabriolet,2023,petrol,3.7,14.1
Porsche,911 Turbo S Cabriolet,2024,petrol,3.7,14.5
Porsche,911 Turbo S Cabriolet,2025,petrol,3.7,14.5
Porsche,911 Turbo S Exclusive,2018,petrol,3.8,12.3
Porsche,911 Turbo S Exclusive Cabriolet,2019,petrol,3.8,12.7
Porsche,911 Turbo S Special Edition,2012,petrol,3.8,10.6
Porsche,911 Turbo S Special Edition Cabriolet,2012,petrol,3.8,11.0
Porsche,918 Spyder,2015,hybrid,4.6,10.9
Porsche,Boxster,2006,petrol,2.7,10.1
Porsche,Boxster,2007,petrol,2.7,9.1
Porsche,Boxster,2008,petrol,2.7,9.1
Porsche,Boxster,2010,petrol,2.9,9.05
Porsche,Boxster,2011,petrol,2.9,9.05
Porsche,Boxster,2012,petrol,2.9,9.05
Porsche,Boxster,2013,petrol,2.7,8.25
Porsche,Boxster,2014,petrol,2.7,8.25
Porsche,Boxster,2015,petrol,2.7,9.55
Porsche,Boxster,2016,petrol,2.7,9.55
Porsche,Boxster,2017,petrol,2.0,9.6
Porsche,Boxster,2018,petrol,2.0,9.6
Porsche,Boxster,2019,petrol,2.0,9.6
Porsche,Boxster GTS,2015,petrol,3.4,10.1
Porsche,Boxster GTS,2016,petrol,3.4,10.1
Porsche,Boxster GTS,2018,petrol,2.5,10.8
Porsche,Boxster GTS,2019,petrol,2.5,10.8
Porsche,Boxster S,2006,petrol,3.2,10.55
Porsche,Boxster S,2007,petrol,3.2,9.9
Porsche,Boxster S,2008,petrol,3.4,9.9
Porsche,Boxster S,2010,petrol,3.4,9.2
Porsche,Boxster S,2011,petrol,3.4,9.2
Porsche,Boxster S,2012,petrol,3.4,9.2
Porsche,Boxster S,2013,petrol,3.4,8.7
Porsche,Boxster S,2014,petrol,3.4,8.7
Porsche,Boxster S,2015,petrol,3.4,10.1
Porsche,Boxster S,2016,petrol,3.4,10.1
Porsche,Boxster S,2017,petrol,2.5,10.3
Porsche,Boxster S,2018,petrol,2.5,10.3
Porsche,Boxster S,2019,petrol,2.5,10.3
Porsche,Boxster S Black Edition,2012,petrol,3.4,9.2
Porsche,Boxster Spyder,2011,petrol,3.4,9.0
Porsche,Boxster Spyder,2016,petrol,3.8,11.6
Porsche,Carrera,2009,petrol,3.6,9.6
Porsche,Carrera 2 Cabriolet,2005,petrol,3.6,10.9
Porsche,Carrera 2 Cabriolet,2006,petrol,3.6,10.65
Porsche,Carrera 2 Cabriolet,2007,petrol,3.6,10.5
Porsche,Carrera 2 Cabriolet,2008,petrol,3.6,10.1
Porsche,Carrera 2 Cabriolet Kit,2005,petrol,3.6,10.9
Porsche,Carrera 2 Coupe,2005,petrol,3.6,10.9
Porsche,Carrera 2 Coupe,2006,petrol,3.6,10.65
Porsche,Carrera 2 Coupe,2007,petrol,3.6,10.5
Porsche,Carrera 2 Coupe,2008,petrol,3.6,10.1
Porsche,Carrera 2 Coupe Kit,2005,petrol,3.6,10.9
Porsche,Carrera 2S Cabriolet,2006,petrol,3.8,10.9
Porsche,Carrera 2S Cabriolet,2007,petrol,3.8,10.65
Porsche,Carrera 2S Cabriolet,2008,petrol,3.8,10.4
Porsche,Carrera 2S Coupe,2006,petrol,3.8,10.9
Porsche,Carrera 2S Coupe,2007,petrol,3.8,10.65
Porsche,Carrera 2S Coupe,2008,petrol,3.8,10.4
Porsche,Carrera 4,2009,petrol,3.6,9.75
Porsche,Carrera 4 Cabriolet,2005,petrol,3.6,11.8
Porsche,Carrera 4 Cabriolet,2006,petrol,3.6,10.95
Porsche,Carrera 4 Cabriolet,2007,petrol,3.6,10.7
Porsche,Carrera 4 Cabriolet,2008,petrol,3.6,10.5
Porsche,Carrera 4 Cabriolet,2009,petrol,3.6,9.75
Porsche,Carrera 4 Cabriolet Kit,2005,petrol,3.6,11.8
Porsche,Carrera 4 Coupe,2006,petrol,3.6,10.9
Porsche,Carrera 4 Coupe,2007,petrol,3.6,10.7
Porsche,Carrera 4 Coupe,2008,petrol,3.6,10.5
Porsche,Carrera 4 Targa,2007,petrol,3.6,10.7
Porsche,Carrera 4 Targa,2008,petrol,3.6,10.5
Porsche,Carrera 4 Targa,2009,petrol,3.6,9.75
Porsche,Carrera 4S,2009,petrol,3.8,9.85
Porsche,Carrera 4S Cabriolet,2005,petrol,3.6,11.8
Porsche,Carrera 4S Cabriolet,2006,petrol,3.8,11.2
Porsche,Carrera 4S Cabriolet,2007,petrol,3.8,11.0
Porsche,Carrera 4S Cabriolet,2008,petrol,3.8,10.7
Porsche,Carrera 4S Cabriolet,2009,petrol,3.8,9.85
Porsche,Carrera 4S Cabriolet Kit,2005,petrol,3.6,11.8
Porsche,Carrera 4S Coupe,2005,petrol,3.6,11.8
Porsche,Carrera 4S Coupe,2006,petrol,3.8,11.2
Porsche,Carrera 4S Coupe,2007,petrol,3.8,11.0
Porsche,Carrera 4S Coupe,2008,petrol,3.8,10.7
Porsche,Carrera 4S Kit,2005,petrol,3.6,11.8
Porsche,Carrera 4S Targa,2007,petrol,3.8,11.0
Porsche,Carrera 4S Targa,2008,petrol,3.8,10.7
Porsche,Carrera 4S Targa,2009,petrol,3.8,9.85
Porsche,Carrera Cabriolet,2009,petrol,3.6,9.6
Porsche,Carrera GT,2005,petrol,5.7,18.6
Porsche,Carrera GT,2006,petrol,5.7,18.7
Porsche,Carrera S,2009,petrol,3.8,9.7
Porsche,Carrera S Cabriolet,2009,petrol,3.8,9.7
Porsche,Cayenne,2005,petrol,3.2,13.65
Porsche,Cayenne,2006,petrol,3.2,13.65
Porsche,Cayenne,2008,petrol,3.6,12.7
Porsche,Cayenne,2009,petrol,3.6,12.7
Porsche,Cayenne,2010,petrol,3.6,12.7
Porsche,Cayenne,2011,petrol,3.6,11.4
Porsche,Cayenne,2012,petrol,3.6,11.4
Porsche,Cayenne,2013,petrol,3.6,11.9
Porsche,Cayenne,2014,petrol,3.6,11.9
Porsche,Cayenne,2016,petrol,3.6,11.8
Porsche,Cayenne,2017,petrol,3.6,11.5
Porsche,Cayenne,2018,petrol,3.6,11.5
Porsche,Cayenne,2019,petrol,3.0,11.4
Porsche,Cayenne,2020,petrol,3.0,11.5
Porsche,Cayenne,2021,petrol,3.0,11.5
Porsche,Cayenne,2022,petrol,3.0,12.4
Porsche,Cayenne,2023,petrol,3.0,12.4
Porsche,Cayenne,2024,petrol,3.0,12.2
Porsche,Cayenne,2025,petrol,3.0,12.2
Porsche,Cayenne,2026,petrol,3.0,12.2
Porsche,Cayenne Coupe,2020,petrol,3.0,11.6
Porsche,Cayenne Coupe,2021,petrol,3.0,11.6
Porsche,Cayenne Coupe,2022,petrol,3.0,12.4
Porsche,Cayenne Coupe,2023,petrol,3.0,12.4
Porsche,Cayenne Coupe,2024,petrol,3.0,12.2
Porsche,Cayenne Coupe,2025,petrol,3.0,12.2
Porsche,Cayenne Coupe,2026,petrol,3.0,12.2
Porsche,Cayenne Diesel (modified),2015,diesel,3.0,10.2
Porsche,Cayenne Diesel (modified),2016,diesel,3.0,9.8
Porsche,Cayenne E-Hybrid,2019,hybrid,3.0,11.2
Porsche,Cayenne E-Hybrid,2021,hybrid,3.0,11.3
Porsche,Cayenne E-Hybrid,2022,hybrid,3.0,11.3
Porsche,Cayenne GTS,2009,petrol,4.8,14.85
Porsche,Cayenne GTS,2010,petrol,4.8,14.85
Porsche,Cayenne GTS,2012,petrol,4.8,11.3
Porsche,Cayenne GTS,2016,petrol,3.6,12.8
Porsche,Cayenne GTS,2017,petrol,3.6,12.6
Porsche,Cayenne GTS,2018,petrol,3.6,12.6
Porsche,Cayenne GTS,2021,petrol,4.0,14.2
Porsche,Cayenne GTS,2022,petrol,4.0,14.2
Porsche,Cayenne GTS,2023,petrol,4.0,14.0
Porsche,Cayenne GTS,2025,petrol,4.0,13.1
Porsche,Cayenne GTS Coupe,2021,petrol,4.0,14.0
Porsche,Cayenne GTS Coupe,2022,petrol,4.0,14.0
Porsche,Cayenne GTS Coupe,2023,petrol,4.0,14.0
Porsche,Cayenne GTS Coupe,2025,petrol,4.0,12.7
Porsche,Cayenne Platinum,2017,petrol,3.6,12.1
Porsche,Cayenne Platinum,2018,petrol,3.6,12.1
Porsche,Cayenne S,2005,petrol,4.5,14.6
Porsche,Cayenne S,2006,petrol,4.5,14.6
Porsche,Cayenne S,2008,petrol,4.8,13.7
Porsche,Cayenne S,2009,petrol,4.8,13.7
Porsche,Cayenne S,2010,petrol,4.8,13.7
Porsche,Cayenne S,2011,petrol,4.8,11.3
Porsche,Cayenne S,2012,petrol,4.8,11.3
Porsche,Cayenne S,2015,petrol,3.6,12.2
Porsche,Cayenne S,2016,petrol,3.6,12.2
Porsche,Cayenne S,2017,petrol,3.6,12.0
Porsche,Cayenne S,2018,petrol,3.6,12.0
Porsche,Cayenne S,2019,petrol,2.9,11.8
Porsche,Cayenne S,2020,petrol,2.9,11.9
Porsche,Cayenne S,2021,petrol,2.9,11.9
Porsche,Cayenne S,2022,petrol,2.9,12.9
Porsche,Cayenne S,2023,petrol,2.9,13.7
Porsche,Cayenne S,2024,petrol,4.0,13.5
Porsche,Cayenne S,2025,petrol,4.0,13.5
Porsche,Cayenne S,2026,petrol,4.0,13.5
Porsche,Cayenne S Coupe,2020,petrol,2.9,12.3
Porsche,Cayenne S Coupe,2021,petrol,2.9,12.3
Porsche,Cayenne S Coupe,2022,petrol,2.9,13.0
Porsche,Cayenne S Coupe,2023,petrol,2.9,13.0
Porsche,Cayenne S Coupe,2024,petrol,4.0,13.6
Porsche,Cayenne S Coupe,2025,petrol,4.0,13.6
Porsche,Cayenne S Coupe,2026,petrol,4.0,13.6
Porsche,Cayenne S E-Hybrid,2015,hybrid,3.0,10.6
Porsche,Cayenne S E-Hybrid,2016,hybrid,3.0,10.6
Porsche,Cayenne S E-Hybrid,2017,hybrid,3.0,10.6
Porsche,Cayenne S E-Hybrid,2018,hybrid,3.0,10.6
Porsche,Cayenne S Hybrid,2011,hybrid,3.0,9.5
Porsche,Cayenne S Hybrid,2012,hybrid,3.0,9.5
Porsche,Cayenne S Hybrid,2013,hybrid,3.0,9.5
Porsche,Cayenne S Hybrid,2014,hybrid,3.0,9.5
Porsche,Cayenne Turbo,2005,petrol,4.5,15.3
Porsche,Cayenne Turbo,2006,petrol,4.5,15.3
Porsche,Cayenne Turbo,2008,petrol,4.8,14.7
Porsche,Cayenne Turbo,2009,petrol,4.8,14.7
Porsche,Cayenne Turbo,2010,petrol,4.8,14.7
Porsche,Cayenne Turbo,2011,petrol,4.8,12.0
Porsche,Cayenne Turbo,2012,petrol,4.8,12.0
Porsche,Cayenne Turbo,2015,petrol,4.8,14.2
Porsche,Cayenne Turbo,2016,petrol,4.8,14.2
Porsche,Cayenne Turbo,2017,petrol,4.8,14.2
Porsche,Cayenne Turbo,2018,petrol,4.8,14.3
Porsche,Cayenne Turbo,2019,petrol,4.0,14.1
Porsche,Cayenne Turbo,2020,petrol,4.0,14.1
Porsche,Cayenne Turbo,2021,petrol,4.0,14.1
Porsche,Cayenne Turbo,2022,petrol,4.0,14.8
Porsche,Cayenne Turbo,2023,petrol,4.0,14.8
Porsche,Cayenne Turbo Coupe,2020,petrol,4.0,14.2
Porsche,Cayenne Turbo Coupe,2021,petrol,4.0,14.2
Porsche,Cayenne Turbo Coupe,2022,petrol,4.0,14.1
Porsche,Cayenne Turbo Coupe,2023,petrol,4.0,14.1
Porsche,Cayenne Turbo GT,2022,petrol,4.0,14.8
Porsche,Cayenne Turbo GT,2023,petrol,4.0,14.8
Porsche,Cayenne Turbo GT Coupe,2024,petrol,4.0,13.8
Porsche,Cayenne Turbo GT Coupe,2025,petrol,4.0,13.8
Porsche,Cayenne Turbo GT Coupe,2026,petrol,4.0,13.8
Porsche,Cayenne Turbo Kit,2006,petrol,4.5,15.3
Porsche,Cayenne Turbo Kit,2009,petrol,4.8,14.7
Porsche,Cayenne Turbo S,2009,petrol,4.8,14.7
Porsche,Cayenne Turbo S,2010,petrol,4.8,14.7
Porsche,Cayenne Turbo S,2016,petrol,4.8,14.3
Porsche,Cayenne Turbo S,2017,petrol,4.8,14.2
Porsche,Cayenne Turbo S,2018,petrol,4.8,14.3
Porsche,Cayenne Turbo S E-Hybrid,2021,hybrid,4.0,13.0
Porsche,Cayenne Turbo S E-Hybrid,2022,hybrid,4.0,13.0
Porsche,Cayman,2007,petrol,2.7,9.1
Porsche,Cayman,2008,petrol,2.7,9.1
Porsche,Cayman,2010,petrol,2.9,9.05
Porsche,Cayman,2011,petrol,2.9,9.05
Porsche,Cayman,2012,petrol,2.9,9.05
Porsche,Cayman,2014,petrol,2.7,8.25
Porsche,Cayman,2015,petrol,2.7,9.55
Porsche,Cayman,2016,petrol,2.7,9.55
Porsche,Cayman,2017,petrol,2.0,9.6
Porsche,Cayman,2018,petrol,2.0,9.6
Porsche,Cayman,2019,petrol,2.0,9.6
Porsche,Cayman GT4,2016,petrol,3.8,11.8
Porsche,Cayman GTS,2015,petrol,3.4,10.1
Porsche,Cayman GTS,2016,petrol,3.4,10.1
Porsche,Cayman GTS,2018,petrol,2.5,10.8
Porsche,Cayman GTS,2019,petrol,2.5,10.8
Porsche,Cayman R,2012,petrol,3.4,9.0
Porsche,Cayman S,2007,petrol,3.2,9.9
Porsche,Cayman S,2008,petrol,3.4,9.9
Porsche,Cayman S,2010,petrol,3.4,9.2
Porsche,Cayman S,2011,petrol,3.4,9.2
Porsche,Cayman S,2012,petrol,3.4,9.2
Porsche,Cayman S,2014,petrol,3.4,8.7
Porsche,Cayman S,2015,petrol,3.4,10.1
Porsche,Cayman S,2016,petrol,3.4,10.1
Porsche,Cayman S,2017,petrol,2.5,10.3
Porsche,Cayman S,2018,petrol,2.5,10.3
Porsche,Cayman S,2019,petrol,2.5,10.3
Porsche,Cayman S Black Edition,2012,petrol,3.4,9.2
Porsche,Macan,2017,petrol,2.0,10.6
Porsche,Macan,2018,petrol,2.0,10.6
Porsche,Macan,2019,petrol,2.0,11.3
Porsche,Macan,2020,petrol,2.0,11.3
Porsche,Macan,2021,petrol,2.0,11.3
Porsche,Macan,2022,petrol,2.0,11.0
Porsche,Macan,2023,petrol,2.0,11.0
Porsche,Macan,2024,petrol,2.0,11.0
Porsche,Macan,2025,petrol,2.0,11.0
Porsche,Macan,2026,petrol,2.0,11.0
Porsche,Macan 4 Electric,2024,electric,,21.4
Porsche,Macan 4 Electric,2025,electric,,21.4
Porsche,Macan 4S Electric,2025,electric,,23.1
Porsche,Macan Electric,2025,electric,,21.2
Porsche,Macan GTS,2017,petrol,3.0,12.3
Porsche,Macan GTS,2018,petrol,3.0,12.3
Porsche,Macan GTS,2020,petrol,2.9,12.2
Porsche,Macan GTS,2021,petrol,2.9,12.2
Porsche,Macan GTS,2022,petrol,2.9,12.2
Porsche,Macan GTS,2023,petrol,2.9,12.2
Porsche,Macan GTS,2024,petrol,2.9,12.2
Porsche,Macan GTS,2025,petrol,2.9,12.2
Porsche,Macan GTS,2026,petrol,2.9,12.2
Porsche,Macan S,2015,petrol,3.0,12.2
Porsche,Macan S,2016,petrol,3.0,12.2
Porsche,Macan S,2017,petrol,3.0,12.2
Porsche,Macan S,2018,petrol,3.0,12.2
Porsche,Macan S,2019,petrol,3.0,11.7
Porsche,Macan S,2020,petrol,3.0,11.7
Porsche,Macan S,2021,petrol,2.9,11.5
Porsche,Macan S,2022,petrol,2.9,12.2
Porsche,Macan S,2023,petrol,2.9,12.2
Porsche,Macan S,2024,petrol,2.9,12.2
Porsche,Macan S,2025,petrol,2.9,12.2
Porsche,Macan S,2026,petrol,2.9,12.2
Porsche,Macan T,2023,petrol,2.0,11.0
Porsche,Macan T,2024,petrol,2.0,11.0
Porsche,Macan T,2025,petrol,2.0,11.0
Porsche,Macan T,2026,petrol,2.0,11.0
Porsche,Macan Turbo,2015,petrol,3.6,12.3
Porsche,Macan Turbo,2016,petrol,3.6,12.3
Porsche,Macan Turbo,2017,petrol,3.6,12.3
Porsche,Macan Turbo,2018,petrol,3.6,12.3
Porsche,Macan Turbo,2020,petrol,2.9,12.3
Porsche,Macan Turbo,2021,petrol,2.9,12.5
Porsche,Macan Turbo Electric,2024,electric,,22.9
Porsche,Macan Turbo Electric,2025,electric,,22.9
Porsche,Macan Turbo Kit,2018,petrol,3.6,12.3
Porsche,New 911 Carrera,2012,petrol,3.4,9.0
Porsche,New 911 Carrera Cabriolet,2012,petrol,3.4,9.05
Porsche,New 911 Carrera S,2012,petrol,3.8,9.25
Porsche,New 911 Carrera S Cabriolet,2012,petrol,3.8,9.4
Porsche,Panamera,2011,petrol,3.6,9.7
Porsche,Panamera,2012,petrol,3.6,9.7
Porsche,Panamera,2013,petrol,3.6,9.7
Porsche,Panamera,2014,petrol,3.6,9.5
Porsche,Panamera,2015,petrol,3.6,10.9
Porsche,Panamera,2016,petrol,3.6,10.9
Porsche,Panamera,2018,petrol,3.0,9.8
Porsche,Panamera,2019,petrol,3.0,10.7
Porsche,Panamera,2020,petrol,3.0,10.7
Porsche,Panamera,2021,petrol,2.9,11.6
Porsche,Panamera,2022,petrol,2.9,11.6
Porsche,Panamera,2025,petrol,2.9,11.4
Porsche,Panamera,2026,petrol,2.9,11.4
Porsche,Panamera 4,2011,petrol,3.6,9.9
Porsche,Panamera 4,2012,petrol,3.6,9.9
Porsche,Panamera 4,2013,petrol,3.6,9.9
Porsche,Panamera 4,2014,petrol,3.6,9.7
Porsche,Panamera 4,2015,petrol,3.6,11.1
Porsche,Panamera 4,2016,petrol,3.6,11.1
Porsche,Panamera 4,2018,petrol,3.0,10.1
Porsche,Panamera 4,2019,petrol,3.0,10.9
Porsche,Panamera 4,2020,petrol,3.0,10.9
Porsche,Panamera 4,2021,petrol,2.9,11.5
Porsche,Panamera 4,2022,petrol,2.9,11.5
Porsche,Panamera 4,2023,petrol,2.9,11.5
Porsche,Panamera 4,2024,petrol,2.9,10.9
Porsche,Panamera 4,2025,petrol,2.9,11.4
Porsche,Panamera 4,2026,petrol,2.9,11.4
Porsche,Panamera 4 E-Hybrid,2019,hybrid,2.9,10.5
Porsche,Panamera 4 E-Hybrid,2020,hybrid,2.9,10.5
Porsche,Panamera 4 E-Hybrid,2021,hybrid,2.9,10.8
Porsche,Panamera 4 E-Hybrid,2022,hybrid,2.9,10.8
Porsche,Panamera 4 Executive,2018,petrol,3.0,10.1
Porsche,Panamera 4 Executive,2019,petrol,3.0,10.9
Porsche,Panamera 4 Executive,2020,petrol,3.0,10.9
Porsche,Panamera 4 Executive,2021,petrol,2.9,12.2
Porsche,Panamera 4 Executive,2022,petrol,2.9,12.2
Porsche,Panamera 4 Executive,2023,petrol,2.9,12.2
Porsche,Panamera 4 ST,2018,petrol,3.0,10.4
Porsche,Panamera 4 ST,2019,petrol,3.0,10.7
Porsche,Panamera 4 ST,2020,petrol,3.0,10.7
Porsche,Panamera 4 ST,2021,petrol,2.9,11.7
Porsche,Panamera 4 ST,2022,petrol,2.9,11.7
Porsche,Panamera 4 ST,2023,petrol,2.9,11.7
Porsche,Panamera 4S,2010,petrol,4.8,10.9
Porsche,Panamera 4S,2011,petrol,4.8,10.9
Porsche,Panamera 4S,2012,petrol,4.8,10.9
Porsche,Panamera 4S,2013,petrol,4.8,10.9
Porsche,Panamera 4S,2014,petrol,3.0,9.9
Porsche,Panamera 4S,2015,petrol,3.0,11.4
Porsche,Panamera 4S,2016,petrol,3.0,11.4
Porsche,Panamera 4S,2018,petrol,2.9,10.1
Porsche,Panamera 4S,2019,petrol,2.9,11.2
Porsche,Panamera 4S,2020,petrol,2.9,11.2
Porsche,Panamera 4S,2021,petrol,2.9,11.4
Porsche,Panamera 4S,2022,petrol,2.9,11.4
Porsche,Panamera 4S,2023,petrol,2.9,11.4
Porsche,Panamera 4S E-Hybrid,2022,hybrid,2.9,10.8
Porsche,Panamera 4S Executive,2014,petrol,3.0,10.1
Porsche,Panamera 4S Executive,2015,petrol,3.0,11.5
Porsche,Panamera 4S Executive,2016,petrol,3.0,11.5
Porsche,Panamera 4S Executive,2018,petrol,2.9,10.1
Porsche,Panamera 4S Executive,2019,petrol,2.9,11.2
Porsche,Panamera 4S Executive,2020,petrol,2.9,11.2
Porsche,Panamera 4S Executive,2021,petrol,2.9,12.2
Porsche,Panamera 4S Executive,2022,petrol,2.9,12.2
Porsche,Panamera 4S Executive,2023,petrol,2.9,12.2
Porsche,Panamera 4S ST,2018,petrol,2.9,10.7
Porsche,Panamera 4S ST,2019,petrol,2.9,11.6
Porsche,Panamera 4S ST,2020,petrol,2.9,11.6
Porsche,Panamera 4S ST,2021,petrol,2.9,12.2
Porsche,Panamera 4S ST,2022,petrol,2.9,12.2
Porsche,Panamera 4S ST,2023,petrol,2.9,12.2
Porsche,Panamera GTS,2013,petrol,4.8,11.1
Porsche,Panamera GTS,2014,petrol,4.8,11.1
Porsche,Panamera GTS,2015,petrol,4.8,12.7
Porsche,Panamera GTS,2016,petrol,4.8,12.7
Porsche,Panamera GTS,2019,petrol,4.0,12.6
Porsche,Panamera GTS,2020,petrol,4.0,12.6
Porsche,Panamera GTS,2021,petrol,4.0,13.7
Porsche,Panamera GTS,2022,petrol,4.0,13.7
Porsche,Panamera GTS,2023,petrol,4.0,13.7
Porsche,Panamera GTS,2025,petrol,4.0,12.5
Porsche,Panamera GTS,2026,petrol,4.0,12.5
Porsche,Panamera GTS ST,2019,petrol,4.0,13.4
Porsche,Panamera GTS ST,2020,petrol,4.0,13.4
Porsche,Panamera GTS ST,2021,petrol,4.0,13.9
Porsche,Panamera GTS ST,2022,petrol,4.0,13.9
Porsche,Panamera GTS ST,2023,petrol,4.0,13.9
Porsche,Panamera S,2010,petrol,4.8,10.9
Porsche,Panamera S,2011,petrol,4.8,10.9
Porsche,Panamera S,2012,petrol,4.8,10.9
Porsche,Panamera S,2013,petrol,4.8,10.9
Porsche,Panamera S,2014,petrol,3.0,9.9
Porsche,Panamera S,2015,petrol,3.0,11.4
Porsche,Panamera S,2016,petrol,3.0,11.4
Porsche,Panamera S E-Hybrid,2014,hybrid,3.0,9.3
Porsche,Panamera S E-Hybrid,2015,hybrid,3.0,9.3
Porsche,Panamera S E-Hybrid,2016,hybrid,3.0,9.3
Porsche,Panamera S Hybrid,2012,hybrid,3.0,7.8
Porsche,Panamera S Hybrid,2013,hybrid,3.0,7.8
Porsche,Panamera Turbo,2010,petrol,4.8,11.7
Porsche,Panamera Turbo,2011,petrol,4.8,11.7
Porsche,Panamera Turbo,2012,petrol,4.8,11.7
Porsche,Panamera Turbo,2013,petrol,4.8,11.7
Porsche,Panamera Turbo,2014,petrol,4.8,11.2
Porsche,Panamera Turbo,2015,petrol,4.8,12.8
Porsche,Panamera Turbo,2016,petrol,4.8,12.8
Porsche,Panamera Turbo,2018,petrol,4.0,11.2
Porsche,Panamera Turbo,2019,petrol,4.0,11.2
Porsche,Panamera Turbo,2020,petrol,4.0,11.2
Porsche,Panamera Turbo Executive,2014,petrol,4.8,11.3
Porsche,Panamera Turbo Executive,2015,petrol,4.8,12.9
Porsche,Panamera Turbo Executive,2016,petrol,4.8,12.9
Porsche,Panamera Turbo Executive,2018,petrol,4.0,11.2
Porsche,Panamera Turbo Executive,2019,petrol,4.0,11.2
Porsche,Panamera Turbo Executive,2020,petrol,4.0,11.2
Porsche,Panamera Turbo S,2012,petrol,4.8,11.7
Porsche,Panamera Turbo S,2013,petrol,4.8,11.7
Porsche,Panamera Turbo S,2015,petrol,4.8,12.8
Porsche,Panamera Turbo S,2016,petrol,4.8,12.8
Porsche,Panamera Turbo S,2021,petrol,4.0,13.5
Porsche,Panamera Turbo S,2022,petrol,4.0,13.5
Porsche,Panamera Turbo S,2023,petrol,4.0,13.5
Porsche,Panamera Turbo S E-Hybrid,2019,hybrid,4.0,11.5
Porsche,Panamera Turbo S E-Hybrid,2020,hybrid,4.0,11.5
Porsche,Panamera Turbo S E-Hybrid,2021,hybrid,4.0,12.1
Porsche,Panamera Turbo S E-Hybrid,2022,hybrid,4.0,12.1
Porsche,Panamera Turbo S Executive,2015,petrol,4.8,12.9
Porsche,Panamera Turbo S Executive,2016,petrol,4.8,12.9
Porsche,Panamera Turbo S Executive,2021,petrol,4.0,13.5
Porsche,Panamera Turbo S Executive,2022,petrol,4.0,13.5
Porsche,Panamera Turbo S Executive,2023,petrol,4.0,13.5
Porsche,Panamera Turbo S ST,2021,petrol,4.0,13.5
Porsche,Panamera Turbo S ST,2022,petrol,4.0,13.5
Porsche,Panamera Turbo S ST,2023,petrol,4.0,13.5
Porsche,Panamera Turbo ST,2018,petrol,4.0,11.9
Porsche,Panamera Turbo ST,2019,petrol,4.0,11.9
Porsche,Panamera Turbo ST,2020,petrol,4.0,11.9
Porsche,Targa,2005,petrol,3.6,10.9
Porsche,Targa Kit,2005,petrol,3.6,10.9
Porsche,Taycan 4 Cross Turismo,2021,electric,,27.4
Porsche,Taycan 4 Cross Turismo,2022,electric,,27.4
Porsche,Taycan 4S (Performance Battery Plus),2020,electric,,30.3
Porsche,Taycan 4S (Performance Battery Plus),2021,electric,,27.3
Porsche,Taycan 4S (Performance Battery Plus),2022,electric,,27.3
Porsche,Taycan 4S (Performance Battery Plus),2023,electric,,26.3
Porsche,Taycan 4S (Performance Battery Plus),2024,electric,,26.3
Porsche,Taycan 4S (Performance Battery Plus),2025,electric,,24.0
Porsche,Taycan 4S (Performance Battery),2021,electric,,26.4
Porsche,Taycan 4S (Performance Battery),2022,electric,,26.4
Porsche,Taycan 4S (Performance Battery),2023,electric,,25.5
Porsche,Taycan 4S (Performance Battery),2024,electric,,25.5
Porsche,Taycan 4S (Performance Battery),2025,electric,,23.9
Porsche,Taycan 4S Cross Turismo,2021,electric,,28.0
Porsche,Taycan 4S Cross Turismo,2022,electric,,28.0
Porsche,Taycan 4S Cross Turismo,2023,electric,,26.7
Porsche,Taycan 4S Cross Turismo,2024,electric,,26.7
Porsche,Taycan 4S Cross Turismo,2025,electric,,26.2
Porsche,Taycan GTS,2022,electric,,25.3
Porsche,Taycan GTS,2023,electric,,25.3
Porsche,Taycan GTS,2024,electric,,25.3
Porsche,Taycan GTS,2025,electric,,24.2
Porsche,Taycan GTS Sport Turismo,2022,electric,,26.2
Porsche,Taycan GTS Sport Turismo,2023,electric,,26.2
Porsche,Taycan GTS Sport Turismo,2024,electric,,26.2
Porsche,Taycan GTS Sport Turismo,2025,electric,,25.5
Porsche,Taycan Turbo,2020,electric,,30.2
Porsche,Taycan Turbo,2021,electric,,28.6
Porsche,Taycan Turbo,2022,electric,,28.6
Porsche,Taycan Turbo,2023,electric,,26.0
Porsche,Taycan Turbo,2024,electric,,26.0
Porsche,Taycan Turbo,2025,electric,,24.4
Porsche,Taycan Turbo Cross Turismo,2021,electric,,29.1
Porsche,Taycan Turbo Cross Turismo,2022,electric,,29.1
Porsche,Taycan Turbo Cross Turismo,2023,electric,,26.5
Porsche,Taycan Turbo Cross Turismo,2024,electric,,26.5
Porsche,Taycan Turbo Cross Turismo,2025,electric,,26.7
Porsche,Taycan Turbo GT,2025,electric,,25.4
Porsche,Taycan Turbo GT with Weissach Package,2025,electric,,25.9
Porsche,Taycan Turbo S,2020,electric,,31.0
Porsche,Taycan Turbo S,2021,electric,,29.9
Porsche,Taycan Turbo S,2022,electric,,29.9
Porsche,Taycan Turbo S,2023,electric,,28.0
Porsche,Taycan Turbo S,2024,electric,,28.0
Porsche,Taycan Turbo S,2025,electric,,26.6
Porsche,Taycan Turbo S Cross Turismo,2021,electric,,28.6
Porsche,Taycan Turbo S Cross Turismo,2022,electric,,28.6
Porsche,Taycan Turbo S Cross Turismo,2023,electric,,28.0
Porsche,Taycan Turbo S Cross Turismo,2024,electric,,28.0
Porsche,Taycan Turbo S Cross Turismo,2025,electric,,27.1
Ram,1500,2012,petrol,3.7,12.8
Ram,1500,2015,petrol,3.6,11.9
Ram,1500,2017,petrol,5.7,14.2
Ram,1500,2018,petrol,5.7,14.2
Ram,1500,2019,petrol,5.7,13.6
Ram,1500,2020,petrol,5.7,13.6
Ram,1500,2021,petrol,5.7,13.6
Ram,1500,2022,petrol,5.7,13.6
Ram,1500,2025,petrol,3.0,11.5
Ram,1500,2026,petrol,3.0,11.5
Ram,1500 (FuelSaver MDS),2012,petrol,5.7,13.1
Ram,1500 (FuelSaver MDS),2013,petrol,5.7,12.5
Ram,1500 (MDS),2014,petrol,5.7,12.5
Ram,1500 (MDS),2015,petrol,5.7,14.2
Ram,1500 (MDS),2016,petrol,5.7,14.2
Ram,1500 4X4,2015,petrol,3.6,12.6
Ram,1500 4X4,2017,petrol,5.7,14.7
Ram,1500 4X4,2018,petrol,5.7,15.15
Ram,1500 4X4,2019,petrol,5.7,13.8
Ram,1500 4X4,2020,petrol,5.7,13.8
Ram,1500 4X4,2021,petrol,5.7,13.8
Ram,1500 4X4,2022,petrol,5.7,13.8
Ram,1500 4X4,2023,petrol,5.7,13.8
Ram,1500 4X4,2025,petrol,3.0,12.1
Ram,1500 4X4,2026,petrol,3.0,11.7
Ram,1500 4X4 (FuelSaver MDS),2012,petrol,5.7,13.6
Ram,1500 4X4 (FuelSaver MDS),2013,petrol,5.7,12.95
Ram,1500 4X4 (MDS),2014,petrol,5.7,13.0
Ram,1500 4X4 (MDS),2015,petrol,5.7,14.75
Ram,1500 4X4 (MDS),2016,petrol,5.7,14.75
Ram,1500 4X4 EcoDiesel,2017,diesel,3.0,10.8
Ram,1500 4X4 EcoDiesel,2018,diesel,3.0,10.8
Ram,1500 4X4 EcoDiesel,2020,diesel,3.0,9.7
Ram,1500 4X4 EcoDiesel,2021,diesel,3.0,9.7
Ram,1500 4X4 EcoDiesel,2022,diesel,3.0,9.7
Ram,1500 4X4 EcoDiesel,2023,diesel,3.0,9.7
Ram,1500 4X4 FFV,2014,petrol,3.6,11.0
Ram,1500 4X4 FFV,2015,petrol,3.6,12.6
Ram,1500 4X4 FFV,2016,petrol,3.6,12.6
Ram,1500 4X4 FFV,2017,petrol,3.6,12.6
Ram,1500 4X4 FFV,2018,petrol,3.6,12.6
Ram,1500 4X4 HO,2025,petrol,3.0,13.8
Ram,1500 4X4 HO,2026,petrol,3.0,13.8
Ram,1500 4X4 RHO,2025,petrol,3.0,15.9
Ram,1500 4X4 RHO,2026,petrol,3.0,15.9
Ram,1500 4X4 TRX,2021,petrol,6.2,19.8
Ram,1500 4X4 TRX,2022,petrol,6.2,19.8
Ram,1500 4X4 TRX,2023,petrol,6.2,19.8
Ram,1500 4X4 TRX,2024,petrol,6.2,19.8
Ram,1500 4X4 eTorque,2019,petrol,3.6,11.1
Ram,1500 4X4 eTorque,2019,petrol,5.7,12.9
Ram,1500 4X4 eTorque,2020,petrol,3.6,11.1
Ram,1500 4X4 eTorque,2020,petrol,5.7,12.8
Ram,1500 4X4 eTorque,2021,petrol,3.6,11.0
Ram,1500 4X4 eTorque,2021,petrol,5.7,12.5
Ram,1500 4X4 eTorque,2022,petrol,3.6,11.1
Ram,1500 4X4 eTorque,2022,petrol,5.7,12.1
Ram,1500 4X4 eTorque,2023,petrol,3.6,11.0
Ram,1500 4X4 eTorque,2023,petrol,5.7,12.1
Ram,1500 4X4 eTorque,2024,petrol,3.6,11.0
Ram,1500 4X4 eTorque,2024,petrol,5.7,12.1
Ram,1500 4X4 eTorque,2025,petrol,3.6,11.0
Ram,1500 4X4 eTorque,2026,petrol,3.6,11.0
Ram,1500 4X4 eTorque,2026,petrol,5.7,13.3
Ram,1500 Classic,2019,petrol,5.7,14.2
Ram,1500 Classic,2020,petrol,3.6,11.9
Ram,1500 Classic,2020,petrol,5.7,13.6
Ram,1500 Classic,2021,petrol,3.6,11.9
Ram,1500 Classic,2021,petrol,5.7,13.6
Ram,1500 Classic,2022,petrol,3.6,11.9
Ram,1500 Classic,2022,petrol,5.7,13.7
Ram,1500 Classic,2023,petrol,3.6,11.7
Ram,1500 Classic,2023,petrol,5.7,13.8
Ram,1500 Classic,2024,petrol,3.6,11.9
Ram,1500 Classic,2024,petrol,5.7,13.8
Ram,1500 Classic 4X4,2019,petrol,5.7,15.15
Ram,1500 Classic 4X4,2020,petrol,3.6,12.6
Ram,1500 Classic 4X4,2020,petrol,5.7,14.1
Ram,1500 Classic 4X4,2021,petrol,3.6,12.6
Ram,1500 Classic 4X4,2021,petrol,5.7,14.1
Ram,1500 Classic 4X4,2022,petrol,3.6,12.6
Ram,1500 Classic 4X4,2022,petrol,5.7,14.1
Ram,1500 Classic 4X4,2023,petrol,3.6,12.5
Ram,1500 Classic 4X4,2023,petrol,5.7,14.1
Ram,1500 Classic 4X4,2024,petrol,3.6,12.5
Ram,1500 Classic 4X4,2024,petrol,5.7,14.1
Ram,1500 Classic 4X4 EcoDiesel,2019,diesel,3.0,10.8
Ram,1500 Classic 4X4 FFV,2019,petrol,3.6,12.6
Ram,1500 Classic EcoDiesel,2019,diesel,3.0,10.4
Ram,1500 Classic FFV,2019,petrol,3.6,11.9
Ram,1500 EcoDiesel,2017,diesel,3.0,10.4
Ram,1500 EcoDiesel,2018,diesel,3.0,10.4
Ram,1500 EcoDiesel,2020,diesel,3.0,9.0
Ram,1500 EcoDiesel,2021,diesel,3.0,9.0
Ram,1500 EcoDiesel,2022,diesel,3.0,9.0
Ram,1500 FFV,2012,petrol,4.7,12.9
Ram,1500 FFV,2013,petrol,3.6,10.4
Ram,1500 FFV,2013,petrol,4.7,12.9
Ram,1500 FFV,2014,petrol,3.6,10.4
Ram,1500 FFV,2015,petrol,3.6,11.9
Ram,1500 FFV,2016,petrol,3.6,11.9
Ram,1500 FFV,2017,petrol,3.6,11.9
Ram,1500 FFV,2018,petrol,3.6,11.9
Ram,1500 FFV 4X4,2012,petrol,4.7,13.1
Ram,1500 FFV 4X4,2013,petrol,3.6,11.0
Ram,1500 FFV 4X4,2013,petrol,4.7,13.1
Ram,1500 HFE,2013,petrol,3.6,9.8
Ram,1500 HFE,2014,petrol,3.6,9.8
Ram,1500 HFE,2015,petrol,3.6,11.3
Ram,1500 HFE,2016,petrol,3.6,11.3
Ram,1500 HFE EcoDiesel,2021,diesel,3.0,8.9
Ram,1500 HFE EcoDiesel,2022,diesel,3.0,8.9
Ram,1500 HFE eTorque,2019,petrol,3.6,10.4
Ram,1500 HFE eTorque,2020,petrol,3.6,10.4
Ram,1500 HFE eTorque,2021,petrol,3.6,10.4
Ram,1500 HFE eTorque,2022,petrol,3.6,10.4
Ram,1500 eTorque,2019,petrol,3.6,10.8
Ram,1500 eTorque,2019,petrol,5.7,12.4
Ram,1500 eTorque,2020,petrol,3.6,10.8
Ram,1500 eTorque,2020,petrol,5.7,12.4
Ram,1500 eTorque,2021,petrol,3.6,10.8
Ram,1500 eTorque,2021,petrol,5.7,12.4
Ram,1500 eTorque,2022,petrol,3.6,10.8
Ram,1500 eTorque,2022,petrol,5.7,11.7
Ram,1500 eTorque,2023,petrol,3.6,10.8
Ram,1500 eTorque,2023,petrol,5.7,11.7
Ram,1500 eTorque,2024,petrol,3.6,10.8
Ram,1500 eTorque,2024,petrol,5.7,11.7
Ram,1500 eTorque,2025,petrol,3.6,10.8
Ram,1500 eTorque,2026,petrol,3.6,10.8
Ram,1500 eTorque,2026,petrol,5.7,12.5
Ram,Cargo Van FFV,2012,petrol,3.6,10.3
Ram,Cargo Van FFV,2013,petrol,3.6,10.3
Ram,Cargo Van FFV,2014,petrol,3.6,10.0
Ram,Cargo Van FFV,2015,petrol,3.6,11.4
Ram,ProMaster City,2015,petrol,2.4,9.8
Ram,ProMaster City,2016,petrol,2.4,9.8
Ram,ProMaster City,2017,petrol,2.4,9.9
Ram,ProMaster City,2018,petrol,2.4,9.9
Ram,ProMaster City,2019,petrol,2.4,9.9
Ram,ProMaster City,2020,petrol,2.4,9.9
Ram,ProMaster City,2021,petrol,2.4,9.9
Ram,ProMaster City,2022,petrol,2.4,9.9
Rolls-Royce,Black Badge Cullinan,2025,petrol,6.7,16.4
Rolls-Royce,Black Badge Cullinan,2026,petrol,6.7,16.4
Rolls-Royce,Black Badge Ghost,2025,petrol,6.7,16.4
Rolls-Royce,Black Badge Ghost,2026,petrol,6.7,16.4
Rolls-Royce,"Black Badge Spectre (22"" Wheels)",2024,electric,,26.8
Rolls-Royce,"Black Badge Spectre (22"" Wheels)",2025,electric,,28.2
Rolls-Royce,"Black Badge Spectre (22"" Wheels)",2026,electric,,28.2
Rolls-Royce,"Black Badge Spectre (23"" Wheels)",2024,electric,,28.5
Rolls-Royce,"Black Badge Spectre (23"" Wheels)",2025,electric,,30.0
Rolls-Royce,"Black Badge Spectre (23"" Wheels)",2026,electric,,30.0
Rolls-Royce,Cullinan,2019,petrol,6.7,16.3
Rolls-Royce,Cullinan,2020,petrol,6.7,16.5
Rolls-Royce,Cullinan,2021,petrol,6.7,16.5
Rolls-Royce,Cullinan,2022,petrol,6.7,16.5
Rolls-Royce,Cullinan,2023,petrol,6.7,16.6
Rolls-Royce,Cullinan,2024,petrol,6.7,16.7
Rolls-Royce,Cullinan,2025,petrol,6.7,16.4
Rolls-Royce,Cullinan,2026,petrol,6.7,16.4
Rolls-Royce,Cullinan Black Badge,2020,petrol,6.7,16.5
Rolls-Royce,Cullinan Black Badge,2021,petrol,6.7,16.5
Rolls-Royce,Cullinan Black Badge,2022,petrol,6.7,16.5
Rolls-Royce,Cullinan Black Badge,2023,petrol,6.7,16.6
Rolls-Royce,Cullinan Black Badge,2024,petrol,6.7,16.7
Rolls-Royce,Dawn,2017,petrol,6.6,16.7
Rolls-Royce,Dawn,2018,petrol,6.6,17.0
Rolls-Royce,Dawn,2019,petrol,6.6,17.0
Rolls-Royce,Dawn,2020,petrol,6.6,17.1
Rolls-Royce,Dawn,2021,petrol,6.6,17.4
Rolls-Royce,Dawn Black Badge,2019,petrol,6.6,17.0
Rolls-Royce,Dawn Black Badge,2020,petrol,6.6,17.1
Rolls-Royce,Dawn Black Badge,2021,petrol,6.6,17.4
Rolls-Royce,Ghost,2010,petrol,6.6,13.7
Rolls-Royce,Ghost,2011,petrol,6.6,13.5
Rolls-Royce,Ghost,2012,petrol,6.6,13.5
Rolls-Royce,Ghost,2013,petrol,6.6,14.2
Rolls-Royce,Ghost,2014,petrol,6.6,14.2
Rolls-Royce,Ghost,2015,petrol,6.6,16.1
Rolls-Royce,Ghost,2016,petrol,6.6,16.1
Rolls-Royce,Ghost,2017,petrol,6.6,16.7
Rolls-Royce,Ghost,2018,petrol,6.6,17.0
Rolls-Royce,Ghost,2019,petrol,6.6,17.0
Rolls-Royce,Ghost,2020,petrol,6.6,17.1
Rolls-Royce,Ghost,2021,petrol,6.7,16.7
Rolls-Royce,Ghost,2022,petrol,6.7,16.7
Rolls-Royce,Ghost,2023,petrol,6.7,16.7
Rolls-Royce,Ghost,2024,petrol,6.7,16.7
Rolls-Royce,Ghost,2025,petrol,6.7,16.4
Rolls-Royce,Ghost,2026,petrol,6.7,16.4
Rolls-Royce,Ghost Black Badge,2022,petrol,6.7,16.7
Rolls-Royce,Ghost Black Badge,2023,petrol,6.7,16.7
Rolls-Royce,Ghost Black Badge,2024,petrol,6.7,16.7
Rolls-Royce,Ghost EWB,2012,petrol,6.6,13.5
Rolls-Royce,Ghost EWB,2013,petrol,6.6,14.2
Rolls-Royce,Ghost EWB,2014,petrol,6.6,14.2
Rolls-Royce,Ghost EWB,2015,petrol,6.6,16.1
Rolls-Royce,Ghost EWB,2016,petrol,6.6,16.1
Rolls-Royce,Ghost EWB,2017,petrol,6.6,16.7
Rolls-Royce,Ghost EWB,2018,petrol,6.6,17.0
Rolls-Royce,Ghost EWB,2019,petrol,6.6,17.0
Rolls-Royce,Ghost EWB,2020,petrol,6.6,17.1
Rolls-Royce,Ghost EWB,2021,petrol,6.7,16.7
Rolls-Royce,Ghost EWB,2022,petrol,6.7,16.7
Rolls-Royce,Ghost Extended,2023,petrol,6.7,16.7
Rolls-Royce,Ghost Extended,2024,petrol,6.7,16.7
Rolls-Royce,Ghost Extended,2025,petrol,6.7,16.4
Rolls-Royce,Ghost Extended,2026,petrol,6.7,16.4
Rolls-Royce,Phantom,2005,petrol,6.7,15.6
Rolls-Royce,Phantom,2006,petrol,6.7,15.6
Rolls-Royce,Phantom,2007,petrol,6.7,15.1
Rolls-Royce,Phantom,2008,petrol,6.7,15.1
Rolls-Royce,Phantom,2009,petrol,6.7,15.1
Rolls-Royce,Phantom,2010,petrol,6.7,15.1
Rolls-Royce,Phantom,2011,petrol,6.7,15.4
Rolls-Royce,Phantom,2012,petrol,6.7,15.4
Rolls-Royce,Phantom,2013,petrol,6.7,15.2
Rolls-Royce,Phantom,2014,petrol,6.7,15.3
Rolls-Royce,Phantom,2015,petrol,6.7,17.2
Rolls-Royce,Phantom,2016,petrol,6.7,17.2
Rolls-Royce,Phantom,2017,petrol,6.7,17.1
Rolls-Royce,Phantom,2018,petrol,6.7,16.6
Rolls-Royce,Phantom,2019,petrol,6.7,16.3
Rolls-Royce,Phantom,2020,petrol,6.7,16.3
Rolls-Royce,Phantom,2021,petrol,6.7,16.3
Rolls-Royce,Phantom,2022,petrol,6.7,16.3
Rolls-Royce,Phantom,2023,petrol,6.7,17.0
Rolls-Royce,Phantom,2024,petrol,6.7,17.0
Rolls-Royce,Phantom,2025,petrol,6.7,16.4
Rolls-Royce,Phantom,2026,petrol,6.7,16.4
Rolls-Royce,Phantom Coupe,2009,petrol,6.7,15.1
Rolls-Royce,Phantom Coupe,2010,petrol,6.7,15.1
Rolls-Royce,Phantom Coupe,2011,petrol,6.7,15.4
Rolls-Royce,Phantom Coupe,2012,petrol,6.7,15.4
Rolls-Royce,Phantom Coupe,2013,petrol,6.7,15.2
Rolls-Royce,Phantom Coupe,2014,petrol,6.7,15.3
Rolls-Royce,Phantom Coupe,2015,petrol,6.7,17.2
Rolls-Royce,Phantom Coupe,2016,petrol,6.7,17.2
Rolls-Royce,Phantom Coupe,2017,petrol,6.7,17.1
Rolls-Royce,Phantom Drophead Coupe,2008,petrol,6.7,15.1
Rolls-Royce,Phantom Drophead Coupe,2009,petrol,6.7,15.1
Rolls-Royce,Phantom Drophead Coupe,2010,petrol,6.7,15.1
Rolls-Royce,Phantom Drophead Coupe,2011,petrol,6.7,15.4
Rolls-Royce,Phantom Drophead Coupe,2012,petrol,6.7,15.4
Rolls-Royce,Phantom Drophead Coupe,2013,petrol,6.7,15.2
Rolls-Royce,Phantom Drophead Coupe,2014,petrol,6.7,15.2
Rolls-Royce,Phantom Drophead Coupe,2015,petrol,6.7,17.2
Rolls-Royce,Phantom Drophead Coupe,2016,petrol,6.7,17.2
Rolls-Royce,Phantom Drophead Coupe,2017,petrol,6.7,17.1
Rolls-Royce,Phantom EWB,2008,petrol,6.7,15.1
Rolls-Royce,Phantom EWB,2010,petrol,6.7,15.1
Rolls-Royce,Phantom EWB,2011,petrol,6.7,15.4
Rolls-Royce,Phantom EWB,2012,petrol,6.7,15.4
Rolls-Royce,Phantom EWB,2013,petrol,6.7,15.2
Rolls-Royce,Phantom EWB,2014,petrol,6.7,15.2
Rolls-Royce,Phantom EWB,2015,petrol,6.7,17.2
Rolls-Royce,Phantom EWB,2016,petrol,6.7,17.2
Rolls-Royce,Phantom EWB,2017,petrol,6.7,17.1
Rolls-Royce,Phantom EWB,2018,petrol,6.7,16.6
Rolls-Royce,Phantom EWB,2019,petrol,6.7,16.3
Rolls-Royce,Phantom EWB,2020,petrol,6.7,16.3
Rolls-Royce,Phantom EWB,2021,petrol,6.7,16.3
Rolls-Royce,Phantom EWB,2022,petrol,6.7,16.3
Rolls-Royce,Phantom Extended,2023,petrol,6.7,17.0
Rolls-Royce,Phantom Extended,2024,petrol,6.7,17.0
Rolls-Royce,Phantom Extended,2025,petrol,6.7,16.4
Rolls-Royce,Phantom Extended,2026,petrol,6.7,16.4
Rolls-Royce,"Spectre (22"" Wheels)",2024,electric,,25.8
Rolls-Royce,"Spectre (22"" Wheels)",2025,electric,,27.1
Rolls-Royce,"Spectre (22"" Wheels)",2026,electric,,27.1
Rolls-Royce,"Spectre (23"" Wheels)",2024,electric,,28.2
Rolls-Royce,"Spectre (23"" Wheels)",2025,electric,,29.7
Rolls-Royce,"Spectre (23"" Wheels)",2026,electric,,29.7
Rolls-Royce,Wraith,2014,petrol,6.6,13.8
Rolls-Royce,Wraith,2015,petrol,6.6,15.6
Rolls-Royce,Wraith,2016,petrol,6.6,15.6
Rolls-Royce,Wraith,2017,petrol,6.6,16.1
Rolls-Royce,Wraith,2018,petrol,6.6,16.6
Rolls-Royce,Wraith,2019,petrol,6.6,16.6
Rolls-Royce,Wraith,2020,petrol,6.6,16.5
Rolls-Royce,Wraith,2021,petrol,6.6,16.5
Rolls-Royce,Wraith Black Badge,2019,petrol,6.6,16.6
Rolls-Royce,Wraith Black Badge,2020,petrol,6.6,16.5
Rolls-Royce,Wraith Black Badge,2021,petrol,6.6,16.5
Saab,9-2X Aero AWD Turbo,2005,petrol,2.0,10.6
Saab,9-2X Linear AWD,2005,petrol,2.5,9.05
Saab,9-2X Wagon AWD,2006,petrol,2.5,9.35
Saab,9-3 Aero Convertible Turbo,2005,petrol,2.0,9.97
Saab,9-3 Aero Turbo,2005,petrol,2.0,9.47
Saab,9-3 Arc Convertible Turbo,2005,petrol,2.0,10.05
Saab,9-3 Arc Turbo,2005,petrol,2.0,9.3
Saab,9-3 Convertible Turbo,2006,petrol,2.0,9.95
Saab,9-3 Convertible Turbo,2006,petrol,2.8,11.15
Saab,9-3 Convertible Turbo,2007,petrol,2.0,9.7
Saab,9-3 Convertible Turbo,2007,petrol,2.8,10.95
Saab,9-3 Convertible Turbo,2008,petrol,2.0,9.8
Saab,9-3 Convertible Turbo,2008,petrol,2.8,11.25
Saab,9-3 Convertible Turbo,2009,petrol,2.0,9.4
Saab,9-3 Convertible Turbo,2009,petrol,2.8,11.05
Saab,9-3 Linear Turbo,2005,petrol,2.0,9.25
Saab,9-3 Sport Sedan AWD Turbo,2008,petrol,2.8,11.15
Saab,9-3 Sport Sedan AWD Turbo,2009,petrol,2.0,9.65
Saab,9-3 Sport Sedan AWD Turbo,2009,petrol,2.8,11.35
Saab,9-3 Sport Sedan Turbo,2008,petrol,2.0,9.3
Saab,9-3 Sport Sedan Turbo,2008,petrol,2.8,11.25
Saab,9-3 Sport Sedan Turbo,2009,petrol,2.0,9.2
Saab,9-3 Sport Sedan Turbo,2009,petrol,2.8,11.05
Saab,9-3 Sport Turbo,2006,petrol,2.0,9.0
Saab,9-3 Sport Turbo,2006,petrol,2.8,11.15
Saab,9-3 Sport Turbo,2007,petrol,2.0,9.25
Saab,9-3 Sport Turbo,2007,petrol,2.8,10.95
Saab,9-3 SportCombi AWD Turbo,2008,petrol,2.8,11.15
Saab,9-3 SportCombi AWD Turbo,2009,petrol,2.0,9.65
Saab,9-3 SportCombi AWD Turbo,2009,petrol,2.8,11.35
Saab,9-3 SportCombi Turbo,2006,petrol,2.0,9.0
Saab,9-3 SportCombi Turbo,2006,petrol,2.8,11.15
Saab,9-3 SportCombi Turbo,2007,petrol,2.0,9.4
Saab,9-3 SportCombi Turbo,2007,petrol,2.8,10.95
Saab,9-3 SportCombi Turbo,2008,petrol,2.0,9.55
Saab,9-3 SportCombi Turbo,2008,petrol,2.8,11.25
Saab,9-3 SportCombi Turbo,2009,petrol,2.0,9.2
Saab,9-3 SportCombi Turbo,2009,petrol,2.8,11.05
Saab,9-5 Aero Turbo,2005,petrol,2.3,9.9
Saab,9-5 Aero Wagon Turbo,2005,petrol,2.3,9.9
Saab,9-5 Arc Turbo,2005,petrol,2.3,9.9
Saab,9-5 Arc Wagon Turbo,2005,petrol,2.3,9.9
Saab,9-5 Linear Wagon Turbo,2005,petrol,2.3,9.85
Saab,9-5 Sedan,2006,petrol,2.3,10.25
Saab,9-5 Sedan Turbo,2008,petrol,2.3,9.9
Saab,9-5 Sedan Turbo,2009,petrol,2.3,9.85
Saab,9-5 SportCombi Turbo,2007,petrol,2.3,9.85
Saab,9-5 SportCombi Turbo,2008,petrol,2.3,9.9
Saab,9-5 SportCombi Turbo,2009,petrol,2.3,9.85
Saab,9-5 Turbo,2007,petrol,2.3,9.85
Saab,9-5 Wagon,2006,petrol,2.3,10.25
Saab,9-7X AWD,2005,petrol,5.3,14.1
Saab,9-7X AWD,2006,petrol,4.2,13.7
Saab,9-7X AWD,2006,petrol,5.3,13.0
Saab,9-7X AWD,2007,petrol,4.2,12.9
Saab,9-7X AWD,2007,petrol,5.3,13.0
Saab,9-7X AWD,2008,petrol,4.2,13.0
Saab,9-7X AWD,2008,petrol,5.3,12.8
Saab,9-7X AWD,2008,petrol,6.0,15.8
Saab,9-7X AWD,2009,petrol,4.2,12.9
Saab,9-7X AWD,2009,petrol,5.3,12.6
Saab,9-7X AWD,2009,petrol,6.0,15.8
Subaru,Ascent AWD,2019,petrol,2.4,10.4
Subaru,Ascent AWD,2020,petrol,2.4,10.4
Subaru,Ascent AWD,2021,petrol,2.4,10.4
Subaru,Ascent AWD,2022,petrol,2.4,10.5
Subaru,Ascent AWD,2023,petrol,2.4,11.0
Subaru,Ascent AWD,2024,petrol,2.4,11.0
Subaru,Ascent AWD,2025,petrol,2.4,11.0
Subaru,Ascent AWD,2026,petrol,2.4,11.0
Subaru,B9 Tribeca,2007,petrol,3.0,11.6
Subaru,B9 Tribeca AWD,2006,petrol,3.0,11.6
Subaru,BRZ,2013,petrol,2.0,7.75
Subaru,BRZ,2014,petrol,2.0,7.75
Subaru,BRZ,2015,petrol,2.0,9.0
Subaru,BRZ,2016,petrol,2.0,9.0
Subaru,BRZ,2017,petrol,2.0,9.15
Subaru,BRZ,2018,petrol,2.0,9.2
Subaru,BRZ,2019,petrol,2.0,9.25
Subaru,BRZ,2020,petrol,2.0,9.25
Subaru,BRZ,2022,petrol,2.4,10.0
Subaru,BRZ,2023,petrol,2.4,10.0
Subaru,BRZ,2024,petrol,2.4,10.0
Subaru,BRZ,2025,petrol,2.4,10.05
Subaru,BRZ,2026,petrol,2.4,10.05
Subaru,BRZ tS,2018,petrol,2.0,10.2
Subaru,BRZ tS,2020,petrol,2.0,10.2
Subaru,Baja Sport AWD,2005,petrol,2.5,9.65
Subaru,Baja Sport AWD,2006,petrol,2.5,9.35
Subaru,Crosstrek AWD,2017,petrol,2.0,8.7
Subaru,Crosstrek AWD,2018,petrol,2.0,8.75
Subaru,Crosstrek AWD,2019,petrol,2.0,8.75
Subaru,Crosstrek AWD,2020,petrol,2.0,8.65
Subaru,Crosstrek AWD,2021,petrol,2.0,8.65
Subaru,Crosstrek AWD,2021,petrol,2.5,8.0
Subaru,Crosstrek AWD,2022,petrol,2.0,8.65
Subaru,Crosstrek AWD,2022,petrol,2.5,8.0
Subaru,Crosstrek AWD,2023,petrol,2.0,8.65
Subaru,Crosstrek AWD,2023,petrol,2.5,8.0
Subaru,Crosstrek AWD,2024,petrol,2.0,8.0
Subaru,Crosstrek AWD,2024,petrol,2.5,8.1
Subaru,Crosstrek AWD,2025,petrol,2.0,8.0
Subaru,Crosstrek AWD,2025,petrol,2.5,8.1
Subaru,Crosstrek AWD,2026,petrol,2.5,8.1
Subaru,Crosstrek Hybrid AWD,2020,hybrid,2.0,6.7
Subaru,Crosstrek Hybrid AWD,2021,hybrid,2.0,6.7
Subaru,Crosstrek Hybrid AWD,2022,hybrid,2.0,6.7
Subaru,Crosstrek Hybrid AWD,2023,hybrid,2.0,6.7
Subaru,Crosstrek Hybrid AWD,2026,hybrid,2.5,6.5
Subaru,Crosstrek Wilderness AWD,2024,petrol,2.5,8.8
Subaru,Crosstrek Wilderness AWD,2025,petrol,2.5,8.8
Subaru,Crosstrek Wilderness AWD,2026,petrol,2.5,8.9
Subaru,Forester 2.5X,2007,petrol,2.5,9.25
Subaru,Forester 2.5X,2008,petrol,2.5,9.15
Subaru,Forester 2.5X,2010,petrol,2.5,9.2
Subaru,Forester 2.5X AWD,2006,petrol,2.5,9.25
Subaru,Forester 2.5X Ltd,2010,petrol,2.5,9.2
Subaru,Forester 2.5X Touring,2010,petrol,2.5,9.2
Subaru,Forester 2.5XS,2007,petrol,2.5,9.25
Subaru,Forester 2.5XS,2008,petrol,2.5,9.15
Subaru,Forester 2.5XS AWD,2006,petrol,2.5,9.25
Subaru,Forester 2.5XS Ltd,2009,petrol,2.5,9.15
Subaru,Forester 2.5XT,2007,petrol,2.5,10.05
Subaru,Forester 2.5XT,2008,petrol,2.5,9.95
Subaru,Forester 2.5XT AWD,2006,petrol,2.5,10.2
Subaru,Forester 2.5XT Ltd Turbo,2010,petrol,2.5,9.8
Subaru,Forester 2.5XT Turbo,2009,petrol,2.5,9.7
Subaru,Forester AWD,2005,petrol,2.5,9.1
Subaru,Forester AWD,2011,petrol,2.5,9.27
Subaru,Forester AWD,2012,petrol,2.5,9.13
Subaru,Forester AWD,2013,petrol,2.5,9.13
Subaru,Forester AWD,2014,petrol,2.0,8.1
Subaru,Forester AWD,2014,petrol,2.5,7.9
Subaru,Forester AWD,2015,petrol,2.0,9.4
Subaru,Forester AWD,2015,petrol,2.5,9.15
Subaru,Forester AWD,2016,petrol,2.0,9.4
Subaru,Forester AWD,2016,petrol,2.5,9.15
Subaru,Forester AWD,2017,petrol,2.0,9.5
Subaru,Forester AWD,2017,petrol,2.5,9.05
Subaru,Forester AWD,2018,petrol,2.0,9.5
Subaru,Forester AWD,2018,petrol,2.5,9.05
Subaru,Forester AWD,2019,petrol,2.5,8.2
Subaru,Forester AWD,2020,petrol,2.5,8.2
Subaru,Forester AWD,2021,petrol,2.5,8.2
Subaru,Forester AWD,2022,petrol,2.5,8.2
Subaru,Forester AWD,2023,petrol,2.5,8.2
Subaru,Forester AWD,2024,petrol,2.5,8.2
Subaru,Forester AWD,2025,petrol,2.5,8.3
Subaru,Forester AWD,2026,petrol,2.5,8.3
Subaru,Forester Hybrid AWD,2026,hybrid,2.5,6.9
Subaru,Forester PZEV,2010,petrol,2.5,9.2
Subaru,Forester Wilderness AWD,2022,petrol,2.5,9.0
Subaru,Forester Wilderness AWD,2023,petrol,2.5,9.0
Subaru,Forester Wilderness AWD,2024,petrol,2.5,9.0
Subaru,Forester Wilderness AWD,2025,petrol,2.5,9.0
Subaru,Forester Wilderness AWD,2026,petrol,2.5,9.2
Subaru,Forester XT AWD,2005,petrol,2.5,10.7
Subaru,Forester e-BOXER Hybrid AWD,2025,hybrid,2.5,6.9
Subaru,Impreza 2.5RS Sedan AWD,2005,petrol,2.5,9.05
Subaru,Impreza 2.5RS Sport Wagon AWD,2005,petrol,2.5,9.1
Subaru,Impreza 2.5i,2007,petrol,2.5,9.25
Subaru,Impreza 2.5i,2008,petrol,2.5,9.1
Subaru,Impreza 2.5i,2009,petrol,2.5,9.15
Subaru,Impreza 2.5i,2010,petrol,2.5,9.2
Subaru,Impreza 2.5i Ltd,2010,petrol,2.5,9.2
Subaru,Impreza 2.5i Ltd Wagon,2010,petrol,2.5,9.2
Subaru,Impreza 2.5i Sedan/Wagon AWD,2006,petrol,2.5,9.25
Subaru,Impreza 2.5i Sport,2010,petrol,2.5,9.2
Subaru,Impreza 2.5i Sport Wagon,2007,petrol,2.5,9.25
Subaru,Impreza 2.5i Sport Wagon,2010,petrol,2.5,9.2
Subaru,Impreza 2.5i Wagon,2009,petrol,2.5,9.15
Subaru,Impreza 2.5i Wagon,2010,petrol,2.5,9.2
Subaru,Impreza 4-Door AWD,2017,petrol,2.0,8.2
Subaru,Impreza 4-Door AWD,2018,petrol,2.0,8.2
Subaru,Impreza 4-Door AWD,2019,petrol,2.0,8.2
Subaru,Impreza 4-Door AWD,2020,petrol,2.0,8.25
Subaru,Impreza 4-Door AWD,2021,petrol,2.0,8.25
Subaru,Impreza 4-Door AWD,2022,petrol,2.0,8.2
Subaru,Impreza 5-Door AWD,2017,petrol,2.0,8.25
Subaru,Impreza 5-Door AWD,2018,petrol,2.0,8.25
Subaru,Impreza 5-Door AWD,2019,petrol,2.0,8.3
Subaru,Impreza 5-Door AWD,2020,petrol,2.0,8.3
Subaru,Impreza 5-Door AWD,2021,petrol,2.0,8.3
Subaru,Impreza 5-Door AWD,2022,petrol,2.0,8.3
Subaru,Impreza 5-Door AWD,2023,petrol,2.0,8.3
Subaru,Impreza AWD,2011,petrol,2.5,9.72
Subaru,Impreza AWD,2012,petrol,2.0,6.95
Subaru,Impreza AWD,2013,petrol,2.0,6.95
Subaru,Impreza AWD,2013,petrol,2.5,10.3
Subaru,Impreza AWD,2014,petrol,2.0,6.9
Subaru,Impreza AWD,2014,petrol,2.5,10.3
Subaru,Impreza AWD,2015,petrol,2.0,8.0
Subaru,Impreza AWD,2016,petrol,2.0,8.0
Subaru,Impreza AWD,2024,petrol,2.0,8.0
Subaru,Impreza AWD,2024,petrol,2.5,8.2
Subaru,Impreza AWD,2025,petrol,2.0,8.0
Subaru,Impreza AWD,2025,petrol,2.5,8.2
Subaru,Impreza AWD,2026,petrol,2.0,8.0
Subaru,Impreza AWD,2026,petrol,2.5,8.2
Subaru,Impreza GT Turbo,2010,petrol,2.5,9.8
Subaru,Impreza GT Wagon Turbo,2010,petrol,2.5,9.8
Subaru,Impreza Outback Sport AWD,2005,petrol,2.5,9.1
Subaru,Impreza STI Turbo,2009,petrol,2.5,10.6
Subaru,Impreza STI Turbo,2010,petrol,2.5,10.8
Subaru,Impreza WRX,2007,petrol,2.5,10.0
Subaru,Impreza WRX,2008,petrol,2.5,9.55
Subaru,Impreza WRX STI,2007,petrol,2.5,10.9
Subaru,Impreza WRX STI,2008,petrol,2.5,10.6
Subaru,Impreza WRX STI Sedan AWD,2006,petrol,2.5,11.5
Subaru,Impreza WRX STi Sedan AWD,2005,petrol,2.5,11.5
Subaru,Impreza WRX Sedan AWD,2005,petrol,2.0,10.25
Subaru,Impreza WRX Sedan AWD,2006,petrol,2.5,10.2
Subaru,Impreza WRX Sport Wagon,2007,petrol,2.5,10.0
Subaru,Impreza WRX Sport Wagon AWD,2005,petrol,2.0,10.25
Subaru,Impreza WRX Turbo,2009,petrol,2.5,9.7
Subaru,Impreza WRX Turbo,2010,petrol,2.5,9.9
Subaru,Impreza WRX Wagon AWD,2006,petrol,2.5,10.2
Subaru,Impreza WRX Wagon Turbo,2009,petrol,2.5,9.7
Subaru,Impreza WRX Wagon Turbo,2010,petrol,2.5,9.9
Subaru,Impreza Wagon AWD,2006,petrol,2.5,9.25
Subaru,Impreza Wagon AWD,2011,petrol,2.5,9.72
Subaru,Impreza Wagon AWD,2013,petrol,2.0,6.95
Subaru,Impreza Wagon AWD,2013,petrol,2.5,10.3
Subaru,Impreza Wagon AWD,2014,petrol,2.0,6.9
Subaru,Impreza Wagon AWD,2014,petrol,2.5,10.3
Subaru,Impreza Wagon AWD,2015,petrol,2.0,8.0
Subaru,Impreza Wagon AWD,2016,petrol,2.0,8.0
Subaru,Legacy 2.5GT,2007,petrol,2.5,10.25
Subaru,Legacy 2.5GT Ltd,2008,petrol,2.5,10.0
Subaru,Legacy 2.5GT Ltd Wagon,2008,petrol,2.5,10.0
Subaru,Legacy 2.5GT Sedan AWD,2005,petrol,2.5,10.7
Subaru,Legacy 2.5GT Sedan AWD,2006,petrol,2.5,10.5
Subaru,Legacy 2.5GT Turbo,2010,petrol,2.5,9.9
Subaru,Legacy 2.5GT Wagon,2007,petrol,2.5,10.25
Subaru,Legacy 2.5GT Wagon AWD,2005,petrol,2.5,10.75
Subaru,Legacy 2.5GT Wagon AWD,2006,petrol,2.5,10.55
Subaru,Legacy 2.5GT spec.B,2007,petrol,2.5,10.5
Subaru,Legacy 2.5GT spec.B,2008,petrol,2.5,10.4
Subaru,Legacy 2.5GT spec.B,2009,petrol,2.5,10.4
Subaru,Legacy 2.5i,2007,petrol,2.5,9.1
Subaru,Legacy 2.5i,2008,petrol,2.5,9.1
Subaru,Legacy 2.5i,2009,petrol,2.5,9.15
Subaru,Legacy 2.5i,2010,petrol,2.5,8.6
Subaru,Legacy 2.5i Ltd,2008,petrol,2.5,9.1
Subaru,Legacy 2.5i Ltd,2010,petrol,2.5,8.0
Subaru,Legacy 2.5i Ltd Wagon,2008,petrol,2.5,9.1
Subaru,Legacy 2.5i PZEV,2010,petrol,2.5,8.0
Subaru,Legacy 2.5i Sedan AWD,2005,petrol,2.5,9.0
Subaru,Legacy 2.5i Sedan AWD,2006,petrol,2.5,9.1
Subaru,Legacy 2.5i Sport,2010,petrol,2.5,8.6
Subaru,Legacy 2.5i Wagon,2008,petrol,2.5,9.1
Subaru,Legacy 2.5i Wagon,2009,petrol,2.5,9.15
Subaru,Legacy 2.5i Wagon AWD,2005,petrol,2.5,9.0
Subaru,Legacy 2.5i Wagon AWD,2006,petrol,2.5,9.1
Subaru,Legacy 3.0R Ltd,2009,petrol,3.0,10.4
Subaru,Legacy 3.6R,2010,petrol,3.6,10.2
Subaru,Legacy 3.6R Ltd,2010,petrol,3.6,10.2
Subaru,Legacy AWD,2011,petrol,2.5,9.0
Subaru,Legacy AWD,2011,petrol,3.6,10.2
Subaru,Legacy AWD,2012,petrol,2.5,9.0
Subaru,Legacy AWD,2012,petrol,3.6,10.2
Subaru,Legacy AWD,2013,petrol,2.5,7.9
Subaru,Legacy AWD,2013,petrol,3.6,10.2
Subaru,Legacy AWD,2014,petrol,2.5,7.95
Subaru,Legacy AWD,2014,petrol,3.6,10.1
Subaru,Legacy AWD,2015,petrol,2.5,8.65
Subaru,Legacy AWD,2015,petrol,3.6,10.2
Subaru,Legacy AWD,2016,petrol,2.5,8.65
Subaru,Legacy AWD,2016,petrol,3.6,10.2
Subaru,Legacy AWD,2017,petrol,2.5,8.9
Subaru,Legacy AWD,2017,petrol,3.6,10.3
Subaru,Legacy AWD,2018,petrol,2.5,8.3
Subaru,Legacy AWD,2018,petrol,3.6,10.3
Subaru,Legacy AWD,2019,petrol,2.5,8.2
Subaru,Legacy AWD,2019,petrol,3.6,10.3
Subaru,Legacy AWD,2020,petrol,2.4,8.7
Subaru,Legacy AWD,2020,petrol,2.5,7.9
Subaru,Legacy AWD,2021,petrol,2.4,8.7
Subaru,Legacy AWD,2021,petrol,2.5,7.9
Subaru,Legacy AWD,2022,petrol,2.4,8.7
Subaru,Legacy AWD,2022,petrol,2.5,7.8
Subaru,Legacy AWD,2023,petrol,2.4,9.0
Subaru,Legacy AWD,2023,petrol,2.5,7.8
Subaru,Legacy AWD,2024,petrol,2.4,9.0
Subaru,Outback 2.5XT Ltd Wagon,2008,petrol,2.5,10.25
Subaru,Outback 2.5XT Wagon,2007,petrol,2.5,10.05
Subaru,Outback 2.5XT Wagon AWD,2006,petrol,2.5,10.75
Subaru,Outback 2.5i,2009,petrol,2.5,9.15
Subaru,Outback 2.5i Ltd,2010,petrol,2.5,8.4
Subaru,Outback 2.5i Sport,2010,petrol,2.5,8.8
Subaru,Outback 2.5i Wagon,2007,petrol,2.5,9.2
Subaru,Outback 2.5i Wagon AWD,2005,petrol,2.5,9.0
Subaru,Outback 2.5i Wagon AWD,2006,petrol,2.5,9.2
Subaru,Outback 3.0 Wagon AWD,2006,petrol,3.0,10.5
Subaru,Outback 3.0R,2009,petrol,3.0,10.4
Subaru,Outback 3.0R Wagon,2007,petrol,3.0,10.5
Subaru,Outback 3.0R Wagon,2008,petrol,3.0,10.3
Subaru,Outback 3.0R Wagon AWD,2005,petrol,3.0,10.5
Subaru,Outback 3.6R,2010,petrol,3.6,10.2
Subaru,Outback 3.6R Ltd,2010,petrol,3.6,10.2
Subaru,Outback AWD,2012,petrol,2.5,8.75
Subaru,Outback AWD,2012,petrol,3.6,10.2
Subaru,Outback AWD,2013,petrol,2.5,8.1
Subaru,Outback AWD,2013,petrol,3.6,10.2
Subaru,Outback AWD,2014,petrol,2.5,8.05
Subaru,Outback AWD,2014,petrol,3.6,10.2
Subaru,Outback AWD,2015,petrol,2.5,9.0
Subaru,Outback AWD,2015,petrol,3.6,10.5
Subaru,Outback AWD,2016,petrol,2.5,9.0
Subaru,Outback AWD,2016,petrol,3.6,10.5
Subaru,Outback AWD,2017,petrol,2.5,9.1
Subaru,Outback AWD,2017,petrol,3.6,10.5
Subaru,Outback AWD,2018,petrol,2.5,8.5
Subaru,Outback AWD,2018,petrol,3.6,10.5
Subaru,Outback AWD,2019,petrol,2.5,8.5
Subaru,Outback AWD,2019,petrol,3.6,10.5
Subaru,Outback AWD,2020,petrol,2.4,9.1
Subaru,Outback AWD,2020,petrol,2.5,8.2
Subaru,Outback AWD,2021,petrol,2.4,9.1
Subaru,Outback AWD,2021,petrol,2.5,8.2
Subaru,Outback AWD,2022,petrol,2.4,9.1
Subaru,Outback AWD,2022,petrol,2.5,8.2
Subaru,Outback AWD,2023,petrol,2.4,9.5
Subaru,Outback AWD,2023,petrol,2.5,8.3
Subaru,Outback AWD,2024,petrol,2.4,9.5
Subaru,Outback AWD,2024,petrol,2.5,8.3
Subaru,Outback AWD,2025,petrol,2.4,9.5
Subaru,Outback AWD,2025,petrol,2.5,8.3
Subaru,Outback AWD,2026,petrol,2.4,9.7
Subaru,Outback AWD,2026,petrol,2.5,8.5
Subaru,Outback Ltd Wagon,2008,petrol,2.5,9.25
Subaru,Outback PZEV,2010,petrol,2.5,8.8
Subaru,Outback Sport AWD,2006,petrol,2.5,9.25
Subaru,Outback Sport AWD,2011,petrol,2.5,9.72
Subaru,Outback Wagon,2008,petrol,2.5,9.25
Subaru,Outback Wagon AWD,2011,petrol,2.5,8.75
Subaru,Outback Wagon AWD,2011,petrol,3.6,10.2
Subaru,Outback Wilderness AWD,2022,petrol,2.4,10.0
Subaru,Outback Wilderness AWD,2023,petrol,2.4,10.1
Subaru,Outback Wilderness AWD,2024,petrol,2.4,10.1
Subaru,Outback Wilderness AWD,2025,petrol,2.4,10.1
Subaru,Outback Wilderness AWD,2026,petrol,2.4,10.2
Subaru,Outback XT Wagon AWD,2005,petrol,2.5,10.75
Subaru,Solterra AWD,2023,electric,,20.3
Subaru,Solterra AWD,2024,electric,,20.5
Subaru,Tribeca,2009,petrol,3.6,11.5
Subaru,Tribeca AWD,2008,petrol,3.6,11.5
Subaru,Tribeca AWD,2010,petrol,3.6,11.4
Subaru,Tribeca AWD,2011,petrol,3.6,11.4
Subaru,Tribeca AWD,2012,petrol,3.6,11.4
Subaru,Tribeca AWD,2013,petrol,3.6,11.4
Subaru,Tribeca AWD,2014,petrol,3.6,11.4
Subaru,WRX,2015,petrol,2.0,10.45
Subaru,WRX,2015,petrol,2.5,12.2
Subaru,WRX,2016,petrol,2.0,10.6
Subaru,WRX,2016,petrol,2.5,12.2
Subaru,WRX AWD,2012,petrol,2.5,9.7
Subaru,WRX AWD,2017,petrol,2.0,10.6
Subaru,WRX AWD,2017,petrol,2.5,12.2
Subaru,WRX AWD,2018,petrol,2.0,10.6
Subaru,WRX AWD,2019,petrol,2.0,10.6
Subaru,WRX AWD,2020,petrol,2.0,10.8
Subaru,WRX AWD,2021,petrol,2.0,10.95
Subaru,WRX AWD,2022,petrol,2.4,11.0
Subaru,WRX AWD,2023,petrol,2.4,11.0
Subaru,WRX AWD,2024,petrol,2.4,11.0
Subaru,WRX AWD,2025,petrol,2.4,11.05
Subaru,WRX STI AWD,2012,petrol,2.5,10.9
Subaru,WRX STI AWD,2018,petrol,2.5,12.5
Subaru,WRX STI AWD,2019,petrol,2.5,12.7
Subaru,WRX STI AWD,2020,petrol,2.5,12.7
Subaru,WRX STI AWD,2021,petrol,2.5,12.8
Subaru,WRX STI AWD Type RA,2018,petrol,2.5,12.8
Subaru,XV Crosstrek AWD,2013,petrol,2.0,7.55
Subaru,XV Crosstrek AWD,2014,petrol,2.0,7.55
Subaru,XV Crosstrek AWD,2015,petrol,2.0,8.6
Subaru,XV Crosstrek AWD,2016,petrol,2.0,8.6
Subaru,XV Crosstrek Hybrid AWD,2014,hybrid,2.0,6.5
Subaru,XV Crosstrek Hybrid AWD,2015,hybrid,2.0,7.5
Subaru,XV Crosstrek Hybrid AWD,2016,hybrid,2.0,7.5
Suzuki,Aerio,2005,petrol,2.3,8.3
Suzuki,Aerio,2006,petrol,2.3,8.3
Suzuki,Aerio,2007,petrol,2.3,8.3
Suzuki,Aerio Fastback,2005,petrol,2.3,8.35
Suzuki,Aerio Fastback,2006,petrol,2.3,8.3
Suzuki,Aerio Fastback AWD,2005,petrol,2.3,8.8
Suzuki,Aerio Fastback SX,2006,petrol,2.3,8.35
Suzuki,Aerio Fastback SX AWD,2006,petrol,2.3,8.8
Suzuki,Equator,2009,petrol,2.5,9.8
Suzuki,Equator,2009,petrol,4.0,12.0
Suzuki,Equator 4X4,2009,petrol,4.0,12.6
Suzuki,Equator 4X4,2010,petrol,4.0,12.8
Suzuki,Equator V6 4X4,2011,petrol,4.0,12.8
Suzuki,Grand Vitara,2005,petrol,2.5,11.35
Suzuki,Grand Vitara,2009,petrol,2.4,9.9
Suzuki,Grand Vitara,2009,petrol,3.2,10.7
Suzuki,Grand Vitara,2010,petrol,2.4,10.0
Suzuki,Grand Vitara,2010,petrol,3.2,10.7
Suzuki,Grand Vitara,2011,petrol,2.4,10.0
Suzuki,Grand Vitara,2012,petrol,2.4,10.0
Suzuki,Grand Vitara 4X4,2006,petrol,2.7,11.2
Suzuki,Grand Vitara 4X4,2007,petrol,2.7,11.2
Suzuki,Grand Vitara 4X4,2008,petrol,2.7,11.2
Suzuki,Grand Vitara Urban/JX/JLX,2013,petrol,2.4,10.0
Suzuki,Grand Vitara XL-7,2005,petrol,2.7,11.9
Suzuki,Grand Vitara XL-7 4X4,2006,petrol,2.7,11.9
Suzuki,Kizashi AWD,2011,petrol,2.4,8.2
Suzuki,Kizashi S,2011,petrol,2.4,7.6
Suzuki,Kizashi S AWD,2012,petrol,2.4,8.2
Suzuki,Kizashi S AWD,2013,petrol,2.4,8.2
Suzuki,Kizashi SX/Sport AWD,2012,petrol,2.4,8.2
Suzuki,Kizashi SX/Sport AWD,2013,petrol,2.4,8.2
Suzuki,Kizashi Sport,2011,petrol,2.4,8.6
Suzuki,SX4,2007,petrol,2.0,8.0
Suzuki,SX4,2008,petrol,2.0,7.9
Suzuki,SX4,2009,petrol,2.0,7.9
Suzuki,SX4 AWD,2009,petrol,2.0,8.65
Suzuki,SX4 AWD,2011,petrol,2.0,8.05
Suzuki,SX4 AWD,2012,petrol,2.0,8.05
Suzuki,SX4 AWD Hatch,2010,petrol,2.0,8.05
Suzuki,SX4 Crossover JA/JX AWD,2013,petrol,2.0,8.1
Suzuki,SX4 Crossover JA/JX/JLX AWD,2013,petrol,2.0,8.0
Suzuki,SX4 Hatch,2010,petrol,2.0,7.6
Suzuki,SX4 Hatchback JA,2013,petrol,2.0,7.6
Suzuki,SX4 Hatchback JX,2013,petrol,2.0,7.8
Suzuki,SX4 JA,2011,petrol,2.0,7.6
Suzuki,SX4 JA,2012,petrol,2.0,7.6
Suzuki,SX4 JLX Hatch,2010,petrol,2.0,7.8
Suzuki,SX4 JX,2007,petrol,2.0,8.3
Suzuki,SX4 JX,2008,petrol,2.0,8.2
Suzuki,SX4 JX,2009,petrol,2.0,8.1
Suzuki,SX4 JX,2012,petrol,2.0,7.8
Suzuki,SX4 JX Hatch,2010,petrol,2.0,7.8
Suzuki,SX4 JX/JLX,2011,petrol,2.0,7.8
Suzuki,SX4 JX/JLX AWD,2007,petrol,2.0,8.8
Suzuki,SX4 JX/JLX AWD,2008,petrol,2.0,8.65
Suzuki,SX4 Sedan,2008,petrol,2.0,7.9
Suzuki,SX4 Sedan,2009,petrol,2.0,7.9
Suzuki,SX4 Sedan,2010,petrol,2.0,7.4
Suzuki,SX4 Sedan,2012,petrol,2.0,7.4
Suzuki,SX4 Sedan JA,2011,petrol,2.0,7.4
Suzuki,SX4 Sedan JA,2013,petrol,2.0,7.2
Suzuki,SX4 Sedan JA/JE,2013,petrol,2.0,7.6
Suzuki,SX4 Sedan Sport,2008,petrol,2.0,8.2
Suzuki,SX4 Sedan Sport,2009,petrol,2.0,8.2
Suzuki,SX4 Sedan Sport,2010,petrol,2.0,7.85
Suzuki,SX4 Sedan Sport,2011,petrol,2.0,7.85
Suzuki,SX4 Sedan Sport,2012,petrol,2.0,7.85
Suzuki,SX4 Sedan Sport,2013,petrol,2.0,7.85
Suzuki,Swift+,2005,petrol,1.6,7.45
Suzuki,Swift+,2006,petrol,1.6,7.65
Suzuki,Swift+,2007,petrol,1.6,7.65
Suzuki,Swift+,2008,petrol,1.6,7.65
Suzuki,Swift+,2009,petrol,1.6,7.0
Suzuki,Swift+,2010,petrol,1.6,6.9
Suzuki,Swift+,2011,petrol,1.6,7.0
Suzuki,Verona,2005,petrol,2.5,9.5
Suzuki,Verona,2006,petrol,2.5,9.7
Suzuki,XL7,2007,petrol,3.6,11.2
Suzuki,XL7,2008,petrol,3.6,11.2
Suzuki,XL7 AWD,2007,petrol,3.6,11.7
Suzuki,XL7 AWD,2008,petrol,3.6,11.7
Suzuki,XL7 AWD,2009,petrol,3.6,11.3
Tesla,Cybertruck AWD,2025,electric,,26.7
Tesla,Cybertruck AWD,2026,electric,,26.7
Tesla,Cybertruck Premium,2026,electric,,26.7
Tesla,Model 3 Long Range,2018,electric,,16.1
Tesla,Model 3 Long Range,2019,electric,,16.1
Tesla,Model 3 Long Range,2020,electric,,16.1
Tesla,Model 3 Long Range AWD,2018,electric,,18.0
Tesla,Model 3 Long Range AWD,2019,electric,,18.0
Tesla,Model 3 Long Range AWD,2020,electric,,17.4
Tesla,Model 3 Long Range AWD,2021,electric,,15.6
Tesla,Model 3 Long Range AWD,2022,electric,,16.0
Tesla,Model 3 Long Range AWD,2023,electric,,16.6
Tesla,Model 3 Long Range AWD,2024,electric,,16.1
Tesla,Model 3 Long Range AWD (Import),2023,electric,,16.6
Tesla,Model 3 Long Range AWD (Import),2024,electric,,16.2
Tesla,Model 3 Long Range AWD (pre-1/10/23),2023,electric,,16.0
Tesla,Model 3 Long Range AWD Performance,2018,electric,,18.0
Tesla,Model 3 Long Range AWD Performance,2019,electric,,18.0
Tesla,"Model 3 Long Range AWD Performance (18"" Wheels)",2020,electric,,17.4
Tesla,"Model 3 Long Range AWD Performance (19"" Wheels)",2020,electric,,18.1
Tesla,"Model 3 Long Range AWD Performance (20"" Wheels)",2020,electric,,18.6
Tesla,Model 3 Long Range AWD-I,2025,electric,,16.1
Tesla,Model 3 Long Range-I,2025,electric,,15.3
Tesla,Model 3 Mid Range,2018,electric,,17.1
Tesla,Model 3 Mid Range,2019,electric,,17.1
Tesla,Model 3 Mid Range,2020,electric,,17.1
Tesla,Model 3 Performance,2021,electric,,18.6
Tesla,Model 3 Performance,2022,electric,,18.6
Tesla,Model 3 Performance,2023,electric,,18.6
Tesla,Model 3 Performance,2024,electric,,18.7
Tesla,Model 3 Performance,2026,electric,,18.4
Tesla,Model 3 Performance AWD,2026,electric,,18.8
Tesla,Model 3 Performance-I,2025,electric,,19.2
Tesla,Model 3 Premium AWD-I,2026,electric,,16.4
Tesla,Model 3 Premium-I,2026,electric,,15.3
Tesla,Model 3 RWD,2022,electric,,15.8
Tesla,Model 3 RWD,2023,electric,,15.8
Tesla,Model 3 RWD,2024,electric,,15.8
Tesla,Model 3 RWD (Import),2024,electric,,15.4
Tesla,Model 3 Standard Range,2019,electric,,15.6
Tesla,Model 3 Standard Range,2020,electric,,15.6
Tesla,Model 3 Standard Range,2021,electric,,15.2
Tesla,Model 3 Standard Range,2022,electric,,18.6
Tesla,Model 3 Standard Range Plus,2019,electric,,15.8
Tesla,Model 3 Standard Range Plus,2020,electric,,14.9
Tesla,Model 3 Standard Range Plus,2021,electric,,14.8
Tesla,Model S,2022,electric,,17.5
Tesla,Model S,2023,electric,,17.5
Tesla,Model S,2024,electric,,17.2
Tesla,Model S,2025,electric,,16.9
Tesla,Model S,2026,electric,,16.9
Tesla,Model S (40 kWh),2013,electric,,22.2
Tesla,Model S (60 kWh pre-6/16),2016,electric,,21.9
Tesla,Model S (60 kWh),2013,electric,,21.9
Tesla,Model S (60 kWh),2014,electric,,21.9
Tesla,Model S (60 kWh),2015,electric,,21.9
Tesla,Model S (60 kWh),2016,electric,,21.1
Tesla,Model S (60 kWh),2017,electric,,21.1
Tesla,Model S (70 kWh),2015,electric,,23.6
Tesla,Model S (70 kWh),2016,electric,,23.6
Tesla,Model S (75 kWh),2016,electric,,21.3
Tesla,Model S (75 kWh),2017,electric,,21.3
Tesla,Model S (75 kWh),2018,electric,,21.3
Tesla,Model S (85 kWh),2013,electric,,23.6
Tesla,Model S (85 kWh),2014,electric,,23.6
Tesla,Model S (85/90 kWh),2015,electric,,23.6
Tesla,Model S (85/90 kWh),2016,electric,,23.6
Tesla,Model S 100D,2017,electric,,20.6
Tesla,Model S 100D,2018,electric,,20.6
Tesla,Model S 100D,2019,electric,,20.6
Tesla,Model S 60D,2016,electric,,20.2
Tesla,Model S 60D,2017,electric,,20.2
Tesla,Model S 70D,2015,electric,,20.7
Tesla,Model S 70D,2016,electric,,20.7
Tesla,Model S 75D,2016,electric,,20.3
Tesla,Model S 75D,2017,electric,,20.3
Tesla,Model S 75D,2018,electric,,20.3
Tesla,Model S 75D,2019,electric,,20.3
Tesla,Model S 85D/90D,2015,electric,,21.0
Tesla,Model S 85D/90D,2016,electric,,21.0
Tesla,Model S 90D,2017,electric,,20.2
Tesla,Model S 90D (Refresh),2016,electric,,20.3
Tesla,Model S Long Range,2019,electric,,18.8
Tesla,Model S Long Range,2020,electric,,18.8
Tesla,Model S Long Range,2021,electric,,17.5
Tesla,Model S Long Range Plus,2020,electric,,17.9
Tesla,Model S Long Range Plus,2021,electric,,18.6
Tesla,Model S Long Range Plus (pre-15/6/20),2020,electric,,18.0
Tesla,Model S P100D,2016,electric,,21.5
Tesla,Model S P100D,2017,electric,,21.5
Tesla,Model S P100D,2018,electric,,21.5
Tesla,Model S P100D,2019,electric,,21.5
Tesla,Model S P85D/P90D,2015,electric,,22.5
Tesla,Model S P85D/P90D,2016,electric,,22.5
Tesla,Model S P90D,2017,electric,,22.0
Tesla,Model S P90D (Refresh),2016,electric,,22.1
Tesla,Model S Performance,2013,electric,,23.6
Tesla,Model S Performance,2014,electric,,23.6
Tesla,"Model S Performance (19"" Wheels)",2019,electric,,20.2
Tesla,"Model S Performance (19"" Wheels)",2020,electric,,20.2
Tesla,"Model S Performance (19"" Wheels)",2021,electric,,19.0
Tesla,"Model S Performance (21"" Wheels)",2019,electric,,21.6
Tesla,"Model S Performance (21"" Wheels)",2020,electric,,21.6
Tesla,"Model S Performance (21"" Wheels)",2021,electric,,21.9
Tesla,"Model S Plaid (19"" Wheels)",2021,electric,,18.1
Tesla,"Model S Plaid (19"" Wheels)",2022,electric,,18.1
Tesla,"Model S Plaid (19"" Wheels)",2023,electric,,18.1
Tesla,"Model S Plaid (19"" Wheels)",2024,electric,,19.6
Tesla,"Model S Plaid (19"" Wheels)",2025,electric,,20.2
Tesla,"Model S Plaid (19"" Wheels)",2026,electric,,19.0
Tesla,"Model S Plaid (21"" Wheels)",2021,electric,,20.8
Tesla,"Model S Plaid (21"" Wheels)",2022,electric,,20.8
Tesla,"Model S Plaid (21"" Wheels)",2023,electric,,20.8
Tesla,"Model S Plaid (21"" Wheels)",2024,electric,,21.9
Tesla,"Model S Plaid (21"" Wheels)",2025,electric,,22.5
Tesla,"Model S Plaid (21"" Wheels)",2026,electric,,22.5
Tesla,Model S Standard Range,2019,electric,,19.2
Tesla,Model S Standard Range,2020,electric,,19.2
Tesla,Model X,2022,electric,,20.6
Tesla,Model X,2023,electric,,20.6
Tesla,Model X,2024,electric,,20.9
Tesla,Model X,2025,electric,,21.3
Tesla,Model X,2026,electric,,20.0
Tesla,Model X 100D,2017,electric,,24.0
Tesla,Model X 100D,2018,electric,,24.0
Tesla,Model X 100D,2019,electric,,24.0
Tesla,Model X 60D,2016,electric,,22.6
Tesla,Model X 60D,2017,electric,,22.6
Tesla,Model X 75D,2016,electric,,22.5
Tesla,Model X 75D,2017,electric,,22.5
Tesla,Model X 75D,2018,electric,,22.5
Tesla,Model X 75D,2019,electric,,22.5
Tesla,Model X 90D,2016,electric,,22.7
Tesla,Model X 90D,2017,electric,,22.7
Tesla,Model X Long Range,2019,electric,,21.8
Tesla,Model X Long Range,2020,electric,,21.8
Tesla,Model X Long Range,2021,electric,,20.6
Tesla,Model X Long Range Plus,2020,electric,,20.0
Tesla,Model X Long Range Plus,2021,electric,,19.9
Tesla,Model X P100D,2016,electric,,24.4
Tesla,Model X P100D,2017,electric,,24.4
Tesla,Model X P100D,2018,electric,,24.6
Tesla,Model X P100D,2019,electric,,24.6
Tesla,Model X P90D,2016,electric,,23.5
Tesla,Model X P90D,2017,electric,,23.5
Tesla,"Model X Performance (20"" Wheels)",2019,electric,,23.3
Tesla,"Model X Performance (20"" Wheels)",2020,electric,,23.3
Tesla,"Model X Performance (20"" Wheels)",2021,electric,,21.5
Tesla,"Model X Performance (22"" Wheels)",2019,electric,,26.6
Tesla,"Model X Performance (22"" Wheels)",2020,electric,,26.6
Tesla,"Model X Performance (22"" Wheels)",2021,electric,,24.4
Tesla,Model X Plaid,2026,electric,,20.9
Tesla,"Model X Plaid (20"" Wheels)",2022,electric,,21.4
Tesla,"Model X Plaid (20"" Wheels)",2023,electric,,21.4
Tesla,"Model X Plaid (20"" Wheels)",2024,electric,,21.5
Tesla,"Model X Plaid (20"" Wheels)",2025,electric,,22.3
Tesla,"Model X Plaid (22"" Wheels)",2022,electric,,22.9
Tesla,"Model X Plaid (22"" Wheels)",2023,electric,,22.9
Tesla,"Model X Plaid (22"" Wheels)",2024,electric,,23.2
Tesla,"Model X Plaid (22"" Wheels)",2025,electric,,23.7
Tesla,Model X Standard Range,2019,electric,,20.7
Tesla,Model X Standard Range,2020,electric,,20.7
Tesla,Model Y AWD,2022,electric,,17.1
Tesla,Model Y AWD,2023,electric,,17.1
Tesla,Model Y Long Range AWD,2020,electric,,17.3
Tesla,Model Y Long Range AWD,2021,electric,,16.8
Tesla,Model Y Long Range AWD,2022,electric,,17.2
Tesla,Model Y Long Range AWD,2023,electric,,17.2
Tesla,Model Y Long Range AWD,2024,electric,,17.8
Tesla,Model Y Long Range AWD (Import),2023,electric,,17.8
Tesla,Model Y Long Range AWD (Import),2024,electric,,17.8
Tesla,Model Y Long Range AWD-B,2026,electric,,17.3
Tesla,Model Y Long Range AWD-B (pre-6/11/25),2026,electric,,17.3
Tesla,Model Y Long Range AWD-I,2025,electric,,17.9
Tesla,Model Y Long Range AWD-I,2026,electric,,17.1
Tesla,Model Y Long Range-I,2025,electric,,16.7
Tesla,Model Y Performance,2020,electric,,17.4
Tesla,Model Y Performance,2021,electric,,18.9
Tesla,Model Y Performance,2022,electric,,18.9
Tesla,Model Y Performance,2023,electric,,18.9
Tesla,Model Y Performance,2024,electric,,19.2
Tesla,"Model Y Performance (21"" Wheels)",2020,electric,,18.9
Tesla,Model Y Performance (Import),2023,electric,,19.2
Tesla,Model Y Performance (Import),2024,electric,,20.0
Tesla,Model Y Performance-B,2026,electric,,19.2
Tesla,Model Y Performance-I,2025,electric,,20.1
Tesla,Model Y Premium AWD-B,2026,electric,,17.3
Tesla,Model Y RWD,2023,electric,,17.3
Tesla,Model Y RWD,2024,electric,,17.3
Tesla,Model Y RWD (Import),2024,electric,,17.9
Tesla,Model Y RWD-B,2026,electric,,15.4
Tesla,Model Y Standard Range,2021,electric,,16.2
Tesla,Model Y Standard-B,2026,electric,,15.4
Toyota,4Runner (Part-Time 4WD),2013,petrol,4.0,11.2
Toyota,4Runner (Part-Time 4WD),2014,petrol,4.0,11.2
Toyota,4Runner 4WD,2008,petrol,4.0,12.1
Toyota,4Runner 4WD,2008,petrol,4.7,13.4
Toyota,4Runner 4WD,2009,petrol,4.0,11.8
Toyota,4Runner 4WD,2009,petrol,4.7,13.4
Toyota,4Runner 4WD,2010,petrol,4.0,11.1
Toyota,4Runner 4WD,2011,petrol,4.0,11.1
Toyota,4Runner 4WD,2012,petrol,4.0,11.1
Toyota,4Runner 4WD,2013,petrol,4.0,11.2
Toyota,4Runner 4WD,2014,petrol,4.0,11.2
Toyota,4Runner 4WD,2015,petrol,4.0,12.8
Toyota,4Runner 4WD,2016,petrol,4.0,12.8
Toyota,4Runner 4WD,2017,petrol,4.0,13.3
Toyota,4Runner 4WD,2018,petrol,4.0,13.2
Toyota,4Runner 4WD,2019,petrol,4.0,13.2
Toyota,4Runner 4WD,2020,petrol,4.0,13.8
Toyota,4Runner 4WD,2021,petrol,4.0,13.8
Toyota,4Runner 4WD,2022,petrol,4.0,13.8
Toyota,4Runner 4WD,2023,petrol,4.0,13.8
Toyota,4Runner 4WD,2024,petrol,4.0,13.8
Toyota,4Runner 4WD (Part-Time 4WD),2015,petrol,4.0,12.8
Toyota,4Runner 4WD (Part-Time 4WD),2016,petrol,4.0,12.8
Toyota,4Runner 4WD (Part-Time 4WD),2017,petrol,4.0,13.3
Toyota,4Runner 4WD (Part-Time 4WD),2018,petrol,4.0,13.2
Toyota,4Runner 4WD (Part-Time 4WD),2019,petrol,4.0,13.2
Toyota,4Runner 4WD (Part-Time 4WD),2020,petrol,4.0,13.8
Toyota,4Runner 4WD (Part-Time 4WD),2021,petrol,4.0,13.8
Toyota,4Runner 4WD (Part-Time 4WD),2022,petrol,4.0,13.8
Toyota,4Runner 4WD (Part-Time 4WD),2023,petrol,4.0,13.8
Toyota,4Runner 4WD (Part-Time 4WD),2024,petrol,4.0,13.8
Toyota,4Runner 4WD (Part-Time 4WD),2025,petrol,2.4,11.2
Toyota,4Runner 4WD (Part-Time 4WD),2026,petrol,2.4,11.2
Toyota,4Runner 4WD Limited,2025,petrol,2.4,11.1
Toyota,4Runner 4WD Limited,2026,petrol,2.4,11.1
Toyota,4Runner 4X4,2005,petrol,4.0,12.0
Toyota,4Runner 4X4,2005,petrol,4.7,13.1
Toyota,4Runner 4X4,2006,petrol,4.0,12.1
Toyota,4Runner 4X4,2006,petrol,4.7,13.1
Toyota,4Runner 4X4,2007,petrol,4.0,12.0
Toyota,4Runner 4X4,2007,petrol,4.7,13.1
Toyota,4Runner Hybrid 4WD (Part-Time 4WD),2025,hybrid,2.4,9.9
Toyota,4Runner Hybrid 4WD (Part-Time 4WD),2026,hybrid,2.4,10.0
Toyota,4Runner Hybrid 4WD Platinum,2025,hybrid,2.4,10.1
Toyota,4Runner Hybrid 4WD Platinum,2026,hybrid,2.4,10.1
Toyota,86,2017,petrol,2.0,9.3
Toyota,86,2018,petrol,2.0,9.3
Toyota,86,2019,petrol,2.0,9.3
Toyota,86,2020,petrol,2.0,9.3
Toyota,Avalon,2006,petrol,3.5,9.2
Toyota,Avalon,2007,petrol,3.5,9.0
Toyota,Avalon,2008,petrol,3.5,9.0
Toyota,Avalon,2009,petrol,3.5,9.0
Toyota,Avalon,2010,petrol,3.5,9.0
Toyota,Avalon,2011,petrol,3.5,8.9
Toyota,Avalon,2012,petrol,3.5,9.1
Toyota,Avalon,2013,petrol,3.5,8.3
Toyota,Avalon,2014,petrol,3.5,8.3
Toyota,Avalon,2015,petrol,3.5,9.6
Toyota,Avalon,2016,petrol,3.5,9.7
Toyota,Avalon,2017,petrol,3.5,9.7
Toyota,Avalon,2018,petrol,3.5,9.7
Toyota,Avalon,2019,petrol,3.5,9.4
Toyota,Avalon,2020,petrol,3.5,9.4
Toyota,Avalon,2021,petrol,3.5,9.5
Toyota,Avalon AWD,2021,petrol,2.5,8.4
Toyota,C-HR,2018,petrol,2.0,8.2
Toyota,C-HR,2019,petrol,2.0,8.2
Toyota,C-HR,2020,petrol,2.0,8.2
Toyota,C-HR,2021,petrol,2.0,8.2
Toyota,C-HR,2022,petrol,2.0,8.2
Toyota,C-HR,2026,electric,,16.2
Toyota,"C-HR AWD (18"" Wheels)",2026,electric,,18.1
Toyota,"C-HR AWD (20"" Wheels)",2026,electric,,18.7
Toyota,Camry,2005,petrol,2.4,8.35
Toyota,Camry,2005,petrol,3.0,9.6
Toyota,Camry,2005,petrol,3.3,9.6
Toyota,Camry,2006,petrol,2.4,8.35
Toyota,Camry,2006,petrol,3.0,9.7
Toyota,Camry,2006,petrol,3.3,9.6
Toyota,Camry,2007,petrol,2.4,8.25
Toyota,Camry,2007,petrol,3.5,9.0
Toyota,Camry,2008,petrol,2.4,8.1
Toyota,Camry,2008,petrol,3.5,9.0
Toyota,Camry,2009,petrol,2.4,8.1
Toyota,Camry,2009,petrol,3.5,9.0
Toyota,Camry,2010,petrol,2.5,7.85
Toyota,Camry,2010,petrol,3.5,9.0
Toyota,Camry,2011,petrol,2.5,7.75
Toyota,Camry,2011,petrol,3.5,8.9
Toyota,Camry,2012,petrol,2.5,7.0
Toyota,Camry,2012,petrol,3.5,8.2
Toyota,Camry,2013,petrol,2.5,7.0
Toyota,Camry,2013,petrol,3.5,8.2
Toyota,Camry,2014,petrol,2.5,7.0
Toyota,Camry,2014,petrol,3.5,8.3
Toyota,Camry,2015,petrol,2.5,8.4
Toyota,Camry,2015,petrol,3.5,9.5
Toyota,Camry,2016,petrol,2.5,8.2
Toyota,Camry,2016,petrol,3.5,9.5
Toyota,Camry,2017,petrol,2.5,8.6
Toyota,Camry,2017,petrol,3.5,9.6
Toyota,Camry,2018,petrol,2.5,6.9
Toyota,Camry,2018,petrol,3.5,9.0
Toyota,Camry,2019,petrol,2.5,6.9
Toyota,Camry,2019,petrol,3.5,9.0
Toyota,Camry,2020,petrol,2.5,6.9
Toyota,Camry,2020,petrol,3.5,9.0
Toyota,Camry,2021,petrol,3.5,9.0
Toyota,Camry,2025,petrol,2.5,4.9
Toyota,Camry,2026,petrol,2.5,5.0
Toyota,Camry AWD LE/SE,2020,petrol,2.5,8.2
Toyota,Camry AWD LE/SE,2021,petrol,2.5,8.2
Toyota,Camry AWD SE,2022,petrol,2.5,8.2
Toyota,Camry AWD SE,2023,petrol,2.5,8.2
Toyota,Camry AWD SE,2024,petrol,2.5,8.2
Toyota,Camry AWD SE/XLE,2025,petrol,2.5,5.1
Toyota,Camry AWD SE/XLE,2026,petrol,2.5,5.1
Toyota,Camry AWD XLE/XSE,2020,petrol,2.5,8.4
Toyota,Camry AWD XLE/XSE,2021,petrol,2.5,8.4
Toyota,Camry AWD XSE,2022,petrol,2.5,8.4
Toyota,Camry AWD XSE,2023,petrol,2.5,8.4
Toyota,Camry AWD XSE,2024,petrol,2.5,8.4
Toyota,Camry AWD XSE,2025,petrol,2.5,5.3
Toyota,Camry AWD XSE,2026,petrol,2.5,5.5
Toyota,Camry Hybrid,2007,hybrid,2.4,5.7
Toyota,Camry Hybrid,2008,hybrid,2.4,5.7
Toyota,Camry Hybrid,2009,hybrid,2.4,5.7
Toyota,Camry Hybrid,2010,hybrid,2.4,5.7
Toyota,Camry Hybrid,2011,hybrid,2.4,5.7
Toyota,Camry Hybrid LE,2012,hybrid,2.5,4.7
Toyota,Camry Hybrid LE,2013,hybrid,2.5,4.7
Toyota,Camry Hybrid LE,2014,hybrid,2.5,4.7
Toyota,Camry Hybrid LE,2015,hybrid,2.5,5.7
Toyota,Camry Hybrid LE,2016,hybrid,2.5,5.7
Toyota,Camry Hybrid LE,2017,hybrid,2.5,5.9
Toyota,Camry Hybrid LE,2018,hybrid,2.5,4.9
Toyota,Camry Hybrid LE,2019,hybrid,2.5,4.9
Toyota,Camry Hybrid LE,2020,hybrid,2.5,4.9
Toyota,Camry Hybrid LE,2021,hybrid,2.5,4.9
Toyota,Camry Hybrid LE,2022,hybrid,2.5,4.9
Toyota,Camry Hybrid LE,2023,hybrid,2.5,4.9
Toyota,Camry Hybrid LE,2024,hybrid,2.5,4.9
Toyota,Camry Hybrid SE/XLE/XSE,2021,hybrid,2.5,5.1
Toyota,Camry Hybrid SE/XLE/XSE,2022,hybrid,2.5,5.1
Toyota,Camry Hybrid SE/XLE/XSE,2023,hybrid,2.5,5.1
Toyota,Camry Hybrid SE/XLE/XSE,2024,hybrid,2.5,5.1
Toyota,Camry Hybrid XLE,2012,hybrid,2.5,4.9
Toyota,Camry Hybrid XLE,2013,hybrid,2.5,4.9
Toyota,Camry Hybrid XLE/SE,2014,hybrid,2.5,4.9
Toyota,Camry Hybrid XLE/SE,2015,hybrid,2.5,5.9
Toyota,Camry Hybrid XLE/SE,2016,hybrid,2.5,5.9
Toyota,Camry Hybrid XLE/SE,2017,hybrid,2.5,6.0
Toyota,Camry Hybrid XLE/SE,2018,hybrid,2.5,5.1
Toyota,Camry Hybrid XLE/SE,2019,hybrid,2.5,5.1
Toyota,Camry Hybrid XLE/SE,2020,hybrid,2.5,5.1
Toyota,Camry LE/SE,2018,petrol,2.5,7.3
Toyota,Camry LE/SE,2019,petrol,2.5,7.4
Toyota,Camry LE/SE,2020,petrol,2.5,7.4
Toyota,Camry LE/SE,2021,petrol,2.5,7.4
Toyota,Camry LE/SE,2022,petrol,2.5,7.4
Toyota,Camry SE,2023,petrol,2.5,7.4
Toyota,Camry SE,2024,petrol,2.5,7.4
Toyota,Camry Solara,2005,petrol,2.4,8.8
Toyota,Camry Solara,2005,petrol,3.3,9.6
Toyota,Camry Solara,2006,petrol,2.4,8.4
Toyota,Camry Solara,2006,petrol,3.3,9.6
Toyota,Camry Solara,2007,petrol,2.4,8.1
Toyota,Camry Solara,2007,petrol,3.3,9.6
Toyota,Camry Solara,2008,petrol,3.3,9.6
Toyota,Camry Solara Convertible,2005,petrol,3.3,9.8
Toyota,Camry Solara Convertible,2006,petrol,3.3,9.8
Toyota,Camry Solara Convertible,2007,petrol,3.3,9.8
Toyota,Camry Solara Convertible,2008,petrol,3.3,9.8
Toyota,Camry TRD,2020,petrol,3.5,9.4
Toyota,Camry TRD,2021,petrol,3.5,9.4
Toyota,Camry TRD,2022,petrol,3.5,9.4
Toyota,Camry XLE/XSE,2018,petrol,2.5,7.4
Toyota,Camry XLE/XSE,2019,petrol,2.5,7.5
Toyota,Camry XLE/XSE,2020,petrol,2.5,7.6
Toyota,Camry XLE/XSE,2021,petrol,2.5,7.6
Toyota,Camry XSE,2018,petrol,3.5,9.2
Toyota,Camry XSE,2019,petrol,3.5,9.2
Toyota,Camry XSE,2020,petrol,3.5,9.2
Toyota,Camry XSE,2021,petrol,3.5,9.2
Toyota,Camry XSE,2022,petrol,2.5,7.6
Toyota,Camry XSE V6,2022,petrol,3.5,9.2
Toyota,Camry XSE V6/TRD,2023,petrol,3.5,9.4
Toyota,Camry XSE V6/TRD,2024,petrol,3.5,9.2
Toyota,Celica,2005,petrol,1.8,7.55
Toyota,Celica #,2005,petrol,1.8,8.3
Toyota,Corolla,2005,petrol,1.8,6.55
Toyota,Corolla,2006,petrol,1.8,7.0
Toyota,Corolla,2007,petrol,1.8,6.55
Toyota,Corolla,2008,petrol,1.8,6.55
Toyota,Corolla,2009,petrol,1.8,6.65
Toyota,Corolla,2009,petrol,2.4,8.15
Toyota,Corolla,2010,petrol,1.8,6.75
Toyota,Corolla,2010,petrol,2.4,8.15
Toyota,Corolla,2011,petrol,1.8,6.7
Toyota,Corolla,2011,petrol,2.4,8.15
Toyota,Corolla,2012,petrol,1.8,6.7
Toyota,Corolla,2012,petrol,2.4,8.15
Toyota,Corolla,2013,petrol,1.8,6.7
Toyota,Corolla,2014,petrol,1.8,6.2
Toyota,Corolla,2015,petrol,1.8,7.35
Toyota,Corolla,2016,petrol,1.8,7.38
Toyota,Corolla,2017,petrol,1.8,7.5
Toyota,Corolla,2018,petrol,1.8,7.53
Toyota,Corolla,2019,petrol,1.8,7.57
Toyota,Corolla,2020,petrol,1.8,7.1
Toyota,Corolla,2020,petrol,2.0,7.05
Toyota,Corolla,2021,petrol,1.8,7.1
Toyota,Corolla,2021,petrol,2.0,7.1
Toyota,Corolla,2022,petrol,1.8,7.1
Toyota,Corolla,2022,petrol,2.0,7.1
Toyota,Corolla #,2005,petrol,1.8,7.9
Toyota,Corolla (1-mode),2023,petrol,2.0,6.7
Toyota,Corolla (1-mode),2024,petrol,2.0,6.7
Toyota,Corolla (1-mode),2025,petrol,2.0,6.7
Toyota,Corolla (1-mode),2026,petrol,2.0,6.7
Toyota,Corolla (3-mode),2023,petrol,2.0,6.8
Toyota,Corolla (3-mode),2024,petrol,2.0,6.8
Toyota,Corolla (3-mode),2025,petrol,2.0,6.8
Toyota,Corolla (3-mode),2026,petrol,2.0,6.8
Toyota,Corolla Apex Edition,2021,petrol,2.0,7.25
Toyota,Corolla Apex Edition,2022,petrol,2.0,7.0
Toyota,Corolla Cross,2022,petrol,2.0,7.3
Toyota,Corolla Cross,2023,petrol,2.0,7.3
Toyota,Corolla Cross,2024,petrol,2.0,7.4
Toyota,Corolla Cross,2025,petrol,2.0,7.4
Toyota,Corolla Cross,2026,petrol,2.0,7.4
Toyota,Corolla Cross AWD,2022,petrol,2.0,7.8
Toyota,Corolla Cross AWD,2023,petrol,2.0,7.8
Toyota,Corolla Cross AWD,2024,petrol,2.0,7.8
Toyota,Corolla Cross AWD,2025,petrol,2.0,7.8
Toyota,Corolla Cross AWD,2026,petrol,2.0,7.8
Toyota,Corolla Cross Hybrid AWD,2023,hybrid,2.0,5.6
Toyota,Corolla Cross Hybrid AWD,2024,hybrid,2.0,5.6
Toyota,Corolla Cross Hybrid AWD,2025,hybrid,2.0,5.6
Toyota,Corolla Cross Hybrid AWD,2026,hybrid,2.0,5.6
Toyota,Corolla Hatchback,2019,petrol,2.0,7.1
Toyota,Corolla Hatchback,2020,petrol,2.0,7.1
Toyota,Corolla Hatchback,2021,petrol,2.0,7.15
Toyota,Corolla Hatchback,2022,petrol,2.0,7.2
Toyota,Corolla Hatchback,2023,petrol,2.0,6.8
Toyota,Corolla Hatchback,2024,petrol,2.0,6.8
Toyota,Corolla Hatchback,2025,petrol,2.0,6.8
Toyota,Corolla Hatchback,2026,petrol,2.0,6.8
Toyota,Corolla Hybrid,2020,hybrid,1.8,4.5
Toyota,Corolla Hybrid,2021,hybrid,1.8,4.5
Toyota,Corolla Hybrid,2022,hybrid,1.8,4.5
Toyota,Corolla Hybrid,2023,hybrid,1.8,4.7
Toyota,Corolla Hybrid,2024,hybrid,1.8,4.7
Toyota,Corolla Hybrid,2025,hybrid,1.8,4.7
Toyota,Corolla Hybrid,2026,hybrid,1.8,4.7
Toyota,Corolla Hybrid AWD (2-mode),2023,hybrid,1.8,4.9
Toyota,Corolla Hybrid AWD (2-mode),2024,hybrid,1.8,4.9
Toyota,Corolla Hybrid AWD (2-mode),2025,hybrid,1.8,4.9
Toyota,Corolla Hybrid AWD (2-mode),2026,hybrid,1.8,4.9
Toyota,Corolla Hybrid AWD (3-mode),2023,hybrid,1.8,5.3
Toyota,Corolla Hybrid AWD (3-mode),2024,hybrid,1.8,5.3
Toyota,Corolla Hybrid AWD (3-mode),2025,hybrid,1.8,5.3
Toyota,Corolla Hybrid AWD (3-mode),2026,hybrid,1.8,5.3
Toyota,Corolla LE Eco,2019,petrol,1.8,6.9
Toyota,Corolla LE Eco (1-Mode),2014,petrol,1.8,5.7
Toyota,Corolla LE Eco (1-Mode),2015,petrol,1.8,6.8
Toyota,Corolla LE Eco (1-Mode),2016,petrol,1.8,6.8
Toyota,Corolla LE Eco (1-Mode),2017,petrol,1.8,6.9
Toyota,Corolla LE Eco (1-Mode),2018,petrol,1.8,6.9
Toyota,Corolla LE Eco (2-Mode),2014,petrol,1.8,5.8
Toyota,Corolla LE Eco (2-Mode),2015,petrol,1.8,6.9
Toyota,Corolla LE Eco (2-Mode),2016,petrol,1.8,6.9
Toyota,Corolla LE Eco (2-Mode),2017,petrol,1.8,7.2
Toyota,Corolla LE Eco (2-Mode),2018,petrol,1.8,7.2
Toyota,Corolla Matrix,2005,petrol,1.8,7.2
Toyota,Corolla Matrix,2008,petrol,1.8,7.25
Toyota,Corolla Matrix,2009,petrol,1.8,7.15
Toyota,Corolla Matrix,2009,petrol,2.4,8.45
Toyota,Corolla Matrix,2010,petrol,1.8,7.15
Toyota,Corolla Matrix,2010,petrol,2.4,8.67
Toyota,Corolla Matrix,2011,petrol,1.8,7.15
Toyota,Corolla Matrix,2011,petrol,2.4,8.45
Toyota,Corolla Matrix,2012,petrol,1.8,7.15
Toyota,Corolla Matrix,2012,petrol,2.4,8.67
Toyota,Corolla Matrix,2013,petrol,1.8,7.2
Toyota,Corolla Matrix,2013,petrol,2.4,8.67
Toyota,Corolla Matrix,2014,petrol,1.8,7.15
Toyota,Corolla Matrix #,2005,petrol,1.8,8.1
Toyota,Corolla Matrix 4WD,2005,petrol,1.8,8.1
Toyota,Corolla Matrix AWD,2009,petrol,2.4,9.1
Toyota,Corolla Matrix AWD,2011,petrol,2.4,9.1
Toyota,Corolla XLE,2020,petrol,1.8,7.3
Toyota,Corolla XLE,2021,petrol,1.8,7.3
Toyota,Corolla XLE,2022,petrol,1.8,7.3
Toyota,Corolla XSE,2020,petrol,2.0,7.0
Toyota,Corolla XSE,2021,petrol,2.0,7.0
Toyota,Corolla XSE,2022,petrol,2.0,7.0
Toyota,Corolla iM,2017,petrol,1.8,7.7
Toyota,Corolla iM,2018,petrol,1.8,7.7
Toyota,Crown AWD,2023,petrol,2.4,7.8
Toyota,Crown AWD,2023,petrol,2.5,5.7
Toyota,Crown AWD,2024,petrol,2.4,7.8
Toyota,Crown AWD,2024,petrol,2.5,5.7
Toyota,Crown AWD,2025,petrol,2.4,7.8
Toyota,Crown AWD,2025,petrol,2.5,5.7
Toyota,Crown AWD,2026,petrol,2.4,7.8
Toyota,Crown AWD,2026,petrol,2.5,5.7
Toyota,Crown Signia AWD,2025,petrol,2.5,6.2
Toyota,Crown Signia AWD,2026,petrol,2.5,6.2
Toyota,Echo,2005,petrol,1.5,6.2
Toyota,Echo Hatchback,2005,petrol,1.5,6.2
Toyota,FJ Cruiser 4WD,2008,petrol,4.0,12.5
Toyota,FJ Cruiser 4WD,2009,petrol,4.0,12.35
Toyota,FJ Cruiser 4WD,2010,petrol,4.0,11.7
Toyota,FJ Cruiser 4WD,2011,petrol,4.0,11.6
Toyota,FJ Cruiser 4WD,2012,petrol,4.0,11.75
Toyota,FJ Cruiser 4WD,2013,petrol,4.0,11.75
Toyota,FJ Cruiser 4WD,2014,petrol,4.0,11.75
Toyota,FJ Cruiser 4X4,2007,petrol,4.0,12.5
Toyota,GR Corolla,2023,petrol,1.6,9.8
Toyota,GR Corolla,2024,petrol,1.6,9.8
Toyota,GR Corolla,2025,petrol,1.6,10.15
Toyota,GR Corolla,2026,petrol,1.6,10.15
Toyota,GR Supra,2020,petrol,3.0,8.9
Toyota,GR Supra 2.0,2021,petrol,2.0,8.4
Toyota,GR Supra 2.0,2022,petrol,2.0,8.4
Toyota,GR Supra 2.0,2023,petrol,2.0,8.6
Toyota,GR Supra 2.0,2024,petrol,2.0,8.6
Toyota,GR Supra 3.0,2021,petrol,3.0,9.4
Toyota,GR Supra 3.0,2022,petrol,3.0,9.4
Toyota,GR Supra 3.0,2023,petrol,3.0,10.0
Toyota,GR Supra 3.0,2024,petrol,3.0,10.0
Toyota,GR Supra 3.0,2025,petrol,3.0,10.0
Toyota,GR Supra 3.0,2026,petrol,3.0,10.2
Toyota,GR86,2022,petrol,2.4,10.05
Toyota,GR86,2023,petrol,2.4,10.05
Toyota,GR86,2024,petrol,2.4,10.15
Toyota,GR86,2025,petrol,2.4,10.15
Toyota,GR86,2026,petrol,2.4,10.15
Toyota,Grand Highlander AWD LE/XLE,2026,petrol,2.4,10.0
Toyota,Grand Highlander AWD Limited,2024,petrol,2.4,10.7
Toyota,Grand Highlander AWD Limited,2025,petrol,2.4,10.7
Toyota,Grand Highlander AWD Limited/Platinum,2026,petrol,2.4,10.7
Toyota,Grand Highlander AWD XLE,2024,petrol,2.4,10.0
Toyota,Grand Highlander AWD XLE,2025,petrol,2.4,10.0
Toyota,Grand Highlander Hybrid AWD,2025,hybrid,2.5,7.0
Toyota,Grand Highlander Hybrid AWD,2026,hybrid,2.5,7.0
Toyota,Grand Highlander Hybrid AWD Limited,2024,hybrid,2.5,7.0
Toyota,Grand Highlander Hybrid AWD XLE,2024,hybrid,2.5,7.0
Toyota,Grand Highlander Hybrid MAX AWD,2025,hybrid,2.4,8.8
Toyota,Grand Highlander Hybrid MAX AWD,2026,hybrid,2.4,8.8
Toyota,Grand Highlander Platinum Hybrid MAX AWD,2024,hybrid,2.4,8.8
Toyota,Highlander,2005,petrol,2.4,9.4
Toyota,Highlander,2010,petrol,2.7,9.0
Toyota,Highlander,2010,petrol,3.5,10.3
Toyota,Highlander,2011,petrol,2.7,9.0
Toyota,Highlander,2011,petrol,3.5,10.1
Toyota,Highlander,2012,petrol,2.7,9.0
Toyota,Highlander,2013,petrol,2.7,9.0
Toyota,Highlander,2013,petrol,3.5,10.1
Toyota,Highlander,2014,petrol,2.7,8.9
Toyota,Highlander,2014,petrol,3.5,9.6
Toyota,Highlander,2015,petrol,2.7,10.7
Toyota,Highlander,2015,petrol,3.5,11.1
Toyota,Highlander,2016,petrol,3.5,11.1
Toyota,Highlander,2017,petrol,3.5,10.3
Toyota,Highlander,2018,petrol,3.5,10.3
Toyota,Highlander,2019,petrol,3.5,10.3
Toyota,Highlander,2020,petrol,3.5,10.3
Toyota,Highlander,2021,petrol,3.5,10.3
Toyota,Highlander 4WD,2008,petrol,3.5,10.8
Toyota,Highlander 4WD,2009,petrol,3.5,10.8
Toyota,Highlander 4WD,2010,petrol,3.5,10.8
Toyota,Highlander 4WD,2011,petrol,3.5,10.9
Toyota,Highlander 4WD,2012,petrol,3.5,10.8
Toyota,Highlander 4WD,2013,petrol,3.5,10.9
Toyota,Highlander 4X4,2005,petrol,2.4,10.1
Toyota,Highlander 4X4,2005,petrol,3.3,11.1
Toyota,Highlander 4X4,2006,petrol,3.3,11.1
Toyota,Highlander AWD,2007,petrol,2.4,10.3
Toyota,Highlander AWD,2007,petrol,3.3,11.1
Toyota,Highlander AWD,2014,petrol,3.5,10.0
Toyota,Highlander AWD,2015,petrol,3.5,11.6
Toyota,Highlander AWD,2016,petrol,3.5,11.6
Toyota,Highlander AWD,2017,petrol,3.5,10.6
Toyota,Highlander AWD,2018,petrol,3.5,10.6
Toyota,Highlander AWD,2019,petrol,3.5,10.6
Toyota,Highlander AWD,2020,petrol,3.5,10.3
Toyota,Highlander AWD,2021,petrol,3.5,10.3
Toyota,Highlander AWD,2022,petrol,3.5,10.3
Toyota,Highlander AWD,2023,petrol,2.4,9.9
Toyota,Highlander AWD,2024,petrol,2.4,9.9
Toyota,Highlander AWD,2025,petrol,2.4,9.9
Toyota,Highlander AWD,2026,petrol,2.4,9.9
Toyota,Highlander AWD (Start/Stop System),2017,petrol,3.5,10.6
Toyota,Highlander AWD (Start/Stop System),2018,petrol,3.5,10.6
Toyota,Highlander AWD (Start/Stop System),2019,petrol,3.5,10.6
Toyota,Highlander AWD LE,2017,petrol,3.5,10.4
Toyota,Highlander AWD LE,2018,petrol,3.5,10.4
Toyota,Highlander AWD LE,2019,petrol,3.5,10.4
Toyota,Highlander Hybrid 4WD,2008,hybrid,3.3,7.7
Toyota,Highlander Hybrid 4WD,2009,hybrid,3.3,7.7
Toyota,Highlander Hybrid 4WD,2010,hybrid,3.3,7.7
Toyota,Highlander Hybrid 4WD,2011,hybrid,3.5,6.9
Toyota,Highlander Hybrid 4WD,2012,hybrid,3.5,6.9
Toyota,Highlander Hybrid 4WD,2013,hybrid,3.5,6.9
Toyota,Highlander Hybrid 4X4,2006,hybrid,3.3,7.8
Toyota,Highlander Hybrid AWD,2007,hybrid,3.3,7.9
Toyota,Highlander Hybrid AWD,2014,hybrid,3.5,7.0
Toyota,Highlander Hybrid AWD,2015,hybrid,3.5,8.5
Toyota,Highlander Hybrid AWD,2016,hybrid,3.5,8.5
Toyota,Highlander Hybrid AWD,2017,hybrid,3.5,8.3
Toyota,Highlander Hybrid AWD,2018,hybrid,3.5,8.3
Toyota,Highlander Hybrid AWD,2019,hybrid,3.5,8.3
Toyota,Highlander Hybrid AWD,2020,hybrid,2.5,6.7
Toyota,Highlander Hybrid AWD,2021,hybrid,2.5,6.7
Toyota,Highlander Hybrid AWD,2022,hybrid,2.5,6.7
Toyota,Highlander Hybrid AWD,2023,hybrid,2.5,6.7
Toyota,Highlander Hybrid AWD,2024,hybrid,2.5,6.7
Toyota,Highlander Hybrid AWD,2025,hybrid,2.5,6.7
Toyota,Highlander Hybrid AWD,2026,hybrid,2.5,6.7
Toyota,Highlander Hybrid AWD LE,2014,hybrid,3.5,6.9
Toyota,Highlander Hybrid AWD LE,2015,hybrid,3.5,8.4
Toyota,Highlander Hybrid AWD LE,2016,hybrid,3.5,8.4
Toyota,Highlander Hybrid AWD Limited/Platinum,2020,hybrid,2.5,6.7
Toyota,Highlander Hybrid AWD Limited/Platinum,2021,hybrid,2.5,6.7
Toyota,Highlander Hybrid AWD Limited/Platinum,2022,hybrid,2.5,6.7
Toyota,Highlander Hybrid AWD Limited/Platinum,2023,hybrid,2.5,6.7
Toyota,Highlander Hybrid AWD Limited/Platinum,2024,hybrid,2.5,6.7
Toyota,Highlander Hybrid AWD Limited/Platinum,2025,hybrid,2.5,6.7
Toyota,Highlander Hybrid AWD Limited/Platinum,2026,hybrid,2.5,6.7
Toyota,Land Cruiser,2024,petrol,2.4,10.1
Toyota,Land Cruiser,2025,petrol,2.4,10.1
Toyota,Land Cruiser,2026,petrol,2.4,10.1
Toyota,Matrix,2006,petrol,1.8,7.5
Toyota,Matrix,2007,petrol,1.8,7.25
Toyota,Matrix AWD,2006,petrol,1.8,8.1
Toyota,Prius,2005,hybrid,1.5,4.1
Toyota,Prius,2006,hybrid,1.5,4.1
Toyota,Prius,2007,hybrid,1.5,4.1
Toyota,Prius,2008,hybrid,1.5,4.1
Toyota,Prius,2009,hybrid,1.5,4.1
Toyota,Prius,2010,hybrid,1.8,3.8
Toyota,Prius,2011,hybrid,1.8,3.8
Toyota,Prius,2012,hybrid,1.8,3.8
Toyota,Prius,2013,hybrid,1.8,3.8
Toyota,Prius,2014,hybrid,1.8,3.8
Toyota,Prius,2015,hybrid,1.8,4.7
Toyota,Prius,2016,hybrid,1.8,4.5
Toyota,Prius,2017,hybrid,1.8,4.5
Toyota,Prius,2018,hybrid,1.8,4.5
Toyota,Prius,2019,hybrid,1.8,4.4
Toyota,Prius,2020,hybrid,1.8,4.5
Toyota,Prius,2021,hybrid,1.8,4.5
Toyota,Prius,2022,hybrid,1.8,4.5
Toyota,Prius AWD,2019,hybrid,1.8,4.7
Toyota,Prius AWD,2020,hybrid,1.8,4.7
Toyota,Prius AWD,2021,hybrid,1.8,4.8
Toyota,Prius AWD,2022,hybrid,1.8,4.8
Toyota,Prius AWD,2023,hybrid,2.0,4.8
Toyota,Prius AWD,2024,hybrid,2.0,4.8
Toyota,Prius AWD,2025,hybrid,2.0,4.8
Toyota,Prius AWD,2026,hybrid,2.0,4.8
Toyota,Prius Plug-in Hybrid,2013,hybrid,1.8,4.7
Toyota,Prius Plug-in Hybrid,2014,hybrid,1.8,4.7
Toyota,Prius Plug-in Hybrid,2015,hybrid,1.8,4.7
Toyota,Prius Plug-in Hybrid SE,2026,hybrid,2.0,4.5
Toyota,Prius Plug-in Hybrid SE (Prime SE),2024,hybrid,2.0,4.5
Toyota,Prius Plug-in Hybrid SE (Prime SE),2025,hybrid,2.0,4.5
Toyota,Prius Plug-in Hybrid XSE,2026,hybrid,2.0,4.9
Toyota,Prius Plug-in Hybrid XSE (Prime XSE),2024,hybrid,2.0,4.9
Toyota,Prius Plug-in Hybrid XSE (Prime XSE),2025,hybrid,2.0,4.9
Toyota,Prius Prime,2017,hybrid,1.8,4.3
Toyota,Prius Prime,2018,hybrid,1.8,4.3
Toyota,Prius Prime,2019,hybrid,1.8,4.3
Toyota,Prius Prime,2020,hybrid,1.8,4.3
Toyota,Prius Prime,2021,hybrid,1.8,4.3
Toyota,Prius Prime,2022,hybrid,1.8,4.3
Toyota,Prius Prime SE,2023,hybrid,2.0,4.5
Toyota,Prius Prime XSE,2023,hybrid,2.0,4.9
Toyota,Prius c,2012,hybrid,1.5,3.7
Toyota,Prius c,2013,hybrid,1.5,3.7
Toyota,Prius c,2014,hybrid,1.5,3.8
Toyota,Prius c,2015,hybrid,1.5,4.8
Toyota,Prius c,2016,hybrid,1.5,4.7
Toyota,Prius c,2017,hybrid,1.5,5.1
Toyota,Prius c,2018,hybrid,1.5,5.1
Toyota,Prius c,2019,hybrid,1.5,5.1
Toyota,Prius c,2020,hybrid,1.5,5.1
Toyota,Prius v,2012,hybrid,1.8,4.6
Toyota,Prius v,2013,hybrid,1.8,4.5
Toyota,Prius v,2014,hybrid,1.8,4.5
Toyota,Prius v,2015,hybrid,1.8,5.6
Toyota,Prius v,2016,hybrid,1.8,5.6
Toyota,Prius v,2017,hybrid,1.8,5.8
Toyota,Prius v,2018,hybrid,1.8,5.8
Toyota,RAV4,2006,petrol,2.4,9.0
Toyota,RAV4,2006,petrol,3.5,9.6
Toyota,RAV4,2010,petrol,2.5,8.3
Toyota,RAV4,2010,petrol,3.5,9.2
Toyota,RAV4,2011,petrol,2.5,8.3
Toyota,RAV4,2011,petrol,3.5,9.3
Toyota,RAV4,2012,petrol,2.5,8.3
Toyota,RAV4,2012,petrol,3.5,9.2
Toyota,RAV4,2013,petrol,2.5,7.7
Toyota,RAV4,2014,petrol,2.5,7.7
Toyota,RAV4,2015,petrol,2.5,8.9
Toyota,RAV4,2016,petrol,2.5,9.0
Toyota,RAV4,2017,petrol,2.5,9.2
Toyota,RAV4,2019,petrol,2.5,7.8
Toyota,RAV4,2020,petrol,2.5,7.9
Toyota,RAV4,2021,petrol,2.5,7.9
Toyota,RAV4,2022,petrol,2.5,7.9
Toyota,RAV4,2023,petrol,2.5,7.9
Toyota,RAV4 (Stop/Start),2021,petrol,2.5,7.7
Toyota,RAV4 (Stop/Start),2022,petrol,2.5,7.7
Toyota,RAV4 4WD,2008,petrol,2.4,9.0
Toyota,RAV4 4WD,2008,petrol,3.5,9.6
Toyota,RAV4 4WD,2009,petrol,2.5,8.6
Toyota,RAV4 4WD,2009,petrol,3.5,9.6
Toyota,RAV4 4WD,2010,petrol,2.5,8.6
Toyota,RAV4 4WD,2010,petrol,3.5,9.6
Toyota,RAV4 4WD,2011,petrol,2.5,8.6
Toyota,RAV4 4WD,2011,petrol,3.5,9.6
Toyota,RAV4 4WD,2012,petrol,2.5,8.6
Toyota,RAV4 4WD,2012,petrol,3.5,9.4
Toyota,RAV4 4X4,2005,petrol,2.4,9.45
Toyota,RAV4 AWD,2007,petrol,2.4,9.1
Toyota,RAV4 AWD,2007,petrol,3.5,9.6
Toyota,RAV4 AWD,2013,petrol,2.5,8.1
Toyota,RAV4 AWD,2014,petrol,2.5,8.1
Toyota,RAV4 AWD,2015,petrol,2.5,9.5
Toyota,RAV4 AWD,2016,petrol,2.5,9.5
Toyota,RAV4 AWD,2017,petrol,2.5,9.5
Toyota,RAV4 AWD,2018,petrol,2.5,9.5
Toyota,RAV4 AWD,2019,petrol,2.5,8.3
Toyota,RAV4 AWD,2020,petrol,2.5,8.2
Toyota,RAV4 AWD,2021,petrol,2.5,8.4
Toyota,RAV4 AWD,2022,petrol,2.5,8.4
Toyota,RAV4 AWD,2023,petrol,2.5,8.5
Toyota,RAV4 AWD,2024,petrol,2.5,8.5
Toyota,RAV4 AWD,2025,petrol,2.5,8.5
Toyota,RAV4 AWD (Stop/Start),2021,petrol,2.5,8.0
Toyota,RAV4 AWD (Stop/Start),2022,petrol,2.5,8.0
Toyota,RAV4 AWD (Stop/Start),2023,petrol,2.5,8.0
Toyota,RAV4 AWD (Stop/Start),2024,petrol,2.5,8.0
Toyota,RAV4 AWD (Stop/Start),2025,petrol,2.5,8.0
Toyota,RAV4 AWD LE,2021,petrol,2.5,7.9
Toyota,RAV4 AWD LE,2022,petrol,2.5,7.9
Toyota,RAV4 AWD LE,2023,petrol,2.5,7.9
Toyota,RAV4 AWD LE,2024,petrol,2.5,7.9
Toyota,RAV4 AWD LE,2025,petrol,2.5,7.9
Toyota,RAV4 AWD LE,2026,petrol,2.5,5.5
Toyota,RAV4 AWD TRD Off-Road,2020,petrol,2.5,8.6
Toyota,RAV4 AWD TRD Off-Road,2021,petrol,2.5,8.5
Toyota,RAV4 AWD TRD Off-Road,2022,petrol,2.5,8.5
Toyota,RAV4 AWD Woodland Edition,2026,petrol,2.5,6.2
Toyota,RAV4 AWD XLE,2026,petrol,2.5,5.7
Toyota,RAV4 AWD XSE/Limited,2026,petrol,2.5,5.8
Toyota,RAV4 Hybrid AWD,2016,hybrid,2.5,7.2
Toyota,RAV4 Hybrid AWD,2017,hybrid,2.5,7.3
Toyota,RAV4 Hybrid AWD,2018,hybrid,2.5,7.3
Toyota,RAV4 Hybrid AWD,2019,hybrid,2.5,6.0
Toyota,RAV4 Hybrid AWD,2020,hybrid,2.5,6.0
Toyota,RAV4 Hybrid AWD,2021,hybrid,2.5,6.0
Toyota,RAV4 Hybrid AWD,2022,hybrid,2.5,6.0
Toyota,RAV4 Hybrid AWD,2023,hybrid,2.5,6.0
Toyota,RAV4 Hybrid AWD,2024,hybrid,2.5,6.0
Toyota,RAV4 Hybrid AWD,2025,hybrid,2.5,6.0
Toyota,RAV4 Hybrid AWD Woodland Edition,2024,hybrid,2.5,6.4
Toyota,RAV4 Hybrid AWD Woodland Edition,2025,hybrid,2.5,6.4
Toyota,RAV4 LE/XLE,2015,petrol,2.5,8.9
Toyota,RAV4 LE/XLE,2016,petrol,2.5,8.9
Toyota,RAV4 LE/XLE,2017,petrol,2.5,9.0
Toyota,RAV4 LE/XLE,2018,petrol,2.5,9.0
Toyota,RAV4 Limited AWD,2013,petrol,2.5,8.2
Toyota,RAV4 Limited AWD,2014,petrol,2.5,8.2
Toyota,RAV4 Limited AWD,2015,petrol,2.5,9.6
Toyota,RAV4 Limited/SE AWD,2016,petrol,2.5,9.4
Toyota,RAV4 Limited/SE AWD,2017,petrol,2.5,9.7
Toyota,RAV4 Limited/SE AWD,2018,petrol,2.5,9.7
Toyota,RAV4 Plug-in Hybrid (Prime),2024,hybrid,2.5,6.0
Toyota,RAV4 Plug-in Hybrid (Prime),2025,hybrid,2.5,6.0
Toyota,RAV4 Plug-in Hybrid AWD GR SPORT,2026,hybrid,2.5,6.4
Toyota,RAV4 Plug-in Hybrid AWD SE,2026,hybrid,2.5,5.7
Toyota,RAV4 Plug-in Hybrid AWD XSE,2026,hybrid,2.5,5.9
Toyota,RAV4 Plug-in Hybrid AWD XSE Technology Package,2026,hybrid,2.5,5.9
Toyota,RAV4 Prime,2021,hybrid,2.5,6.0
Toyota,RAV4 Prime,2022,hybrid,2.5,6.0
Toyota,RAV4 Prime,2023,hybrid,2.5,6.0
Toyota,Sequoia 4WD,2008,petrol,4.7,14.4
Toyota,Sequoia 4WD,2008,petrol,5.7,14.0
Toyota,Sequoia 4WD,2010,petrol,4.6,13.8
Toyota,Sequoia 4WD,2010,petrol,5.7,14.0
Toyota,Sequoia 4WD,2011,petrol,4.6,13.4
Toyota,Sequoia 4WD,2011,petrol,5.7,14.0
Toyota,Sequoia 4WD,2012,petrol,4.6,13.4
Toyota,Sequoia 4WD,2012,petrol,5.7,14.8
Toyota,Sequoia 4WD,2013,petrol,5.7,14.8
Toyota,Sequoia 4WD,2014,petrol,5.7,14.8
Toyota,Sequoia 4WD,2015,petrol,5.7,16.6
Toyota,Sequoia 4WD,2016,petrol,5.7,16.6
Toyota,Sequoia 4WD,2017,petrol,5.7,16.5
Toyota,Sequoia 4WD,2018,petrol,5.7,16.4
Toyota,Sequoia 4WD,2019,petrol,5.7,16.4
Toyota,Sequoia 4WD,2020,petrol,5.7,16.4
Toyota,Sequoia 4WD,2021,petrol,5.7,16.4
Toyota,Sequoia 4WD,2022,petrol,5.7,16.4
Toyota,Sequoia 4WD,2023,petrol,3.4,11.7
Toyota,Sequoia 4WD,2024,petrol,3.4,11.7
Toyota,Sequoia 4WD,2025,petrol,3.4,11.7
Toyota,Sequoia 4WD,2026,petrol,3.4,11.7
Toyota,Sequoia 4X4,2005,petrol,4.7,14.3
Toyota,Sequoia 4X4,2006,petrol,4.7,14.4
Toyota,Sequoia 4X4,2007,petrol,4.7,14.1
Toyota,Sequoia 4X4,2009,petrol,4.7,14.4
Toyota,Sequoia 4X4,2009,petrol,5.7,14.1
Toyota,Sienna,2005,petrol,3.3,10.5
Toyota,Sienna,2006,petrol,3.3,10.5
Toyota,Sienna,2007,petrol,3.5,10.1
Toyota,Sienna,2008,petrol,3.5,10.1
Toyota,Sienna,2009,petrol,3.5,10.1
Toyota,Sienna,2010,petrol,3.5,10.1
Toyota,Sienna,2011,petrol,2.7,9.1
Toyota,Sienna,2011,petrol,3.5,10.0
Toyota,Sienna,2012,petrol,2.7,9.1
Toyota,Sienna,2012,petrol,3.5,9.8
Toyota,Sienna,2013,petrol,2.7,9.1
Toyota,Sienna,2013,petrol,3.5,9.8
Toyota,Sienna,2014,petrol,3.5,9.8
Toyota,Sienna,2015,petrol,3.5,11.4
Toyota,Sienna,2016,petrol,3.5,11.4
Toyota,Sienna,2017,petrol,3.5,10.9
Toyota,Sienna,2018,petrol,3.5,10.9
Toyota,Sienna,2019,petrol,3.5,10.8
Toyota,Sienna,2020,petrol,3.5,11.0
Toyota,Sienna,2021,petrol,2.5,6.5
Toyota,Sienna,2022,petrol,2.5,6.6
Toyota,Sienna,2023,petrol,2.5,6.6
Toyota,Sienna,2024,petrol,2.5,6.6
Toyota,Sienna,2025,petrol,2.5,6.6
Toyota,Sienna,2026,petrol,2.5,6.6
Toyota,Sienna 4WD,2010,petrol,3.5,11.6
Toyota,Sienna 4X4,2005,petrol,3.3,11.3
Toyota,Sienna 4X4,2006,petrol,3.3,11.7
Toyota,Sienna AWD,2007,petrol,3.5,11.6
Toyota,Sienna AWD,2008,petrol,3.5,11.6
Toyota,Sienna AWD,2009,petrol,3.5,11.6
Toyota,Sienna AWD,2011,petrol,3.5,11.1
Toyota,Sienna AWD,2012,petrol,3.5,10.6
Toyota,Sienna AWD,2013,petrol,3.5,10.7
Toyota,Sienna AWD,2014,petrol,3.5,10.9
Toyota,Sienna AWD,2015,petrol,3.5,12.5
Toyota,Sienna AWD,2016,petrol,3.5,12.5
Toyota,Sienna AWD,2017,petrol,3.5,11.7
Toyota,Sienna AWD,2018,petrol,3.5,11.7
Toyota,Sienna AWD,2019,petrol,3.5,11.7
Toyota,Sienna AWD,2020,petrol,3.5,11.7
Toyota,Sienna AWD,2021,petrol,2.5,6.7
Toyota,Sienna AWD,2022,petrol,2.5,6.7
Toyota,Sienna AWD,2023,petrol,2.5,6.7
Toyota,Sienna AWD,2024,petrol,2.5,6.7
Toyota,Sienna AWD,2025,petrol,2.5,6.8
Toyota,Sienna AWD,2026,petrol,2.5,6.8
Toyota,Tacoma,2005,petrol,2.7,9.9
Toyota,Tacoma,2005,petrol,4.0,11.3
Toyota,Tacoma,2006,petrol,2.7,9.9
Toyota,Tacoma,2006,petrol,4.0,12.05
Toyota,Tacoma,2007,petrol,2.7,9.35
Toyota,Tacoma,2007,petrol,4.0,11.75
Toyota,Tacoma,2008,petrol,2.7,9.35
Toyota,Tacoma,2008,petrol,4.0,12.0
Toyota,Tacoma,2009,petrol,2.7,9.45
Toyota,Tacoma,2009,petrol,4.0,12.0
Toyota,Tacoma,2010,petrol,2.7,9.45
Toyota,Tacoma,2010,petrol,4.0,12.3
Toyota,Tacoma,2011,petrol,2.7,9.2
Toyota,Tacoma,2011,petrol,4.0,12.3
Toyota,Tacoma,2012,petrol,2.7,9.2
Toyota,Tacoma,2013,petrol,2.7,9.1
Toyota,Tacoma,2013,petrol,4.0,11.4
Toyota,Tacoma,2014,petrol,2.7,9.1
Toyota,Tacoma,2014,petrol,4.0,11.4
Toyota,Tacoma,2015,petrol,2.7,10.85
Toyota,Tacoma,2015,petrol,4.0,13.1
Toyota,Tacoma,2016,petrol,2.7,11.1
Toyota,Tacoma,2016,petrol,3.5,11.4
Toyota,Tacoma,2017,petrol,2.7,11.2
Toyota,Tacoma,2017,petrol,3.5,11.4
Toyota,Tacoma,2018,petrol,2.7,11.2
Toyota,Tacoma,2018,petrol,3.5,11.4
Toyota,Tacoma,2019,petrol,2.7,11.2
Toyota,Tacoma,2020,petrol,2.7,11.2
Toyota,Tacoma 4WD,2008,petrol,4.0,12.35
Toyota,Tacoma 4WD,2010,petrol,2.7,10.7
Toyota,Tacoma 4WD,2010,petrol,4.0,12.65
Toyota,Tacoma 4WD,2011,petrol,2.7,10.35
Toyota,Tacoma 4WD,2011,petrol,4.0,12.3
Toyota,Tacoma 4WD,2012,petrol,2.7,10.35
Toyota,Tacoma 4WD,2012,petrol,4.0,12.0
Toyota,Tacoma 4WD,2013,petrol,2.7,10.35
Toyota,Tacoma 4WD,2013,petrol,4.0,11.75
Toyota,Tacoma 4WD,2014,petrol,2.7,10.35
Toyota,Tacoma 4WD,2014,petrol,4.0,12.0
Toyota,Tacoma 4WD,2015,petrol,2.7,12.3
Toyota,Tacoma 4WD,2015,petrol,4.0,13.7
Toyota,Tacoma 4WD,2016,petrol,2.7,11.8
Toyota,Tacoma 4WD,2016,petrol,3.5,12.2
Toyota,Tacoma 4WD,2017,petrol,2.7,11.8
Toyota,Tacoma 4WD,2017,petrol,3.5,12.4
Toyota,Tacoma 4WD,2018,petrol,2.7,11.7
Toyota,Tacoma 4WD,2018,petrol,3.5,12.4
Toyota,Tacoma 4WD,2019,petrol,2.7,11.7
Toyota,Tacoma 4WD,2019,petrol,3.5,12.3
Toyota,Tacoma 4WD,2020,petrol,2.7,11.7
Toyota,Tacoma 4WD,2020,petrol,3.5,12.3
Toyota,Tacoma 4WD,2021,petrol,3.5,12.25
Toyota,Tacoma 4WD,2022,petrol,3.5,12.25
Toyota,Tacoma 4WD,2023,petrol,3.5,12.3
Toyota,Tacoma 4WD,2024,petrol,2.4,11.9
Toyota,Tacoma 4WD,2025,petrol,2.4,11.9
Toyota,Tacoma 4WD,2026,petrol,2.4,11.9
Toyota,Tacoma 4WD (2-mode),2024,petrol,2.4,11.2
Toyota,Tacoma 4WD (2-mode),2025,petrol,2.4,11.2
Toyota,Tacoma 4WD (2-mode),2026,petrol,2.4,11.2
Toyota,Tacoma 4WD (3-mode),2024,petrol,2.4,11.4
Toyota,Tacoma 4WD (3-mode),2025,petrol,2.4,11.4
Toyota,Tacoma 4WD (3-mode),2026,petrol,2.4,11.4
Toyota,Tacoma 4WD D-Cab Off-Road,2016,petrol,3.5,12.9
Toyota,Tacoma 4WD D-Cab Off-Road,2017,petrol,3.5,12.9
Toyota,Tacoma 4WD D-Cab Off-Road,2018,petrol,3.5,12.9
Toyota,Tacoma 4WD D-Cab Off-Road,2019,petrol,3.5,12.9
Toyota,Tacoma 4WD D-Cab TRD Off-Road/PRO,2021,petrol,3.5,12.9
Toyota,Tacoma 4WD D-Cab TRD Off-Road/PRO,2022,petrol,3.5,12.9
Toyota,Tacoma 4WD D-Cab TRD Off-Road/PRO,2023,petrol,3.5,12.9
Toyota,Tacoma 4WD D-Cab TRD Off-Road/Pro,2020,petrol,3.5,12.9
Toyota,Tacoma 4X4,2005,petrol,4.0,12.5
Toyota,Tacoma 4X4,2006,petrol,4.0,12.5
Toyota,Tacoma 4X4,2007,petrol,4.0,12.35
Toyota,Tacoma 4X4,2009,petrol,2.7,10.7
Toyota,Tacoma 4X4,2009,petrol,4.0,12.35
Toyota,Tacoma Hybrid 4WD,2024,hybrid,2.4,10.3
Toyota,Tacoma Hybrid 4WD,2025,hybrid,2.4,10.3
Toyota,Tacoma Hybrid 4WD,2026,hybrid,2.4,10.3
Toyota,Tacoma Hybrid 4WD Limited,2024,hybrid,2.4,10.0
Toyota,Tacoma Hybrid 4WD Limited,2025,hybrid,2.4,10.1
Toyota,Tacoma Hybrid 4WD Limited,2026,hybrid,2.4,10.1
Toyota,Tundra,2005,petrol,4.0,11.3
Toyota,Tundra,2005,petrol,4.7,13.7
Toyota,Tundra,2006,petrol,4.0,11.4
Toyota,Tundra,2006,petrol,4.7,13.7
Toyota,Tundra,2007,petrol,4.7,13.8
Toyota,Tundra,2008,petrol,4.7,13.8
Toyota,Tundra,2008,petrol,5.7,13.3
Toyota,Tundra,2009,petrol,4.7,13.6
Toyota,Tundra,2009,petrol,5.7,13.3
Toyota,Tundra,2010,petrol,4.6,12.1
Toyota,Tundra,2010,petrol,5.7,13.3
Toyota,Tundra,2011,petrol,4.6,12.2
Toyota,Tundra,2011,petrol,5.7,13.3
Toyota,Tundra,2012,petrol,4.6,12.3
Toyota,Tundra,2012,petrol,5.7,13.6
Toyota,Tundra,2013,petrol,4.6,12.3
Toyota,Tundra,2013,petrol,5.7,13.7
Toyota,Tundra,2014,petrol,4.0,11.8
Toyota,Tundra,2014,petrol,4.6,12.5
Toyota,Tundra,2014,petrol,5.7,13.6
Toyota,Tundra,2015,petrol,4.6,14.3
Toyota,Tundra,2015,petrol,5.7,15.2
Toyota,Tundra,2016,petrol,4.6,14.3
Toyota,Tundra,2016,petrol,5.7,15.4
Toyota,Tundra,2017,petrol,4.6,14.2
Toyota,Tundra,2017,petrol,5.7,15.3
Toyota,Tundra,2018,petrol,5.7,15.9
Toyota,Tundra,2019,petrol,5.7,15.9
Toyota,Tundra,2020,petrol,5.7,15.9
Toyota,Tundra,2021,petrol,5.7,15.9
Toyota,Tundra,2022,petrol,3.4,11.8
Toyota,Tundra,2023,petrol,3.4,11.8
Toyota,Tundra,2024,petrol,3.4,12.0
Toyota,Tundra,2025,petrol,3.4,12.0
Toyota,Tundra,2026,petrol,3.4,12.0
Toyota,Tundra 4WD,2008,petrol,4.7,14.3
Toyota,Tundra 4WD,2008,petrol,5.7,14.6
Toyota,Tundra 4WD,2010,petrol,4.6,12.9
Toyota,Tundra 4WD,2010,petrol,5.7,14.5
Toyota,Tundra 4WD,2011,petrol,4.6,12.8
Toyota,Tundra 4WD,2011,petrol,5.7,14.6
Toyota,Tundra 4WD,2012,petrol,4.6,13.0
Toyota,Tundra 4WD,2012,petrol,5.7,14.6
Toyota,Tundra 4WD,2013,petrol,4.6,13.3
Toyota,Tundra 4WD,2013,petrol,5.7,14.3
Toyota,Tundra 4WD,2014,petrol,4.6,13.3
Toyota,Tundra 4WD,2014,petrol,5.7,14.3
Toyota,Tundra 4WD,2015,petrol,4.6,15.1
Toyota,Tundra 4WD,2015,petrol,5.7,16.6
Toyota,Tundra 4WD,2016,petrol,4.6,15.1
Toyota,Tundra 4WD,2016,petrol,5.7,16.3
Toyota,Tundra 4WD,2017,petrol,4.6,14.9
Toyota,Tundra 4WD,2017,petrol,5.7,16.2
Toyota,Tundra 4WD,2018,petrol,4.6,14.9
Toyota,Tundra 4WD,2018,petrol,5.7,16.3
Toyota,Tundra 4WD,2019,petrol,4.6,14.9
Toyota,Tundra 4WD,2019,petrol,5.7,16.3
Toyota,Tundra 4WD,2020,petrol,5.7,16.3
Toyota,Tundra 4WD,2021,petrol,5.7,16.3
Toyota,Tundra 4WD,2022,petrol,3.4,12.4
Toyota,Tundra 4WD,2023,petrol,3.4,12.4
Toyota,Tundra 4WD,2024,petrol,3.4,12.4
Toyota,Tundra 4WD (1-mode),2025,petrol,3.4,12.4
Toyota,Tundra 4WD (1-mode),2026,petrol,3.4,12.4
Toyota,Tundra 4WD (3-mode),2026,petrol,3.4,12.2
Toyota,Tundra 4WD (3-mode)/TRD,2025,petrol,3.4,12.2
Toyota,Tundra 4WD TRD,2022,petrol,3.4,12.2
Toyota,Tundra 4WD TRD,2023,petrol,3.4,12.2
Toyota,Tundra 4WD TRD,2024,petrol,3.4,12.2
Toyota,Tundra 4X4,2005,petrol,4.7,14.2
Toyota,Tundra 4X4,2006,petrol,4.7,14.2
Toyota,Tundra 4X4,2007,petrol,4.7,14.2
Toyota,Tundra 4X4,2009,petrol,4.7,14.2
Toyota,Tundra 4X4,2009,petrol,5.7,14.4
Toyota,Tundra Hybrid 4WD,2022,hybrid,3.4,11.7
Toyota,Tundra Hybrid 4WD,2023,hybrid,3.4,11.7
Toyota,Tundra Hybrid 4WD,2024,hybrid,3.4,11.7
Toyota,Tundra Hybrid 4WD,2025,hybrid,3.4,11.7
Toyota,Tundra Hybrid 4WD,2026,hybrid,3.4,11.7
Toyota,Tundra Hybrid 4WD TRD PRO,2022,hybrid,3.4,12.3
Toyota,Tundra Hybrid 4WD TRD PRO,2023,hybrid,3.4,12.3
Toyota,Tundra Hybrid 4WD TRD PRO,2024,hybrid,3.4,12.3
Toyota,Tundra Hybrid 4WD TRD PRO,2025,hybrid,3.4,12.3
Toyota,Tundra Hybrid 4WD TRD PRO,2026,hybrid,3.4,12.3
Toyota,Venza,2009,petrol,3.5,9.5
Toyota,Venza,2010,petrol,2.7,8.5
Toyota,Venza,2010,petrol,3.5,9.5
Toyota,Venza,2011,petrol,2.7,8.5
Toyota,Venza,2011,petrol,3.5,9.5
Toyota,Venza,2012,petrol,2.7,8.5
Toyota,Venza,2012,petrol,3.5,9.6
Toyota,Venza,2013,petrol,2.7,8.6
Toyota,Venza,2013,petrol,3.5,9.6
Toyota,Venza,2014,petrol,2.7,8.6
Toyota,Venza,2014,petrol,3.5,9.6
Toyota,Venza,2015,petrol,2.7,10.4
Toyota,Venza,2015,petrol,3.5,10.9
Toyota,Venza,2016,petrol,2.7,10.4
Toyota,Venza,2016,petrol,3.5,10.9
Toyota,Venza 4WD,2014,petrol,2.7,8.8
Toyota,Venza 4WD,2014,petrol,3.5,9.8
Toyota,Venza 4WD,2015,petrol,2.7,10.5
Toyota,Venza 4WD,2015,petrol,3.5,11.3
Toyota,Venza 4WD,2016,petrol,2.7,10.5
Toyota,Venza 4WD,2016,petrol,3.5,11.3
Toyota,Venza AWD,2009,petrol,3.5,9.9
Toyota,Venza AWD,2010,petrol,2.7,8.8
Toyota,Venza AWD,2010,petrol,3.5,9.9
Toyota,Venza AWD,2011,petrol,2.7,8.8
Toyota,Venza AWD,2011,petrol,3.5,9.9
Toyota,Venza AWD,2012,petrol,2.7,8.8
Toyota,Venza AWD,2012,petrol,3.5,9.8
Toyota,Venza AWD,2013,petrol,2.7,8.8
Toyota,Venza AWD,2013,petrol,3.5,9.8
Toyota,Venza AWD,2021,petrol,2.5,6.1
Toyota,Venza AWD,2022,petrol,2.5,6.1
Toyota,Venza AWD,2023,petrol,2.5,6.1
Toyota,Venza AWD,2024,petrol,2.5,6.1
Toyota,Yaris,2006,petrol,1.5,6.4
Toyota,Yaris,2007,petrol,1.5,6.35
Toyota,Yaris,2008,petrol,1.5,6.35
Toyota,Yaris,2009,petrol,1.5,6.35
Toyota,Yaris,2010,petrol,1.5,6.3
Toyota,Yaris,2011,petrol,1.5,6.3
Toyota,Yaris,2012,petrol,1.5,6.1
Toyota,Yaris,2013,petrol,1.5,6.05
Toyota,Yaris,2014,petrol,1.5,6.05
Toyota,Yaris,2015,petrol,1.5,7.2
Toyota,Yaris,2016,petrol,1.5,6.4
Toyota,Yaris,2017,petrol,1.5,6.6
Toyota,Yaris,2018,petrol,1.5,6.6
Toyota,Yaris,2019,petrol,1.5,6.6
Toyota,Yaris,2020,petrol,1.5,6.6
Toyota,Yaris (SIL),2016,petrol,1.5,6.7
Toyota,Yaris (SIL),2017,petrol,1.5,6.8
Toyota,Yaris (SIL),2018,petrol,1.5,6.8
Toyota,Yaris (SIL),2019,petrol,1.5,6.8
Toyota,Yaris (SIL),2020,petrol,1.5,6.9
Toyota,Yaris Hatchback,2016,petrol,1.5,7.2
Toyota,Yaris Hatchback,2017,petrol,1.5,7.3
Toyota,Yaris Hatchback,2018,petrol,1.5,7.3
Toyota,Yaris Hatchback,2019,petrol,1.5,7.3
Toyota,bZ,2026,electric,,16.1
Toyota,bZ AWD,2026,electric,,17.3
Toyota,bZ Limited AWD,2026,electric,,18.6
Toyota,bZ Woodland AWD,2026,electric,,17.9
Toyota,bZ Woodland AWD (All-Terrain Tire),2026,electric,,19.2
Toyota,bZ4X,2023,electric,,17.6
Toyota,bZ4X,2024,electric,,17.6
Toyota,bZ4X,2025,electric,,17.6
Toyota,bZ4X AWD,2023,electric,,20.1
Toyota,bZ4X AWD,2024,electric,,20.1
Toyota,"bZ4X AWD (18"" Wheels)",2025,electric,,20.1
Toyota,"bZ4X AWD (20"" Wheels)",2025,electric,,20.5
Volkswagen,Arteon 4MOTION,2019,petrol,2.0,10.4
Volkswagen,Arteon 4MOTION,2020,petrol,2.0,10.0
Volkswagen,Arteon 4MOTION,2021,petrol,2.0,9.8
Volkswagen,Atlas,2018,petrol,2.0,10.0
Volkswagen,Atlas,2019,petrol,2.0,10.5
Volkswagen,Atlas,2023,petrol,2.0,10.2
Volkswagen,Atlas 4MOTION,2018,petrol,3.6,12.1
Volkswagen,Atlas 4MOTION,2019,petrol,3.6,12.2
Volkswagen,Atlas 4MOTION,2021,petrol,2.0,10.9
Volkswagen,Atlas 4MOTION,2021,petrol,3.6,12.9
Volkswagen,Atlas 4MOTION,2022,petrol,2.0,10.6
Volkswagen,Atlas 4MOTION,2022,petrol,3.6,12.2
Volkswagen,Atlas 4MOTION,2023,petrol,2.0,10.9
Volkswagen,Atlas 4MOTION,2023,petrol,3.6,11.9
Volkswagen,Atlas 4MOTION Comfortline,2024,petrol,2.0,10.8
Volkswagen,Atlas 4MOTION Comfortline,2025,petrol,2.0,11.1
Volkswagen,Atlas 4MOTION Comfortline,2026,petrol,2.0,10.7
Volkswagen,Atlas 4MOTION Highline/Execline,2024,petrol,2.0,11.2
Volkswagen,Atlas 4MOTION Highline/Execline,2025,petrol,2.0,11.3
Volkswagen,Atlas 4MOTION Highline/Execline,2026,petrol,2.0,11.0
Volkswagen,Atlas 4MOTION Peak Edition,2024,petrol,2.0,11.5
Volkswagen,Atlas 4MOTION Peak Edition,2025,petrol,2.0,11.5
Volkswagen,Atlas 4MOTION Peak Edition,2026,petrol,2.0,11.1
Volkswagen,Atlas Cross Sport,2023,petrol,2.0,10.3
Volkswagen,Atlas Cross Sport 4MOTION,2020,petrol,2.0,11.7
Volkswagen,Atlas Cross Sport 4MOTION,2020,petrol,3.6,12.7
Volkswagen,Atlas Cross Sport 4MOTION,2021,petrol,2.0,10.9
Volkswagen,Atlas Cross Sport 4MOTION,2021,petrol,3.6,12.3
Volkswagen,Atlas Cross Sport 4MOTION,2022,petrol,2.0,10.7
Volkswagen,Atlas Cross Sport 4MOTION,2022,petrol,3.6,11.7
Volkswagen,Atlas Cross Sport 4MOTION,2023,petrol,2.0,10.9
Volkswagen,Atlas Cross Sport 4MOTION,2023,petrol,3.6,11.7
Volkswagen,Atlas Cross Sport 4MOTION,2024,petrol,2.0,10.8
Volkswagen,Atlas Cross Sport 4MOTION,2025,petrol,2.0,11.1
Volkswagen,Atlas Cross Sport 4MOTION,2026,petrol,2.0,10.7
Volkswagen,Beetle,2012,petrol,2.0,8.55
Volkswagen,Beetle,2012,petrol,2.5,8.35
Volkswagen,Beetle,2013,petrol,2.0,8.55
Volkswagen,Beetle,2013,petrol,2.5,8.35
Volkswagen,Beetle,2014,petrol,1.8,7.3
Volkswagen,Beetle,2014,petrol,2.0,7.9
Volkswagen,Beetle,2014,petrol,2.5,8.35
Volkswagen,Beetle,2015,petrol,1.8,8.6
Volkswagen,Beetle,2015,petrol,2.0,9.15
Volkswagen,Beetle,2016,petrol,1.8,8.4
Volkswagen,Beetle,2017,petrol,1.8,8.45
Volkswagen,Beetle,2018,petrol,2.0,8.2
Volkswagen,Beetle,2019,petrol,2.0,8.2
Volkswagen,Beetle Convertible,2013,petrol,2.5,8.7
Volkswagen,Beetle Convertible,2014,petrol,1.8,7.4
Volkswagen,Beetle Convertible,2014,petrol,2.0,8.0
Volkswagen,Beetle Convertible,2014,petrol,2.5,8.7
Volkswagen,Beetle Convertible,2015,petrol,1.8,8.7
Volkswagen,Beetle Convertible,2015,petrol,2.0,9.3
Volkswagen,Beetle Convertible,2016,petrol,1.8,8.4
Volkswagen,Beetle Convertible,2017,petrol,1.8,8.5
Volkswagen,Beetle Convertible,2018,petrol,2.0,8.2
Volkswagen,Beetle Convertible,2019,petrol,2.0,8.2
Volkswagen,Beetle Dune,2016,petrol,1.8,8.7
Volkswagen,Beetle Dune,2017,petrol,1.8,8.6
Volkswagen,Beetle Dune,2018,petrol,2.0,8.1
Volkswagen,Beetle Dune,2019,petrol,2.0,8.1
Volkswagen,Beetle Dune Convertible,2018,petrol,2.0,8.1
Volkswagen,Beetle Dune Convertible,2019,petrol,2.0,8.1
Volkswagen,Beetle TDI (modified),2015,diesel,2.0,6.9
Volkswagen,CC,2010,petrol,2.0,8.4
Volkswagen,CC,2012,petrol,2.0,8.4
Volkswagen,CC,2013,petrol,2.0,8.4
Volkswagen,CC,2014,petrol,2.0,8.4
Volkswagen,CC,2015,petrol,2.0,9.45
Volkswagen,CC,2016,petrol,2.0,9.3
Volkswagen,CC 4MOTION,2010,petrol,3.6,10.7
Volkswagen,CC 4MOTION,2012,petrol,3.6,10.7
Volkswagen,CC 4MOTION,2013,petrol,3.6,10.7
Volkswagen,CC 4MOTION,2014,petrol,3.6,10.7
Volkswagen,CC 4MOTION,2015,petrol,3.6,11.8
Volkswagen,CC 4MOTION,2017,petrol,3.6,11.8
Volkswagen,City Golf,2007,petrol,2.0,8.55
Volkswagen,City Golf,2008,petrol,2.0,8.6
Volkswagen,City Golf,2009,petrol,2.0,8.6
Volkswagen,City Golf,2010,petrol,2.0,8.5
Volkswagen,City Jetta,2007,petrol,2.0,8.55
Volkswagen,City Jetta,2008,petrol,2.0,8.6
Volkswagen,City Jetta,2009,petrol,2.0,8.6
Volkswagen,Eos,2007,petrol,2.0,8.7
Volkswagen,Eos,2007,petrol,3.2,9.3
Volkswagen,Eos,2008,petrol,2.0,8.45
Volkswagen,Eos,2009,petrol,2.0,8.3
Volkswagen,Eos,2010,petrol,2.0,8.25
Volkswagen,Eos,2011,petrol,2.0,8.35
Volkswagen,Eos,2012,petrol,2.0,8.2
Volkswagen,Eos,2013,petrol,2.0,8.2
Volkswagen,Eos,2014,petrol,2.0,8.2
Volkswagen,Eos,2015,petrol,2.0,9.5
Volkswagen,GTI,2005,petrol,1.8,8.9
Volkswagen,GTI,2005,petrol,2.8,9.4
Volkswagen,GTI,2006,petrol,1.8,8.9
Volkswagen,GTI,2007,petrol,2.0,8.4
Volkswagen,GTI,2008,petrol,2.0,8.4
Volkswagen,GTI,2009,petrol,2.0,8.65
Volkswagen,GTI,2010,petrol,2.0,8.05
Volkswagen,GTI,2011,petrol,2.0,8.05
Volkswagen,GTI,2012,petrol,2.0,8.0
Volkswagen,GTI,2013,petrol,2.0,8.0
Volkswagen,Golf,2005,petrol,2.0,8.6
Volkswagen,Golf,2006,petrol,2.0,8.6
Volkswagen,Golf,2010,petrol,2.5,8.55
Volkswagen,Golf,2011,petrol,2.5,8.1
Volkswagen,Golf,2012,petrol,2.5,8.05
Volkswagen,Golf,2013,petrol,2.5,8.1
Volkswagen,Golf,2015,petrol,1.8,8.05
Volkswagen,Golf,2016,petrol,1.8,8.05
Volkswagen,Golf,2017,petrol,1.8,8.15
Volkswagen,Golf,2018,petrol,1.8,8.35
Volkswagen,Golf,2019,petrol,1.4,7.4
Volkswagen,Golf,2020,petrol,1.4,7.5
Volkswagen,Golf,2021,petrol,1.4,7.3
Volkswagen,Golf Alltrack,2017,petrol,1.8,9.4
Volkswagen,Golf Alltrack,2018,petrol,1.8,9.5
Volkswagen,Golf Alltrack,2019,petrol,1.8,9.5
Volkswagen,Golf GTI,2015,petrol,2.0,8.4
Volkswagen,Golf GTI,2016,petrol,2.0,8.4
Volkswagen,Golf GTI,2017,petrol,2.0,8.5
Volkswagen,Golf GTI,2018,petrol,2.0,8.55
Volkswagen,Golf GTI,2019,petrol,2.0,8.65
Volkswagen,Golf GTI,2020,petrol,2.0,8.7
Volkswagen,Golf GTI,2021,petrol,2.0,8.85
Volkswagen,Golf GTI,2022,petrol,2.0,8.4
Volkswagen,Golf GTI,2023,petrol,2.0,8.65
Volkswagen,Golf GTI,2024,petrol,2.0,8.75
Volkswagen,Golf GTI,2025,petrol,2.0,8.8
Volkswagen,Golf GTI,2026,petrol,2.0,8.8
Volkswagen,Golf R,2012,petrol,2.0,9.4
Volkswagen,Golf R,2013,petrol,2.0,9.4
Volkswagen,Golf R,2016,petrol,2.0,9.35
Volkswagen,Golf R,2017,petrol,2.0,9.35
Volkswagen,Golf R,2018,petrol,2.0,9.6
Volkswagen,Golf R,2019,petrol,2.0,9.55
Volkswagen,Golf R,2022,petrol,2.0,9.65
Volkswagen,Golf R,2023,petrol,2.0,9.65
Volkswagen,Golf R,2024,petrol,2.0,9.75
Volkswagen,Golf R,2025,petrol,2.0,9.3
Volkswagen,Golf R,2026,petrol,2.0,9.3
Volkswagen,Golf SportWagen,2017,petrol,1.8,8.25
Volkswagen,Golf SportWagen,2018,petrol,1.8,8.35
Volkswagen,Golf SportWagen,2019,petrol,1.4,7.5
Volkswagen,Golf SportWagen 4MOTION,2017,petrol,1.8,9.4
Volkswagen,Golf SportWagen 4MOTION,2018,petrol,1.8,9.45
Volkswagen,Golf SportWagen 4MOTION,2019,petrol,1.8,9.45
Volkswagen,Golf SportWagon TDI (modified),2015,diesel,2.0,6.7
Volkswagen,Golf Sportwagon,2015,petrol,1.8,8.2
Volkswagen,Golf Sportwagon,2016,petrol,1.8,8.2
Volkswagen,Golf TDI (modified),2015,diesel,2.0,6.5
Volkswagen,Golf TDI Diesel,2005,diesel,1.9,5.9
Volkswagen,Golf TDI Diesel,2006,diesel,1.9,5.95
Volkswagen,Golf Wagon,2010,petrol,2.5,8.55
Volkswagen,Golf Wagon,2011,petrol,2.5,8.1
Volkswagen,Golf Wagon,2012,petrol,2.5,8.05
Volkswagen,Golf Wagon,2013,petrol,2.5,8.1
Volkswagen,Golf Wagon,2014,petrol,2.5,8.2
Volkswagen,ID. Buzz Pro,2025,electric,,25.3
Volkswagen,ID. Buzz Pro 4MOTION,2025,electric,,26.1
Volkswagen,ID.4,2023,electric,,19.6
Volkswagen,ID.4,2024,electric,,19.6
Volkswagen,ID.4,2025,electric,,19.6
Volkswagen,ID.4,2026,electric,,18.5
Volkswagen,ID.4 AWD,2026,electric,,20.5
Volkswagen,ID.4 AWD Pro,2021,electric,,22.5
Volkswagen,ID.4 AWD Pro,2022,electric,,22.0
Volkswagen,ID.4 AWD Pro,2023,electric,,21.2
Volkswagen,ID.4 AWD Pro,2024,electric,,20.5
Volkswagen,ID.4 AWD Pro,2025,electric,,20.5
Volkswagen,ID.4 AWD Pro S,2024,electric,,20.5
Volkswagen,ID.4 AWD Pro S,2025,electric,,20.5
Volkswagen,ID.4 Pro,2021,electric,,21.7
Volkswagen,ID.4 Pro,2022,electric,,20.2
Volkswagen,ID.4 Pro,2023,electric,,19.6
Volkswagen,ID.4 Pro,2024,electric,,18.5
Volkswagen,ID.4 Pro,2025,electric,,18.5
Volkswagen,ID.4 Pro S,2024,electric,,18.5
Volkswagen,ID.4 Pro S,2025,electric,,18.5
Volkswagen,ID.4 S,2024,electric,,19.6
Volkswagen,ID.4 S,2025,electric,,19.6
Volkswagen,Jetta,2005,petrol,1.8,8.9
Volkswagen,Jetta,2005,petrol,2.0,8.6
Volkswagen,Jetta,2005,petrol,2.8,9.4
Volkswagen,Jetta,2006,petrol,2.0,8.45
Volkswagen,Jetta,2006,petrol,2.5,9.2
Volkswagen,Jetta,2007,petrol,2.0,8.4
Volkswagen,Jetta,2007,petrol,2.5,9.15
Volkswagen,Jetta,2008,petrol,2.0,8.4
Volkswagen,Jetta,2008,petrol,2.5,9.0
Volkswagen,Jetta,2009,petrol,2.0,8.65
Volkswagen,Jetta,2009,petrol,2.5,9.0
Volkswagen,Jetta,2010,petrol,2.0,8.05
Volkswagen,Jetta,2010,petrol,2.5,8.55
Volkswagen,Jetta,2011,petrol,2.0,7.9
Volkswagen,Jetta,2011,petrol,2.5,8.05
Volkswagen,Jetta,2012,petrol,2.0,7.9
Volkswagen,Jetta,2012,petrol,2.5,8.05
Volkswagen,Jetta,2013,petrol,2.0,7.9
Volkswagen,Jetta,2013,petrol,2.5,8.1
Volkswagen,Jetta,2014,petrol,1.8,7.05
Volkswagen,Jetta,2014,petrol,2.0,7.9
Volkswagen,Jetta,2015,petrol,1.8,7.95
Volkswagen,Jetta,2015,petrol,2.0,8.65
Volkswagen,Jetta,2016,petrol,1.4,7.25
Volkswagen,Jetta,2016,petrol,1.8,8.05
Volkswagen,Jetta,2016,petrol,2.0,8.7
Volkswagen,Jetta,2017,petrol,1.4,7.3
Volkswagen,Jetta,2017,petrol,1.8,8.2
Volkswagen,Jetta,2017,petrol,2.0,8.8
Volkswagen,Jetta,2019,petrol,1.4,7.0
Volkswagen,Jetta,2020,petrol,1.4,7.0
Volkswagen,Jetta,2021,petrol,1.4,7.0
Volkswagen,Jetta,2022,petrol,1.5,6.85
Volkswagen,Jetta,2023,petrol,1.5,6.9
Volkswagen,Jetta,2024,petrol,1.5,6.95
Volkswagen,Jetta,2025,petrol,1.5,7.4
Volkswagen,Jetta,2026,petrol,1.5,7.2
Volkswagen,Jetta Comfortline/Highline,2023,petrol,1.5,7.1
Volkswagen,Jetta Comfortline/Highline,2024,petrol,1.5,7.1
Volkswagen,Jetta GLI,2014,petrol,2.0,7.8
Volkswagen,Jetta GLI,2015,petrol,2.0,8.85
Volkswagen,Jetta GLI,2019,petrol,2.0,8.45
Volkswagen,Jetta GLI,2020,petrol,2.0,8.45
Volkswagen,Jetta GLI,2021,petrol,2.0,8.45
Volkswagen,Jetta GLI,2022,petrol,2.0,7.9
Volkswagen,Jetta GLI,2023,petrol,2.0,7.9
Volkswagen,Jetta GLI,2024,petrol,2.0,8.15
Volkswagen,Jetta GLI,2025,petrol,2.0,8.1
Volkswagen,Jetta GLI,2026,petrol,2.0,8.1
Volkswagen,Jetta Hybrid,2015,hybrid,1.4,5.3
Volkswagen,Jetta Hybrid,2016,hybrid,1.4,5.3
Volkswagen,Jetta Sportwagon,2008,petrol,2.5,9.0
Volkswagen,Jetta TDI (modified),2015,diesel,2.0,6.5
Volkswagen,Jetta TDI Diesel,2005,diesel,1.9,5.9
Volkswagen,Jetta TDI Diesel,2006,diesel,1.9,5.95
Volkswagen,Jetta Turbo Hybrid,2013,hybrid,1.4,4.4
Volkswagen,Jetta Turbo Hybrid,2014,hybrid,1.4,4.4
Volkswagen,Jetta Wagon,2005,petrol,1.8,8.9
Volkswagen,Jetta Wagon,2005,petrol,2.0,8.8
Volkswagen,Jetta Wagon,2009,petrol,2.5,9.0
Volkswagen,Jetta Wagon TDI Diesel,2005,diesel,1.9,5.95
Volkswagen,Jetta Wagon TDI Diesel,2006,diesel,1.9,6.15
Volkswagen,New Beetle,2005,petrol,1.8,8.75
Volkswagen,New Beetle,2005,petrol,2.0,8.8
Volkswagen,New Beetle,2006,petrol,2.5,8.85
Volkswagen,New Beetle,2007,petrol,2.5,8.85
Volkswagen,New Beetle,2008,petrol,2.5,8.85
Volkswagen,New Beetle,2009,petrol,2.5,8.85
Volkswagen,New Beetle,2010,petrol,2.5,8.85
Volkswagen,New Beetle Convertible,2005,petrol,1.8,8.85
Volkswagen,New Beetle Convertible,2005,petrol,2.0,8.9
Volkswagen,New Beetle Convertible,2006,petrol,2.5,9.2
Volkswagen,New Beetle Convertible,2007,petrol,2.5,9.15
Volkswagen,New Beetle Convertible,2008,petrol,2.5,8.85
Volkswagen,New Beetle Convertible,2009,petrol,2.5,8.85
Volkswagen,New Beetle Convertible,2010,petrol,2.5,8.85
Volkswagen,New Beetle TDI Diesel,2005,diesel,1.9,5.7
Volkswagen,New Beetle TDI Diesel,2006,diesel,1.9,5.75
Volkswagen,Passat,2005,petrol,1.8,9.1
Volkswagen,Passat,2005,petrol,2.8,10.4
Volkswagen,Passat,2006,petrol,2.0,9.1
Volkswagen,Passat,2006,petrol,3.6,10.2
Volkswagen,Passat,2007,petrol,2.0,8.85
Volkswagen,Passat,2007,petrol,3.6,10.3
Volkswagen,Passat,2008,petrol,2.0,8.85
Volkswagen,Passat,2009,petrol,2.0,8.8
Volkswagen,Passat,2010,petrol,2.0,8.4
Volkswagen,Passat,2012,petrol,2.5,8.4
Volkswagen,Passat,2012,petrol,3.6,9.4
Volkswagen,Passat,2013,petrol,2.5,8.4
Volkswagen,Passat,2013,petrol,3.6,9.4
Volkswagen,Passat,2014,petrol,1.8,7.3
Volkswagen,Passat,2014,petrol,2.5,8.4
Volkswagen,Passat,2014,petrol,3.6,9.4
Volkswagen,Passat,2015,petrol,1.8,8.35
Volkswagen,Passat,2015,petrol,3.6,10.4
Volkswagen,Passat,2016,petrol,1.8,8.05
Volkswagen,Passat,2016,petrol,3.6,10.4
Volkswagen,Passat,2017,petrol,1.8,8.7
Volkswagen,Passat,2017,petrol,3.6,10.4
Volkswagen,Passat,2018,petrol,2.0,8.1
Volkswagen,Passat,2018,petrol,3.6,10.6
Volkswagen,Passat,2019,petrol,2.0,8.1
Volkswagen,Passat,2020,petrol,2.0,8.7
Volkswagen,Passat,2021,petrol,2.0,8.3
Volkswagen,Passat,2022,petrol,2.0,8.3
Volkswagen,Passat 4MOTION,2005,petrol,1.8,9.5
Volkswagen,Passat 4MOTION,2005,petrol,2.8,10.7
Volkswagen,Passat 4MOTION,2006,petrol,3.6,10.6
Volkswagen,Passat 4MOTION,2007,petrol,3.6,10.8
Volkswagen,Passat 4MOTION,2008,petrol,3.6,10.8
Volkswagen,Passat 4MOTION Wagon,2005,petrol,1.8,9.5
Volkswagen,Passat 4MOTION Wagon,2005,petrol,2.8,10.7
Volkswagen,Passat 4MOTION Wagon,2007,petrol,3.6,10.8
Volkswagen,Passat 4MOTION Wagon,2008,petrol,3.6,10.8
Volkswagen,Passat CC,2009,petrol,2.0,8.8
Volkswagen,Passat CC,2009,petrol,3.6,10.3
Volkswagen,Passat CC,2011,petrol,2.0,8.4
Volkswagen,Passat CC 4MOTION,2009,petrol,3.6,10.7
Volkswagen,Passat CC 4MOTION,2011,petrol,3.6,10.7
Volkswagen,Passat TDI (modified),2015,diesel,2.0,6.8
Volkswagen,Passat TDI Diesel,2005,diesel,2.0,7.4
Volkswagen,Passat Wagon,2005,petrol,1.8,9.1
Volkswagen,Passat Wagon,2005,petrol,2.8,10.4
Volkswagen,Passat Wagon,2007,petrol,2.0,8.7
Volkswagen,Passat Wagon,2007,petrol,3.6,10.3
Volkswagen,Passat Wagon,2008,petrol,2.0,8.8
Volkswagen,Passat Wagon,2009,petrol,2.0,8.9
Volkswagen,Passat Wagon,2010,petrol,2.0,8.4
Volkswagen,Passat Wagon 4MOTION,2009,petrol,3.6,10.7
Volkswagen,Passat Wagon 4MOTION,2010,petrol,3.6,10.7
Volkswagen,Passat Wagon TDI Diesel,2005,diesel,2.0,7.4
Volkswagen,Phaeton,2005,petrol,4.2,12.6
Volkswagen,Phaeton,2005,petrol,6.0,15.8
Volkswagen,Phaeton,2006,petrol,4.2,12.6
Volkswagen,Phaeton,2006,petrol,6.0,16.1
Volkswagen,Rabbit,2007,petrol,2.5,9.05
Volkswagen,Rabbit,2008,petrol,2.5,9.0
Volkswagen,Rabbit,2009,petrol,2.5,9.0
Volkswagen,Routan,2009,petrol,4.0,10.3
Volkswagen,Routan,2010,petrol,4.0,10.3
Volkswagen,Routan,2012,petrol,3.6,10.3
Volkswagen,Routan,2013,petrol,3.6,10.5
Volkswagen,Routan,2014,petrol,3.6,10.5
Volkswagen,Routan FFV,2011,petrol,3.6,10.3
Volkswagen,Taos,2022,petrol,1.5,7.6
Volkswagen,Taos,2023,petrol,1.5,7.6
Volkswagen,Taos,2024,petrol,1.5,7.5
Volkswagen,Taos,2025,petrol,1.5,7.6
Volkswagen,Taos,2026,petrol,1.5,7.4
Volkswagen,Taos 4MOTION,2022,petrol,1.5,8.5
Volkswagen,Taos 4MOTION,2023,petrol,1.5,8.5
Volkswagen,Taos 4MOTION,2024,petrol,1.5,8.8
Volkswagen,Taos 4MOTION,2025,petrol,1.5,8.4
Volkswagen,Taos 4MOTION,2026,petrol,1.5,8.4
Volkswagen,Tiguan,2009,petrol,2.0,9.75
Volkswagen,Tiguan,2010,petrol,2.0,9.75
Volkswagen,Tiguan,2011,petrol,2.0,9.8
Volkswagen,Tiguan,2012,petrol,2.0,9.45
Volkswagen,Tiguan,2013,petrol,2.0,9.35
Volkswagen,Tiguan,2014,petrol,2.0,9.7
Volkswagen,Tiguan,2015,petrol,2.0,10.85
Volkswagen,Tiguan,2016,petrol,2.0,10.95
Volkswagen,Tiguan,2017,petrol,2.0,10.7
Volkswagen,Tiguan,2018,petrol,2.0,9.8
Volkswagen,Tiguan,2019,petrol,2.0,9.5
Volkswagen,Tiguan,2020,petrol,2.0,9.4
Volkswagen,Tiguan,2021,petrol,2.0,9.4
Volkswagen,Tiguan,2026,petrol,2.0,8.5
Volkswagen,Tiguan 4MOTION,2009,petrol,2.0,10.1
Volkswagen,Tiguan 4MOTION,2010,petrol,2.0,10.1
Volkswagen,Tiguan 4MOTION,2011,petrol,2.0,9.6
Volkswagen,Tiguan 4MOTION,2012,petrol,2.0,8.8
Volkswagen,Tiguan 4MOTION,2013,petrol,2.0,9.1
Volkswagen,Tiguan 4MOTION,2014,petrol,2.0,9.3
Volkswagen,Tiguan 4MOTION,2015,petrol,2.0,10.7
Volkswagen,Tiguan 4MOTION,2016,petrol,2.0,10.6
Volkswagen,Tiguan 4MOTION,2017,petrol,2.0,11.1
Volkswagen,Tiguan 4MOTION,2018,petrol,2.0,10.2
Volkswagen,Tiguan 4MOTION,2019,petrol,2.0,9.8
Volkswagen,Tiguan 4MOTION,2020,petrol,2.0,10.2
Volkswagen,Tiguan 4MOTION,2021,petrol,2.0,9.9
Volkswagen,Tiguan 4MOTION,2022,petrol,2.0,9.4
Volkswagen,Tiguan 4MOTION,2023,petrol,2.0,9.4
Volkswagen,Tiguan 4MOTION,2024,petrol,2.0,9.4
Volkswagen,Tiguan 4MOTION,2025,petrol,2.0,9.3
Volkswagen,Tiguan 4MOTION,2026,petrol,2.0,9.2
Volkswagen,Tiguan R-Line 4MOTION,2022,petrol,2.0,9.8
Volkswagen,Tiguan R-Line 4MOTION,2023,petrol,2.0,9.8
Volkswagen,Tiguan R-Line 4MOTION,2024,petrol,2.0,9.7
Volkswagen,Touareg,2005,petrol,3.2,12.7
Volkswagen,Touareg,2005,petrol,4.2,14.8
Volkswagen,Touareg,2006,petrol,3.2,12.7
Volkswagen,Touareg,2006,petrol,4.2,14.8
Volkswagen,Touareg,2007,petrol,3.6,13.1
Volkswagen,Touareg,2007,petrol,4.2,14.6
Volkswagen,Touareg,2008,petrol,3.6,12.8
Volkswagen,Touareg,2008,petrol,4.2,14.6
Volkswagen,Touareg,2009,petrol,3.6,12.8
Volkswagen,Touareg,2009,petrol,4.2,14.1
Volkswagen,Touareg,2010,petrol,3.6,12.8
Volkswagen,Touareg,2011,petrol,3.6,10.7
Volkswagen,Touareg,2012,petrol,3.6,10.7
Volkswagen,Touareg,2015,petrol,3.6,12.4
Volkswagen,Touareg,2016,petrol,3.6,12.4
Volkswagen,Touareg,2017,petrol,3.6,12.2
Volkswagen,Touareg TDI (modified),2015,diesel,3.0,10.2
Volkswagen,Touareg TDI (modified),2016,diesel,3.0,9.8
Volkswagen,Touareg TDI Diesel,2005,diesel,5.0,11.7
Volkswagen,e-Golf,2017,electric,,17.4
Volkswagen,e-Golf,2018,electric,,17.4
Volkswagen,e-Golf,2019,electric,,17.4
Volkswagen,e-Golf,2020,electric,,18.6
Volvo,C30,2013,petrol,2.5,8.65
Volvo,C30 2.4i,2008,petrol,2.4,8.9
Volvo,C30 2.4i,2009,petrol,2.4,9.0
Volvo,C30 2.4i,2010,petrol,2.4,8.9
Volvo,C30 T5,2008,petrol,2.5,9.2
Volvo,C30 T5,2010,petrol,2.5,8.7
Volvo,C30 T5,2011,petrol,2.5,8.65
Volvo,C30 T5,2012,petrol,2.5,8.65
Volvo,C30 T5 Turbo,2009,petrol,2.5,9.05
Volvo,C40 Recharge,2024,electric,,19.6
Volvo,C40 Recharge Twin,2022,electric,,23.9
Volvo,C40 Recharge Twin,2023,electric,,23.9
Volvo,C40 Recharge Twin,2024,electric,,21.2
Volvo,C70,2013,petrol,2.5,9.5
Volvo,C70 T5,2008,petrol,2.5,9.65
Volvo,C70 T5,2010,petrol,2.5,9.35
Volvo,C70 T5,2011,petrol,2.5,9.25
Volvo,C70 T5,2012,petrol,2.5,9.6
Volvo,C70 T5 Turbo,2007,petrol,2.5,9.65
Volvo,C70 T5 Turbo,2009,petrol,2.5,9.65
Volvo,EC40,2025,electric,,19.7
Volvo,EC40,2026,electric,,19.7
Volvo,EC40 Twin,2025,electric,,21.6
Volvo,EC40 Twin,2026,electric,,21.6
Volvo,"EX30 Cross Country (18"" Wheels)",2026,electric,,23.5
Volvo,"EX30 Cross Country (19"" Wheels)",2026,electric,,21.2
Volvo,"EX30 Single Motor Ext Range (19"" and 20"" Wheels)",2025,electric,,18.1
Volvo,EX30 Single Motor Extended Range,2026,electric,,18.1
Volvo,"EX30 Single Motor Extended Range (18"" Wheels)",2025,electric,,18.4
Volvo,EX30 Twin Performance,2025,electric,,19.3
Volvo,EX30 Twin Performance,2026,electric,,19.3
Volvo,EX40,2025,electric,,19.7
Volvo,EX40,2026,electric,,19.7
Volvo,EX40 Twin,2025,electric,,22.4
Volvo,EX40 Twin,2026,electric,,22.4
Volvo,"EX90 Twin Motor (20"" and 22"" Wheels)",2025,electric,,26.1
Volvo,"EX90 Twin Motor (21"" Wheels)",2025,electric,,24.9
Volvo,"EX90 Twin Motor Performance (20"" and 22"" Wheels)",2025,electric,,26.1
Volvo,"EX90 Twin Motor Performance (21"" Wheels)",2025,electric,,24.9
Volvo,S40,2005,petrol,2.4,9.3
Volvo,S40 2.4i,2006,petrol,2.4,9.3
Volvo,S40 2.4i,2007,petrol,2.4,9.15
Volvo,S40 2.4i,2008,petrol,2.4,8.9
Volvo,S40 2.4i,2009,petrol,2.4,9.0
Volvo,S40 2.4i,2010,petrol,2.4,8.9
Volvo,S40 2.5T AWD Turbo,2005,petrol,2.5,10.2
Volvo,S40 2.5T Turbo,2005,petrol,2.5,9.25
Volvo,S40 T5,2008,petrol,2.5,9.2
Volvo,S40 T5,2010,petrol,2.5,8.7
Volvo,S40 T5,2011,petrol,2.5,8.6
Volvo,S40 T5 AWD,2008,petrol,2.5,10.0
Volvo,S40 T5 AWD,2010,petrol,2.5,9.35
Volvo,S40 T5 AWD Turbo,2006,petrol,2.5,10.0
Volvo,S40 T5 AWD Turbo,2007,petrol,2.5,9.9
Volvo,S40 T5 AWD Turbo,2009,petrol,2.5,10.0
Volvo,S40 T5 Turbo,2006,petrol,2.5,9.05
Volvo,S40 T5 Turbo,2007,petrol,2.5,9.4
Volvo,S40 T5 Turbo,2009,petrol,2.5,9.05
Volvo,S60,2005,petrol,2.4,9.35
Volvo,S60,2013,petrol,2.5,8.4
Volvo,S60,2014,petrol,2.5,8.4
Volvo,S60 2.4,2006,petrol,2.4,9.4
Volvo,S60 2.4,2007,petrol,2.4,9.3
Volvo,S60 2.4T Turbo,2005,petrol,2.4,9.75
Volvo,S60 2.5T,2008,petrol,2.5,9.45
Volvo,S60 2.5T AWD,2008,petrol,2.5,9.95
Volvo,S60 2.5T AWD Turbo,2005,petrol,2.5,10.5
Volvo,S60 2.5T AWD Turbo,2006,petrol,2.5,10.15
Volvo,S60 2.5T AWD Turbo,2007,petrol,2.5,10.0
Volvo,S60 2.5T AWD Turbo,2009,petrol,2.5,9.95
Volvo,S60 2.5T Turbo,2005,petrol,2.5,9.4
Volvo,S60 2.5T Turbo,2006,petrol,2.5,9.25
Volvo,S60 2.5T Turbo,2007,petrol,2.5,9.3
Volvo,S60 2.5T Turbo,2009,petrol,2.5,9.3
Volvo,S60 3.0T AWD,2016,petrol,3.0,11.2
Volvo,S60 AWD,2013,petrol,2.5,8.8
Volvo,S60 AWD,2013,petrol,3.0,10.0
Volvo,S60 AWD,2014,petrol,2.5,8.8
Volvo,S60 AWD,2014,petrol,3.0,10.0
Volvo,S60 B5,2022,petrol,2.0,8.0
Volvo,S60 B5,2023,petrol,2.0,8.0
Volvo,S60 B5 AWD,2022,petrol,2.0,8.3
Volvo,S60 B5 AWD,2023,petrol,2.0,8.3
Volvo,S60 B5 AWD,2024,petrol,2.0,8.4
Volvo,S60 B5 AWD,2025,petrol,2.0,8.3
Volvo,S60 CC T5 AWD,2016,petrol,2.5,10.3
Volvo,S60 CC T5 AWD,2017,petrol,2.0,9.4
Volvo,S60 CC T5 AWD,2018,petrol,2.0,9.4
Volvo,S60 Inscription,2016,petrol,2.0,8.3
Volvo,S60 Inscription T5,2017,petrol,2.0,8.4
Volvo,S60 Inscription T5 AWD,2016,petrol,2.5,10.1
Volvo,S60 Inscription T5 AWD,2017,petrol,2.0,9.4
Volvo,S60 Polestar,2016,petrol,3.0,11.2
Volvo,S60 Polestar,2017,petrol,2.0,10.3
Volvo,S60 Polestar,2018,petrol,2.0,10.3
Volvo,S60 Polestar AWD,2015,petrol,3.0,11.0
Volvo,S60 R AWD Turbo,2005,petrol,2.5,11.15
Volvo,S60 R AWD Turbo,2006,petrol,2.5,11.1
Volvo,S60 R AWD Turbo,2007,petrol,2.5,11.25
Volvo,S60 T5,2008,petrol,2.4,9.85
Volvo,S60 T5,2012,petrol,2.5,8.8
Volvo,S60 T5,2015,petrol,2.0,8.4
Volvo,S60 T5,2016,petrol,2.0,8.3
Volvo,S60 T5,2017,petrol,2.0,8.4
Volvo,S60 T5,2019,petrol,2.0,8.4
Volvo,S60 T5,2020,petrol,2.0,8.9
Volvo,S60 T5,2021,petrol,2.0,8.6
Volvo,S60 T5 AWD,2015,petrol,2.5,10.1
Volvo,S60 T5 AWD,2016,petrol,2.5,10.1
Volvo,S60 T5 AWD,2017,petrol,2.0,9.4
Volvo,S60 T5 AWD,2018,petrol,2.0,9.7
Volvo,S60 T5 AWD,2021,petrol,2.0,9.2
Volvo,S60 T5 Turbo,2006,petrol,2.4,9.85
Volvo,S60 T5 Turbo,2007,petrol,2.4,9.85
Volvo,S60 T5 Turbo,2009,petrol,2.4,10.0
Volvo,S60 T6,2015,petrol,2.0,8.9
Volvo,S60 T6,2016,petrol,2.0,9.3
Volvo,S60 T6 AWD,2011,petrol,3.0,9.7
Volvo,S60 T6 AWD,2012,petrol,3.0,9.7
Volvo,S60 T6 AWD,2015,petrol,3.0,11.2
Volvo,S60 T6 AWD,2016,petrol,2.0,9.9
Volvo,S60 T6 AWD,2017,petrol,2.0,9.5
Volvo,S60 T6 AWD,2018,petrol,2.0,9.4
Volvo,S60 T6 AWD,2019,petrol,2.0,9.4
Volvo,S60 T6 AWD,2020,petrol,2.0,9.4
Volvo,S60 T6 AWD,2021,petrol,2.0,9.4
Volvo,S60 T8 AWD,2020,hybrid,2.0,7.8
Volvo,S60 T8 AWD,2021,hybrid,2.0,7.8
Volvo,S60 T8 AWD,2025,hybrid,2.0,7.6
Volvo,S60 T8 AWD Recharge,2022,hybrid,2.0,7.8
Volvo,S60 T8 AWD Recharge,2023,hybrid,2.0,7.6
Volvo,S60 T8 AWD Recharge,2024,hybrid,2.0,7.6
Volvo,S60 T8 AWD Recharge Extended Range,2022,hybrid,2.0,7.6
Volvo,S80,2013,petrol,3.2,8.9
Volvo,S80,2014,petrol,3.2,8.9
Volvo,S80 2.5T AWD Turbo,2005,petrol,2.5,10.5
Volvo,S80 2.5T AWD Turbo,2006,petrol,2.5,10.2
Volvo,S80 2.5T Turbo,2005,petrol,2.5,9.5
Volvo,S80 2.5T Turbo,2006,petrol,2.5,9.4
Volvo,S80 3.2,2008,petrol,3.2,11.1
Volvo,S80 3.2,2009,petrol,3.2,10.5
Volvo,S80 3.2,2010,petrol,3.2,10.1
Volvo,S80 3.2,2011,petrol,3.2,9.6
Volvo,S80 3.2,2012,petrol,3.2,8.8
Volvo,S80 3.2 AWD,2008,petrol,3.2,11.0
Volvo,S80 AWD,2013,petrol,3.0,10.0
Volvo,S80 AWD,2014,petrol,3.0,10.0
Volvo,S80 T5,2015,petrol,2.0,8.4
Volvo,S80 T5,2016,petrol,2.0,8.3
Volvo,S80 T6 AWD,2008,petrol,3.0,11.5
Volvo,S80 T6 AWD,2010,petrol,3.0,11.2
Volvo,S80 T6 AWD,2011,petrol,3.0,9.7
Volvo,S80 T6 AWD,2012,petrol,3.0,9.7
Volvo,S80 T6 AWD,2015,petrol,3.0,11.2
Volvo,S80 T6 AWD Turbo,2009,petrol,3.0,11.4
Volvo,S80 T6 Turbo,2005,petrol,2.9,10.8
Volvo,S80 V8 AWD,2008,petrol,4.4,11.5
Volvo,S80 V8 AWD,2009,petrol,4.4,11.7
Volvo,S80 V8 AWD,2010,petrol,4.4,11.7
Volvo,S90 B6 AWD,2022,petrol,2.0,9.1
Volvo,S90 B6 AWD,2023,petrol,2.0,9.0
Volvo,S90 B6 AWD,2024,petrol,2.0,9.2
Volvo,S90 B6 AWD,2025,petrol,2.0,9.2
Volvo,S90 T5,2017,petrol,2.0,8.7
Volvo,S90 T5 AWD,2018,petrol,2.0,8.8
Volvo,S90 T5 AWD,2019,petrol,2.0,9.2
Volvo,S90 T6 AWD,2017,petrol,2.0,9.4
Volvo,S90 T6 AWD,2018,petrol,2.0,9.3
Volvo,S90 T6 AWD,2019,petrol,2.0,9.4
Volvo,S90 T6 AWD,2020,petrol,2.0,9.6
Volvo,S90 T6 AWD,2021,petrol,2.0,9.6
Volvo,S90 T8 AWD,2018,hybrid,2.0,8.1
Volvo,S90 T8 AWD,2019,hybrid,2.0,8.1
Volvo,S90 T8 AWD,2020,hybrid,2.0,7.9
Volvo,S90 T8 AWD,2021,hybrid,2.0,7.9
Volvo,S90 T8 AWD,2025,hybrid,2.0,8.1
Volvo,S90 T8 AWD Recharge,2022,hybrid,2.0,7.9
Volvo,S90 T8 AWD Recharge,2023,hybrid,2.0,8.1
Volvo,S90 T8 AWD Recharge,2024,hybrid,2.0,8.1
Volvo,S90 T8 AWD Recharge Extended Range,2022,hybrid,2.0,8.1
Volvo,V50,2005,petrol,2.4,9.3
Volvo,V50 2.4,2008,petrol,2.4,8.9
Volvo,V50 2.4i,2007,petrol,2.4,9.15
Volvo,V50 2.4i,2009,petrol,2.4,9.0
Volvo,V50 2.4i,2010,petrol,2.4,8.9
Volvo,V50 2.4i Wagon,2006,petrol,2.4,9.3
Volvo,V50 2.5T AWD Turbo,2005,petrol,2.5,10.4
Volvo,V50 2.5T Turbo,2005,petrol,2.5,9.25
Volvo,V50 T5,2008,petrol,2.5,9.2
Volvo,V50 T5,2010,petrol,2.5,8.7
Volvo,V50 T5,2011,petrol,2.5,8.6
Volvo,V50 T5 AWD,2008,petrol,2.5,10.0
Volvo,V50 T5 AWD,2010,petrol,2.5,9.4
Volvo,V50 T5 AWD Turbo,2007,petrol,2.5,10.1
Volvo,V50 T5 AWD Turbo,2009,petrol,2.5,10.0
Volvo,V50 T5 AWD Wagon Turbo,2006,petrol,2.5,10.25
Volvo,V50 T5 Turbo,2007,petrol,2.5,9.4
Volvo,V50 T5 Turbo,2009,petrol,2.5,9.05
Volvo,V50 T5 Wagon Turbo,2006,petrol,2.5,9.05
Volvo,V60 3.0T AWD,2016,petrol,3.0,11.2
Volvo,V60 B6 AWD,2023,petrol,2.0,9.1
Volvo,V60 CC,2015,petrol,2.0,8.8
Volvo,V60 CC AWD,2015,petrol,2.5,10.3
Volvo,V60 CC B5 AWD,2023,petrol,2.0,9.0
Volvo,V60 CC B5 AWD,2024,petrol,2.0,8.9
Volvo,V60 CC B5 AWD,2025,petrol,2.0,8.7
Volvo,V60 CC B5 AWD,2026,petrol,2.0,8.9
Volvo,V60 CC T5 AWD,2016,petrol,2.5,10.3
Volvo,V60 CC T5 AWD,2017,petrol,2.0,9.4
Volvo,V60 CC T5 AWD,2018,petrol,2.0,9.4
Volvo,V60 CC T5 AWD,2019,petrol,2.0,9.3
Volvo,V60 CC T5 AWD,2020,petrol,2.0,9.4
Volvo,V60 CC T5 AWD,2021,petrol,2.0,9.4
Volvo,V60 CC T5 AWD,2022,petrol,2.0,9.5
Volvo,V60 Polestar,2016,petrol,3.0,11.2
Volvo,V60 Polestar,2017,petrol,2.0,10.3
Volvo,V60 Polestar,2018,petrol,2.0,10.3
Volvo,V60 Polestar AWD,2015,petrol,3.0,11.0
Volvo,V60 T5,2015,petrol,2.0,8.4
Volvo,V60 T5,2016,petrol,2.0,8.3
Volvo,V60 T5,2017,petrol,2.0,8.4
Volvo,V60 T5,2019,petrol,2.0,8.4
Volvo,V60 T5,2020,petrol,2.0,8.9
Volvo,V60 T5,2021,petrol,2.0,8.6
Volvo,V60 T5 AWD,2015,petrol,2.5,10.1
Volvo,V60 T5 AWD,2016,petrol,2.5,10.1
Volvo,V60 T5 AWD,2017,petrol,2.0,9.4
Volvo,V60 T5 AWD,2018,petrol,2.0,9.7
Volvo,V60 T6 AWD,2015,petrol,3.0,11.2
Volvo,V60 T6 AWD,2016,petrol,2.0,9.9
Volvo,V60 T6 AWD,2017,petrol,2.0,9.5
Volvo,V60 T6 AWD,2018,petrol,2.0,9.4
Volvo,V60 T6 AWD,2019,petrol,2.0,9.4
Volvo,V60 T6 AWD,2020,petrol,2.0,9.4
Volvo,V60 T6 AWD,2021,petrol,2.0,9.6
Volvo,V60 T6 AWD,2022,petrol,2.0,9.6
Volvo,V60 T8 AWD,2020,hybrid,2.0,7.8
Volvo,V60 T8 AWD,2021,hybrid,2.0,7.8
Volvo,V60 T8 AWD,2025,hybrid,2.0,7.6
Volvo,V60 T8 AWD Recharge,2022,hybrid,2.0,7.8
Volvo,V60 T8 AWD Recharge,2023,hybrid,2.0,7.6
Volvo,V60 T8 AWD Recharge,2024,hybrid,2.0,7.6
Volvo,V60 T8 AWD Recharge Extended Range,2022,hybrid,2.0,7.6
Volvo,V70,2005,petrol,2.4,9.5
Volvo,V70 2.4,2007,petrol,2.4,9.45
Volvo,V70 2.4 Wagon,2006,petrol,2.4,9.4
Volvo,V70 2.4T Turbo,2005,petrol,2.4,10.35
Volvo,V70 2.5T AWD Turbo,2005,petrol,2.5,10.5
Volvo,V70 2.5T AWD Turbo,2007,petrol,2.5,10.0
Volvo,V70 2.5T AWD Wagon Turbo,2006,petrol,2.5,10.15
Volvo,V70 2.5T Turbo,2005,petrol,2.5,9.5
Volvo,V70 2.5T Turbo,2007,petrol,2.5,9.8
Volvo,V70 2.5T Wagon Turbo,2006,petrol,2.5,9.5
Volvo,V70 3.2,2008,petrol,3.2,11.1
Volvo,V70 3.2,2009,petrol,3.2,10.5
Volvo,V70 3.2,2010,petrol,3.2,10.1
Volvo,V70 R AWD Turbo,2005,petrol,2.5,11.15
Volvo,V70 R AWD Turbo,2007,petrol,2.5,11.25
Volvo,V70 R AWD Wagon Turbo,2006,petrol,2.5,11.1
Volvo,V70 T5 Turbo,2007,petrol,2.4,10.1
Volvo,V70 T5 Wagon Turbo,2006,petrol,2.4,10.1
Volvo,V90 CC B6 AWD,2022,petrol,2.0,9.5
Volvo,V90 CC B6 AWD,2023,petrol,2.0,9.7
Volvo,V90 CC B6 AWD,2024,petrol,2.0,9.5
Volvo,V90 CC B6 AWD,2025,petrol,2.0,9.5
Volvo,V90 CC B6 AWD,2026,petrol,2.0,9.3
Volvo,V90 CC T5 AWD,2018,petrol,2.0,9.2
Volvo,V90 CC T6 AWD,2017,petrol,2.0,9.4
Volvo,V90 CC T6 AWD,2018,petrol,2.0,9.6
Volvo,V90 CC T6 AWD,2019,petrol,2.0,10.0
Volvo,V90 T5,2017,petrol,2.0,8.7
Volvo,V90 T6 AWD,2017,petrol,2.0,9.4
Volvo,V90 T6 AWD,2018,petrol,2.0,9.3
Volvo,V90 T6 AWD,2019,petrol,2.0,9.4
Volvo,XC40 B4 AWD,2023,petrol,2.0,8.9
Volvo,XC40 B5 AWD,2023,petrol,2.0,9.2
Volvo,XC40 B5 AWD,2024,petrol,2.0,9.0
Volvo,XC40 B5 AWD,2025,petrol,2.0,9.1
Volvo,XC40 B5 AWD,2026,petrol,2.0,9.1
Volvo,XC40 Recharge,2021,electric,,26.6
Volvo,XC40 Recharge,2024,electric,,19.7
Volvo,XC40 Recharge Twin,2022,electric,,24.5
Volvo,XC40 Recharge Twin,2023,electric,,24.5
Volvo,XC40 Recharge Twin,2024,electric,,21.4
Volvo,XC40 T4,2020,petrol,2.0,8.8
Volvo,XC40 T4 AWD,2020,petrol,2.0,9.0
Volvo,XC40 T4 AWD,2021,petrol,2.0,9.3
Volvo,XC40 T4 AWD,2022,petrol,2.0,9.3
Volvo,XC40 T5 AWD,2019,petrol,2.0,9.0
Volvo,XC40 T5 AWD,2020,petrol,2.0,9.4
Volvo,XC40 T5 AWD,2021,petrol,2.0,9.4
Volvo,XC40 T5 AWD,2022,petrol,2.0,9.4
Volvo,XC60,2013,petrol,3.2,9.7
Volvo,XC60,2014,petrol,3.2,9.7
Volvo,XC60 3.0T AWD,2016,petrol,3.0,12.0
Volvo,XC60 3.2,2010,petrol,3.2,10.1
Volvo,XC60 3.2,2011,petrol,3.2,9.9
Volvo,XC60 3.2,2012,petrol,3.2,9.7
Volvo,XC60 3.2 AWD,2010,petrol,3.2,11.6
Volvo,XC60 3.2 AWD,2011,petrol,3.2,10.1
Volvo,XC60 3.2 AWD,2012,petrol,3.2,10.0
Volvo,XC60 3.2 AWD,2015,petrol,3.2,11.5
Volvo,XC60 AWD,2013,petrol,3.0,10.4
Volvo,XC60 AWD,2013,petrol,3.2,10.0
Volvo,XC60 AWD,2014,petrol,3.0,10.3
Volvo,XC60 AWD,2014,petrol,3.2,10.0
Volvo,XC60 B5 AWD,2022,petrol,2.0,9.4
Volvo,XC60 B5 AWD,2023,petrol,2.0,9.4
Volvo,XC60 B5 AWD,2024,petrol,2.0,9.6
Volvo,XC60 B5 AWD,2025,petrol,2.0,9.0
Volvo,XC60 B5 AWD,2026,petrol,2.0,9.0
Volvo,XC60 B6 AWD,2022,petrol,2.0,9.9
Volvo,XC60 B6 AWD,2023,petrol,2.0,10.0
Volvo,XC60 T5,2015,petrol,2.0,8.8
Volvo,XC60 T5,2016,petrol,2.0,9.1
Volvo,XC60 T5,2017,petrol,2.0,9.2
Volvo,XC60 T5 AWD,2015,petrol,2.5,11.4
Volvo,XC60 T5 AWD,2016,petrol,2.5,11.0
Volvo,XC60 T5 AWD,2017,petrol,2.0,10.0
Volvo,XC60 T5 AWD,2018,petrol,2.0,9.8
Volvo,XC60 T5 AWD,2019,petrol,2.0,10.0
Volvo,XC60 T5 AWD,2020,petrol,2.0,9.9
Volvo,XC60 T5 AWD,2021,petrol,2.0,9.9
Volvo,XC60 T6,2015,petrol,2.0,9.4
Volvo,XC60 T6,2016,petrol,2.0,9.7
Volvo,XC60 T6 AWD,2010,petrol,3.0,11.2
Volvo,XC60 T6 AWD,2011,petrol,3.0,10.9
Volvo,XC60 T6 AWD,2012,petrol,3.0,10.5
Volvo,XC60 T6 AWD,2015,petrol,3.0,11.9
Volvo,XC60 T6 AWD,2016,petrol,2.0,10.6
Volvo,XC60 T6 AWD,2017,petrol,2.0,10.4
Volvo,XC60 T6 AWD,2018,petrol,2.0,10.2
Volvo,XC60 T6 AWD,2019,petrol,2.0,10.4
Volvo,XC60 T6 AWD,2020,petrol,2.0,10.3
Volvo,XC60 T6 AWD,2021,petrol,2.0,10.3
Volvo,XC60 T8 AWD,2018,hybrid,2.0,9.4
Volvo,XC60 T8 AWD,2019,hybrid,2.0,9.0
Volvo,XC60 T8 AWD,2020,hybrid,2.0,9.1
Volvo,XC60 T8 AWD,2021,hybrid,2.0,9.3
Volvo,XC60 T8 AWD,2025,hybrid,2.0,8.5
Volvo,XC60 T8 AWD,2026,hybrid,2.0,8.5
Volvo,XC60 T8 AWD Recharge,2022,hybrid,2.0,9.3
Volvo,XC60 T8 AWD Recharge,2023,hybrid,2.0,8.5
Volvo,XC60 T8 AWD Recharge,2024,hybrid,2.0,8.5
Volvo,XC60 T8 AWD Recharge Extended Range,2022,hybrid,2.0,8.5
Volvo,XC70 3.2,2012,petrol,3.2,9.7
Volvo,XC70 3.2 AWD,2008,petrol,3.2,12.0
Volvo,XC70 3.2 AWD,2009,petrol,3.2,11.5
Volvo,XC70 3.2 AWD,2010,petrol,3.2,11.6
Volvo,XC70 3.2 AWD,2011,petrol,3.2,10.1
Volvo,XC70 3.2 AWD,2012,petrol,3.2,10.0
Volvo,XC70 3.2 AWD,2015,petrol,3.2,11.3
Volvo,XC70 AWD,2013,petrol,3.0,10.4
Volvo,XC70 AWD,2013,petrol,3.2,9.9
Volvo,XC70 AWD,2014,petrol,3.0,10.3
Volvo,XC70 AWD,2014,petrol,3.2,9.8
Volvo,XC70 AWD Turbo,2005,petrol,2.5,11.1
Volvo,XC70 AWD Turbo,2006,petrol,2.5,10.6
Volvo,XC70 AWD Turbo,2007,petrol,2.5,11.0
Volvo,XC70 T5,2015,petrol,2.0,8.8
Volvo,XC70 T5,2016,petrol,2.0,9.1
Volvo,XC70 T5 AWD,2016,petrol,2.5,11.0
Volvo,XC70 T6 AWD,2010,petrol,3.0,11.2
Volvo,XC70 T6 AWD,2011,petrol,3.0,10.9
Volvo,XC70 T6 AWD,2012,petrol,3.0,10.5
Volvo,XC70 T6 AWD,2015,petrol,3.0,11.9
Volvo,XC70 T6 AWD Turbo,2009,petrol,3.0,11.6
Volvo,XC90 2.5T AWD Turbo,2005,petrol,2.5,12.1
Volvo,XC90 2.5T AWD Turbo,2006,petrol,2.5,12.0
Volvo,XC90 2.5T AWD Turbo,2007,petrol,2.5,12.0
Volvo,XC90 2.5T Turbo,2005,petrol,2.5,11.6
Volvo,XC90 2.5T Turbo,2006,petrol,2.5,11.7
Volvo,XC90 2.5T Turbo,2007,petrol,2.5,11.7
Volvo,XC90 3.2,2007,petrol,3.2,12.0
Volvo,XC90 3.2,2008,petrol,3.2,12.7
Volvo,XC90 3.2,2009,petrol,3.2,12.5
Volvo,XC90 3.2,2010,petrol,3.2,11.9
Volvo,XC90 3.2,2011,petrol,3.2,11.3
Volvo,XC90 3.2,2012,petrol,3.2,11.0
Volvo,XC90 3.2 AWD,2007,petrol,3.2,12.5
Volvo,XC90 3.2 AWD,2008,petrol,3.2,12.9
Volvo,XC90 3.2 AWD,2009,petrol,3.2,12.7
Volvo,XC90 3.2 AWD,2010,petrol,3.2,11.8
Volvo,XC90 3.2 AWD,2011,petrol,3.2,11.5
Volvo,XC90 3.2 AWD,2012,petrol,3.2,11.2
Volvo,XC90 AWD,2013,petrol,3.2,11.2
Volvo,XC90 AWD,2014,petrol,3.2,11.2
Volvo,XC90 B5 AWD,2023,petrol,2.0,9.6
Volvo,XC90 B6 AWD,2023,petrol,2.0,10.6
Volvo,XC90 B6 AWD,2024,petrol,2.0,9.8
Volvo,XC90 B6 AWD,2025,petrol,2.0,10.4
Volvo,XC90 B6 AWD,2026,petrol,2.0,10.4
Volvo,XC90 T5,2016,petrol,2.0,10.0
Volvo,XC90 T5,2017,petrol,2.0,10.0
Volvo,XC90 T5 AWD,2016,petrol,2.0,10.2
Volvo,XC90 T5 AWD,2017,petrol,2.0,10.2
Volvo,XC90 T5 AWD,2018,petrol,2.0,9.7
Volvo,XC90 T5 AWD,2019,petrol,2.0,10.0
Volvo,XC90 T5 AWD,2020,petrol,2.0,9.9
Volvo,XC90 T5 AWD,2021,petrol,2.0,10.1
Volvo,XC90 T5 AWD,2022,petrol,2.0,10.1
Volvo,XC90 T6 AWD,2016,petrol,2.0,10.6
Volvo,XC90 T6 AWD,2017,petrol,2.0,10.6
Volvo,XC90 T6 AWD,2018,petrol,2.0,10.3
Volvo,XC90 T6 AWD,2019,petrol,2.0,10.7
Volvo,XC90 T6 AWD,2020,petrol,2.0,10.7
Volvo,XC90 T6 AWD,2021,petrol,2.0,10.5
Volvo,XC90 T6 AWD,2022,petrol,2.0,10.8
Volvo,XC90 T6 AWD Turbo,2005,petrol,2.9,13.3
Volvo,XC90 T8 AWD,2016,hybrid,2.0,9.5
Volvo,XC90 T8 AWD,2017,hybrid,2.0,9.5
Volvo,XC90 T8 AWD,2018,hybrid,2.0,9.2
Volvo,XC90 T8 AWD,2019,hybrid,2.0,9.3
Volvo,XC90 T8 AWD,2020,hybrid,2.0,8.8
Volvo,XC90 T8 AWD,2021,hybrid,2.0,8.8
Volvo,XC90 T8 AWD,2025,hybrid,2.0,8.9
Volvo,XC90 T8 AWD,2026,hybrid,2.0,8.9
Volvo,XC90 T8 AWD Recharge,2022,hybrid,2.0,8.8
Volvo,XC90 T8 AWD Recharge,2023,hybrid,2.0,8.9
Volvo,XC90 T8 AWD Recharge,2024,hybrid,2.0,8.9
Volvo,XC90 T8 AWD Recharge Extended Range,2022,hybrid,2.0,8.9
Volvo,XC90 V8 AWD,2006,petrol,4.4,13.5
Volvo,XC90 V8 AWD,2007,petrol,4.4,13.7
Volvo,XC90 V8 AWD,2008,petrol,4.4,13.7
Volvo,XC90 V8 AWD,2009,petrol,4.4,13.7
Volvo,XC90 V8 AWD,2010,petrol,4.4,13.7
Volvo,XC90 V8 AWD,2011,petrol,4.4,13.1
smart,fortwo,2009,petrol,1.0,5.4
smart,fortwo CDI,2005,diesel,0.8,4.2
smart,fortwo CDI,2006,diesel,0.8,4.2
smart,fortwo CDI cabriolet,2006,diesel,0.8,4.2
smart,fortwo cabriolet,2009,petrol,1.0,5.4
smart,fortwo cabriolet,2010,petrol,1.0,5.4
smart,fortwo cabriolet,2011,petrol,1.0,5.4
smart,fortwo cabriolet,2012,petrol,1.0,5.3
smart,fortwo cabriolet,2013,petrol,1.0,5.3
smart,fortwo cabriolet,2014,petrol,1.0,5.3
smart,fortwo cabriolet,2015,petrol,1.0,6.5
smart,fortwo cabriolet,2016,petrol,0.9,6.9
smart,fortwo cabriolet,2017,petrol,0.9,6.7
smart,fortwo cabriolet,2019,electric,,20.7
smart,fortwo convertible,2008,petrol,1.0,5.4
smart,fortwo coupe,2008,petrol,1.0,5.4
smart,fortwo coupe,2010,petrol,1.0,5.4
smart,fortwo coupe,2011,petrol,1.0,5.4
smart,fortwo coupe,2012,petrol,1.0,5.3
smart,fortwo coupe,2013,petrol,1.0,5.3
smart,fortwo coupe,2014,petrol,1.0,5.3
smart,fortwo coupe,2015,petrol,1.0,6.5
smart,fortwo coupe,2016,petrol,0.9,6.9
smart,fortwo coupe,2019,electric,,19.3
smart,fortwo electric drive cabriolet,2013,electric,,19.6
smart,fortwo electric drive cabriolet,2014,electric,,19.6
smart,fortwo electric drive cabriolet,2015,electric,,19.6
smart,fortwo electric drive cabriolet,2016,electric,,19.6
smart,fortwo electric drive cabriolet,2018,electric,,20.7
smart,fortwo electric drive coupe,2013,electric,,19.6
smart,fortwo electric drive coupe,2014,electric,,19.6
smart,fortwo electric drive coupe,2015,electric,,19.6
smart,fortwo electric drive coupe,2016,electric,,19.6
smart,fortwo electric drive coupe,2018,electric,,19.3
